ID,smiles,Source,ChEMBL ID,PubChem CID,pIC50,USED_AS,label
CFMYXEVWODSLAX-IXUBDLNJSA-N,NC1=N[C@H](O)C2C3OC4(O)O[C@@H]([C@@H](O)C2(N1)[C@@H]4O)[C@]3(O)CO,PubChem,,16220031,8.721246399,Train,1
XFWKBJBSEOZBRA-UHFFFAOYSA-N,O=S(=O)(Nc1nccs1)c1cc(Cl)c(NCC23CCCN2CCC3)cc1F,ChEMBL,CHEMBL4061793,,8.657577319,Train,1
DEYOMPPOEBPYPT-UHFFFAOYSA-N,O=C(NS(=O)(=O)N1CCOCC1)c1cc(C2CC2)c(OCC23CC4CC(CC(C4)C2)C3)cc1F,ChEMBL,CHEMBL3657939,,7.853871964,Train,1
KPHLEZXDKXIWFG-UHFFFAOYSA-N,O=C(Nc1cccc(C(F)(F)F)c1-c1ccccn1)c1cccc(-c2ncccc2OC(F)F)c1,PubChem,,137651969,7.744727495,Train,1
SFDBYELGYJKPAZ-UHFFFAOYSA-N,Fc1ccccc1Cn1ccc2c(OC3CCN(Cc4cscn4)CC3)ncnc21,ChEMBL,CHEMBL2012259,,7.698970004,Train,1
PNUXVRFTINUPJH-UHFFFAOYSA-N,Fc1cccc(Cn2ccc3c(OC4CCN(Cc5ccccn5)CC4)ncnc32)c1F,ChEMBL,CHEMBL2012299,,7.698970004,Train,1
GHTDSDKXPCEXRT-UHFFFAOYSA-N,O=C(NS(=O)(=O)NCCCO)c1cc(C2CC2)c(OCC23CC4CC(CC(C4)C2)C3)cc1F,PubChem,,86702910,7.657577319,Train,1
VENWKQHIOIEAII-UHFFFAOYSA-N,O=C(NS(=O)(=O)C1CC1)c1cc(C2CC2)c(OCC23CC4CC(CC(C4)C2)C3)cc1F,PubChem,,72546154,7.585026652,Train,1
NEGWWOJFNIDTET-UHFFFAOYSA-N,Cn1nccc1-c1cc(C(F)(F)F)ccc1-c1cccc2cc(S(=O)(=O)Nc3ncns3)ccc12,ChEMBL,CHEMBL3677849,,7.522878745,Train,1
JAUQXVXTUFWMRU-UHFFFAOYSA-N,Fc1cn(Cc2ccccc2)c2ncnc(OC3CCN(Cc4cscn4)CC3)c12,ChEMBL,CHEMBL2012180,,7.522878745,Train,1
ZECJEHQTOHGKFP-UHFFFAOYSA-N,Fc1ccccc1Cn1ccc2c(OC3CCN(Cc4ccccn4)CC3)ncnc21,PubChem,,70693673,7.522878745,Train,1
IRQCHFVTFWRVCS-UHFFFAOYSA-N,O=S1(=O)CCC(CCNc2cc(F)c(S(=O)(=O)Nc3nccs3)cc2Cl)CC1,PubChem,,134477081,7.431798276,Train,1
KGXDTVHRHKTTQK-UHFFFAOYSA-N,Fc1cccc(F)c1Cn1ccc2c(OC3CCN(Cc4cscn4)CC3)ncnc21,ChEMBL,CHEMBL2012274,,7.397940009,Train,1
WDDGGSNPHYNGMF-UHFFFAOYSA-N,O=C(NS(=O)(=O)N1CCC1)c1cc(C2CC2)c(OCC2CCCCC2)cc1F,ChEMBL,CHEMBL3662238,,7.397940009,Train,1
HAYGNNHVUSBUBN-UHFFFAOYSA-N,Fc1c(Cn2ccc3c(OC4CCN(Cc5cscn5)CC4)ncnc32)cccc1C(F)(F)F,ChEMBL,CHEMBL2012273,,7.397940009,Train,1
INMXDYHKDXGDPC-UHFFFAOYSA-N,Cc1ccnc(CN2CCC(Oc3ncnc4c3ccn4Cc3ccccc3)CC2)c1,ChEMBL,CHEMBL2012292,,7.397940009,Train,1
VNNYSEDDLCBJFP-UHFFFAOYSA-N,Fc1c(Cl)cccc1Cn1ccc2c(OC3CCN(Cc4cscn4)CC3)ncnc21,ChEMBL,CHEMBL2012272,,7.301029996,Train,1
MIOOLADVEXMJRX-UHFFFAOYSA-N,Cc1cn(Cc2ccccc2)c2ncnc(OC3CCN(Cc4cscn4)CC3)c12,PubChem,,70683178,7.301029996,Validation,1
PTCBNPULJWGSML-UHFFFAOYSA-N,O=C(NS(=O)(=O)N1CCC1)c1cc(C2CC2)c(OCC23CC4CC(CC(C4)C2)C3)cc1F,ChEMBL,CHEMBL3657855,,7.298863934,Train,1
FJTKXDBMWYADJX-UHFFFAOYSA-N,O=C1CCCC(CNc2cc(F)c(S(=O)(=O)Nc3nccs3)cc2Cl)C1,PubChem,,137657424,7.283996656,Train,1
YVUQSNJEYSNKRX-UHFFFAOYSA-N,O=c1[nH]c2ccccc2n1C1CCN(CCCC(c2ccc(F)cc2)c2ccc(F)cc2)CC1,PubChem,,16362,7.26760624,Validation,1
ACRMMCGSOUYBCS-UHFFFAOYSA-N,C[Si](C)(C)c1ccc(-c2ccc3nnc(C(F)(F)F)n3c2)cc1,ChEMBL,CHEMBL3810248,,7.229147988,Train,1
BJWJWHANJDRZGO-UHFFFAOYSA-N,Cc1cccc(Cn2ccc3c(OC4CCN(Cc5cscn5)CC4)ncnc32)c1,ChEMBL,CHEMBL2012266,,7.22184875,Train,1
NSBIALIUYQEBEH-UHFFFAOYSA-N,Cc1ccc(CN2CCC(Oc3ncnc4c3ccn4Cc3ccccc3)CC2)nc1,ChEMBL,CHEMBL2012291,,7.22184875,Train,1
MRGAEPZPKCBOGL-UHFFFAOYSA-N,O=C(NS(=O)(=O)N1CC(O)C1)c1cc(C2CC2)c(OCC23CC4CC(CC(C4)C2)C3)cc1F,ChEMBL,CHEMBL3657838,,7.217527376,Train,1
NGNSDMCZYBVHJY-UHFFFAOYSA-N,Fc1cccc(Cn2ccc3c(OC4CCN(Cc5cscn5)CC4)ncnc32)c1F,PubChem,,70695782,7.15490196,Validation,1
FBZQUICLUFAFPQ-UHFFFAOYSA-N,O=S(=O)(Nc1nccs1)c1cc(Cl)c(NCC2COCCO2)cc1F,PubChem,,134477051,7.13076828,Train,1
CUKXCYUCHNHBBC-SNVBAGLBSA-N,O=S(=O)(Nc1nccs1)c1cc(Cl)c(NC[C@H]2CCCOC2)cc1F,PubChem,,137638993,7.119186408,Train,1
ILRYYTDUGVPGAN-FOIQADDNSA-N,O=S(=O)(Nc1nccs1)c1cc(Cl)c(NC[C@H]2CCCO[C@@H]2c2ccccc2)cc1F,PubChem,,137661956,7.113509275,Train,1
KIUVANHMCMVTAT-UHFFFAOYSA-N,Clc1cn(Cc2ccccc2)c2ncnc(OC3CCN(Cc4cscn4)CC3)c12,ChEMBL,CHEMBL2012181,,7.096910013,Train,1
PFHPPXLJMQLSRQ-UHFFFAOYSA-N,Cc1nc(CN2CCC(Oc3ncnc4c3ccn4Cc3ccccc3)CC2)cs1,ChEMBL,CHEMBL2012285,,7.096910013,Train,1
ORHZOFKXBXVQCM-UHFFFAOYSA-N,Fc1c(Cl)cccc1Cn1ccc2c(OC3CCN(Cc4ccccn4)CC3)ncnc21,PubChem,,70693674,7.096910013,Train,1
XOAUGYVLRSCGBG-ZJDFQAAZSA-N,CSCC[C@@H]1NC(=O)CNC(=O)[C@H](CCC(=O)O)NC(=O)[C@@H]2CSSC[C@H](NC(=O)[C@@H](N)Cc3ccc(O)cc3)C(=O)N[C@@H](CCC(N)=O)C(=O)N[C@@H](CCCCN)C(=O)N[C@@H](Cc3c[nH]c4ccccc34)C(=O)N[C@@H](CCSC)C(=O)N[C@@H](Cc3c[nH]c4ccccc34)C(=O)N[C@@H]([C@@H](C)O)C(=O)N[C@H]3CSSC[C@H](NC(=O)[C@H](C(C)C)NC1=O)C(=O)N[C@@H](CCCNC(=N)N)C(=O)N[C@@H](CC(C)C)C(=O)N[C@@H](Cc1c[nH]c4ccccc14)C(=O)N[C@H](C(=O)N[C@@H](CCCCN)C(=O)N[C@@H](CCCCN)C(=O)N[C@@H](CCCCN)C(=O)N[C@@H](CC(C)C)C(=O)N[C@@H](Cc1c[nH]c4ccccc14)C(=O)O)CSSC[C@H](NC(=O)[C@H](CCCCN)NC(=O)[C@H](CCCNC(=N)N)NC(=O)[C@H](CCC(=O)O)NC(=O)[C@H](CO)NC(=O)[C@H](CC(=O)O)NC3=O)C(=O)N2,ChEMBL,CHEMBL3318132,,7.073143291,Train,1
OFMOIJVBLHFGHB-UHFFFAOYSA-N,O=C(NS(=O)(=O)N1CCC1)c1cc(C2CC2)c(OCC2(C(F)(F)F)CCCC2)cc1F,ChEMBL,CHEMBL3662081,,7.045757491,Train,1
WOOZKYJTHJWUFV-UHFFFAOYSA-N,Cc1cccc(CN2CCC(Oc3ncnc4c3ccn4Cc3ccccc3)CC2)n1,PubChem,,70695784,7.045757491,Train,1
XKWUOIWEHZPVIB-UHFFFAOYSA-N,Fc1cccnc1CN1CCC(Oc2ncnc3c2ccn3Cc2ccccc2)CC1,PubChem,,70683188,7.045757491,Train,1
IIBVIRHVUVVPBQ-UHFFFAOYSA-N,CON=C1CCC(CNc2cc(F)c(S(=O)(=O)Nc3nccs3)cc2Cl)CC1,PubChem,,137659806,7.026872146,Train,1
HJTNQQWICWEECK-UHFFFAOYSA-N,CC(C)(C)c1ccc(-c2ccc(C(=O)N3CCN(C4CCCCC4)CC3)o2)cc1,PubChem,,24857856,7,Train,1
AADZPNRBAZVGNN-UHFFFAOYSA-N,COCCS(=O)(=O)NC(=O)c1cc(C2CC2)c(OCC23CC4CC(CC(C4)C2)C3)cc1F,ChEMBL,CHEMBL3657840,,6.995678626,Train,1
XWMXOCYELLGRQF-UHFFFAOYSA-N,O=S(=O)(Nc1nccs1)c1cc(Cl)c(NCC23CCOC2OCC3)cc1F,PubChem,,134477076,6.966576245,Train,1
APNKIFBEFRZJNR-UHFFFAOYSA-N,Fc1ccc(CN2CCC(Oc3ncnc4c3ccn4Cc3ccccc3)CC2)nc1,ChEMBL,CHEMBL2012295,,6.958607315,Train,1
JZGNUJUVVQHLMQ-UHFFFAOYSA-N,Clc1ccccc1Cn1ccc2c(OC3CCN(Cc4cscn4)CC3)ncnc21,PubChem,,70685265,6.958607315,Validation,1
IMUKSSQOUCDNFP-JWDGYQHVSA-N,O=C(NS(=O)(=O)N1CC[C@H](O)C1)c1cc(C2CC2)c(OCC23CC4CC(CC(C4)C2)C3)cc1F,PubChem,,72546153,6.958607315,Train,1
FPERPEQIXLOVIK-UHFFFAOYSA-N,O=S(=O)(Nc1nnc2cc(OCC34CC5CC(CC(C5)C3)C4)c(C3CC3)cn12)C1CC1,PubChem,,91666633,6.958607315,Validation,1
RCPKTZHXPBTTTM-UHFFFAOYSA-N,COc1ccc2c(c1)NC1(CCN(C(=O)c3ccc(OC)c(N4CCCC4)c3)CC1)c1cccn1-2,PubChem,,118714782,6.928117993,Train,1
AKEOVDDAHTWBGN-UHFFFAOYSA-N,Cc1c(C)n(Cc2ccccc2)c2ncnc(OC3CCN(Cc4cscn4)CC3)c12,ChEMBL,CHEMBL2012178,,6.920818754,Train,1
UMLBPTKZCLVUIO-UHFFFAOYSA-N,FC(F)(F)c1ccccc1Cn1ccc2c(OC3CCN(Cc4cscn4)CC3)ncnc21,PubChem,,70681063,6.920818754,Train,1
WPCMGHHEOJLHRM-UHFFFAOYSA-N,O=S(=O)(Nc1nccs1)c1cc(Cl)c(NCCC2CCOCC2)cc1F,PubChem,,134477137,6.920818754,Train,1
DXDBYFBPUJZHDW-UHFFFAOYSA-N,Cc1cc(OC(F)(F)F)ccc1-c1ccc2nnc(C(F)(F)F)n2c1,ChEMBL,CHEMBL3809360,,6.910094889,Train,1
NIUMYXYWSPDBFW-HXUWFJFHSA-N,O=S(=O)(Nc1nccs1)c1ccc2c(c1)OCC[C@@H]2c1ccc(C(F)(F)F)cc1-c1ccc(F)cc1,ChEMBL,CHEMBL4636838,,6.906578315,Validation,1
CXCZBWCPIJUCFH-UHFFFAOYSA-N,O=S(=O)(Nc1nccs1)c1cc(Cl)c(NCC2CCOCC2)cc1F,PubChem,,134477213,6.896196279,Train,1
FNDAXQFHRLFJSB-UHFFFAOYSA-N,O=S(=O)(Nc1nccs1)c1cc(Cl)c(NCCCC2CCOC2)cc1F,PubChem,,134477183,6.891096872,Train,1
UNPJOXGIHJVJQC-UHFFFAOYSA-N,O=C(NS(=O)(=O)N1CCC1)c1cc(C2CC2)c(OCC2C3CC4CC(C3)CC2C4)cc1F,ChEMBL,CHEMBL3657972,,6.886056648,Train,1
WTQGKPCUKPVRSK-UHFFFAOYSA-N,CC1(C)C(=O)N(Cc2ccccc2)c2ncnc(OC3CCN(Cc4cscn4)CC3)c21,ChEMBL,CHEMBL2012250,,6.886056648,Train,1
ADMLHCZRKYFTCM-UHFFFAOYSA-N,O=C(NS(=O)(=O)C1CC1)c1cc(C2CC2)c(OCC23CC4CC(C2)C(F)(F)C(C4)C3)cc1F,ChEMBL,CHEMBL3662090,,6.886056648,Train,1
GQJOVRAJLZZUTH-UHFFFAOYSA-N,Cc1ccccc1Cn1ccc2c(OC3CCN(Cc4cscn4)CC3)ncnc21,ChEMBL,CHEMBL2012265,,6.853871964,Train,1
QBWNJYLTWMVCJV-UHFFFAOYSA-N,COc1cc(-c2cccc(F)c2)c(Cl)cc1-c1c(N)nnc2cc(S(=O)(=O)Nc3ccon3)ccc12,ChEMBL,CHEMBL4090259,,6.853871964,Train,1
DSSSTXWTCIBGSG-UHFFFAOYSA-N,COCCS(=O)(=O)NC(=O)c1cc(C2CC2)c(OCC2CCCCC2)cc1F,PubChem,,86703491,6.853871964,Train,1
JDJPOKWOABXJKL-UHFFFAOYSA-N,COC1CN(S(=O)(=O)NC(=O)c2cc(C3CC3)c(OCC34CC5CC(CC(C5)C3)C4)cc2F)C1,PubChem,,90016435,6.841637508,Validation,1
TZUOZTCIJCIQGB-UHFFFAOYSA-N,Cc1cccnc1CN1CCC(Oc2ncnc3c2ccn3Cc2ccccc2)CC1,ChEMBL,CHEMBL2012293,,6.823908741,Train,1
OCJNALOVLBONTF-UHFFFAOYSA-N,O=C1CCC(CNc2cc(F)c(S(=O)(=O)Nc3nccs3)cc2Cl)CC1,PubChem,,134477268,6.823908741,Train,1
IGVXQZZYKDNDIF-WDEREUQCSA-N,O=S(=O)(Nc1nccs1)c1cc(Cl)c(NC[C@H]2CCC[C@@H](O)C2)cc1F,ChEMBL,CHEMBL4094879,,6.821023053,Train,1
DKYUUKRMMHLYCZ-GOSISDBHSA-N,O=S(=O)(Nc1nccs1)c1ccc2c(c1)OCC[C@@H]2c1ccc(C(F)(F)F)cc1-c1ccc(F)nc1,ChEMBL,CHEMBL4634421,,6.812479279,Validation,1
MAOFMAFTHDKOCO-PXAZEXFGSA-N,CC(C)(C)[C@H]1OCCC[C@@H]1CNc1cc(F)c(S(=O)(=O)Nc2nccs2)cc1Cl,ChEMBL,CHEMBL4064295,,6.806875402,Train,1
FQHDBBOTIYOYLF-UHFFFAOYSA-N,CS(=O)(=O)NC(=O)c1cc(C2CC2)c(OCC23CC4CC(CC(C4)C2)C3)cc1F,ChEMBL,CHEMBL3657851,,6.798602876,Train,1
GAUCTMQMNSDYNT-UHFFFAOYSA-N,O=C(NS(=O)(=O)C1CC1)c1cc(C2CC2)c(OCC2(C(F)(F)F)CCCCC2)cc1F,ChEMBL,CHEMBL3662229,,6.795880017,Validation,1
RFZHHXIXCJHZNR-UHFFFAOYSA-N,c1ccc(Cn2ccc3c(OC4CCN(Cc5ccccn5)CC4)ncnc32)cc1,ChEMBL,CHEMBL2012287,,6.795880017,Validation,1
KDOYGXBJAYKYQW-UHFFFAOYSA-N,O=C(NS(=O)(=O)N1CCC1)c1cc(C2CC2)c(OCC23CCCCC2C3)cc1F,PubChem,,86703669,6.795880017,Train,1
KZHFNEOWHYEARP-UHFFFAOYSA-N,O=S(=O)(Nc1nccs1)c1cc(Cl)c(NCC23CCCC2(O)CCC3)cc1F,PubChem,,137638117,6.772113295,Validation,1
NISDATURCATRJI-UHFFFAOYSA-N,COc1ccc(C(=O)N2CCC3(CC2)Nc2cc(OC(F)(F)F)ccc2-n2cccc23)cc1N(C)C,PubChem,,118714771,6.742321425,Train,1
FTDGEIWSYPMDEJ-UHFFFAOYSA-N,CC(C)(C)c1ccc(-c2ccc3nnc(C(F)(F)F)n3c2)cc1,ChEMBL,CHEMBL3808867,,6.739928612,Train,1
VZULMCMVHNUHKQ-UHFFFAOYSA-N,O=S(=O)(Nc1nccs1)c1cc(Cl)c(NCC2CCOC2)cc1F,PubChem,,134477275,6.725842151,Train,1
XYPYULMUTWWOKW-GOSISDBHSA-N,O=S(=O)(Nc1cccc(F)n1)c1ccc2c(c1)OCC[C@@H]2c1ccc(C(F)(F)F)cc1N1CCOCC1,PubChem,,135193621,6.725842151,Train,1
XPZJAEZVONHCRC-UHFFFAOYSA-N,O=S(=O)(Nc1nccs1)c1cc(Cl)c(NCC2CCCO2)cc1F,ChEMBL,CHEMBL4100208,,6.723538196,Train,1
SSECJOYWYAMJRN-UHFFFAOYSA-N,FC(F)(F)c1cccc(Cn2ccc3c(OC4CCN(Cc5cscn5)CC4)ncnc32)c1,ChEMBL,CHEMBL2012269,,6.721246399,Train,1
CVUSIJVOABHLEJ-UHFFFAOYSA-N,Fc1c(Cn2ccc3c(OC4CCN(Cc5ccccn5)CC4)ncnc32)cccc1C(F)(F)F,PubChem,,70695786,6.721246399,Train,1
CGGSZBTXQJLOGP-UHFFFAOYSA-N,c1ccc(Cn2ccc3c(OC4CCN(Cc5cscn5)CC4)ncnc32)cc1,ChEMBL,CHEMBL2012244,,6.698970004,Train,1
AJMIFZLEDTUBTN-UHFFFAOYSA-N,Cn1c(SCc2ccc(C(C)(C)C)cc2)nc(N)cc1=O,PubChem,,56951318,6.698970004,Validation,1
YGBYNGMZCPBWAZ-UHFFFAOYSA-N,FC(F)(F)c1ccc(-c2ccc3nnc(C(F)(F)F)n3c2)cc1,ChEMBL,CHEMBL3808645,,6.675717545,Validation,1
RJICYSPMHMARFC-UHFFFAOYSA-N,O=S(=O)(Nc1ncns1)c1ccc2c(c1)OCCN2c1ccc(C(F)(F)F)cc1C1=CCOCC1,ChEMBL,CHEMBL3928707,,6.669586227,Train,1
RGKGDWOKTINAMY-UHFFFAOYSA-N,COc1ccc(C(=O)N2CCC3(CC2)Nc2cc(C(F)(F)F)ccc2-n2cccc23)cc1N(C)C,ChEMBL,CHEMBL3337585,,6.663540266,Train,1
DGULQSWQLJIZCW-UHFFFAOYSA-N,O=C(Nc1cccc(C(F)(F)F)c1-c1cccnc1)c1cccc(-c2ncccc2OC(F)F)c1,ChEMBL,CHEMBL4100413,,6.657577319,Train,1
CQELORVDHHELML-UHFFFAOYSA-N,O=S(=O)(Nc1nccs1)c1cc(Cl)c(NCCC2CCOC2)cc1F,PubChem,,137649494,6.655607726,Train,1
TZPJMFCRZHDJLH-UHFFFAOYSA-N,CNc1noc2ccc(-c3cc(Cl)ccc3Oc3cc(F)c(S(=O)(=O)Nc4ncns4)cc3F)cc12,PubChem,,71558917,6.638272164,Train,1
NHSFBZYDYMUCPM-UHFFFAOYSA-N,O=S(=O)(Nc1nccs1)c1cc(Cl)c(NCC2CCCCO2)cc1F,PubChem,,134477264,6.625251654,Train,1
RDOIQAHITMMDAJ-UHFFFAOYSA-N,CN(C)C(=O)C(CCN1CCC(O)(c2ccc(Cl)cc2)CC1)(c1ccccc1)c1ccccc1,ChEMBL,CHEMBL841,,6.621602099,Train,1
VFBZQFVDFIBXGZ-UHFFFAOYSA-N,Nc1ccnc(Nc2ccc(Oc3ccc(OC(F)(F)F)cc3)cc2)n1,PubChem,,70691560,6.619788758,Train,1
METAEPLMRZAVNG-UHFFFAOYSA-N,O=S(=O)(Nc1nccs1)c1cc(Cl)c(NCC2OCCO2)cc1F,ChEMBL,CHEMBL4083744,,6.616184634,Train,1
KQJDXTLVXINOPH-GOSISDBHSA-N,O=S(=O)(Nc1ccncn1)c1ccc2c(c1)OCC[C@@H]2c1ccc(C(F)(F)F)cc1N1CCOCC1,ChEMBL,CHEMBL4647267,,6.605548319,Validation,1
PZSZWWKYXIGFLI-UHFFFAOYSA-N,CC1(C)CN(Cc2ccccc2)c2ncnc(OC3CCN(Cc4cscn4)CC3)c21,PubChem,,70683181,6.602059991,Validation,1
NNRINZJFYZBPGO-UHFFFAOYSA-N,O=S(=O)(Nc1nccs1)c1ccc2c(c1)OCCN2c1ccc(C(F)(F)F)cc1C1=CCNCC1,PubChem,,71711173,6.595166283,Validation,1
BWODMQAKKPEJGH-UHFFFAOYSA-N,O=S(=O)(Nc1nccs1)c1cc(Cl)c(NCC23CC4CC(CC(O)(C4)C2)C3)cc1F,ChEMBL,CHEMBL4061129,,6.585026652,Train,1
VEEQSZWXUOUXPZ-ZEGFWLDJSA-N,C#CC[C@H](N)C(=O)N[C@@H](Cc1ccc(O)cc1)C(=O)N[C@H]1CSSC[C@@H]2NC(=O)[C@@H]3CSSC[C@@H](C(=O)N[C@@H](CCCNC(=N)N)C(=O)N[C@@H](CCCCN)C(=O)N[C@@H](CCC(=O)O)C(=O)N[C@H](C(N)=O)[C@@H](C)CC)NC(=O)[C@H](Cc4c[nH]c5ccc(Br)cc45)NC(=O)[C@H](CC(C)C)NC(=O)[C@H](CCCCN)NC(=O)[C@H](CSSC[C@H](NC(=O)[C@H]([C@@H](C)O)NC(=O)[C@H](Cc4c[nH]c5ccccc45)NC(=O)[C@H](CCCC)NC(=O)[C@H](Cc4c[nH]c5ccccc45)NC(=O)[C@H](CCCCN)NC(=O)[C@H](CCC(N)=O)NC1=O)C(=O)N[C@@H](CC(=O)O)C(=O)N[C@@H](CO)C(=O)N[C@@H](CCCCN)C(=O)N[C@@H](CCCNC(=N)N)C(=O)N[C@@H](C)C(=O)N3)NC(=O)[C@H](CCCNC(=N)N)NC(=O)[C@H](CC(C)C)NC(=O)CNC(=O)[C@H](CCC(=O)O)NC2=O,ChEMBL,CHEMBL4169884,,6.585026652,Train,1
YYWBVRDWEWYDOV-UHFFFAOYSA-N,N#Cc1cc(C(F)(F)F)ccc1N1CCOc2cc(S(=O)(=O)Nc3nccs3)c(F)cc21,ChEMBL,CHEMBL3950353,,6.582528307,Validation,1
DPGOQYYAHWEROP-UHFFFAOYSA-N,CS(=O)(=O)Nc1nnc2cc(OCC34CC5CC(CC(C5)C3)C4)c(C3CC3)cn12,ChEMBL,CHEMBL4279238,,6.576754126,Train,1
JYSRNWDCGVBURG-UHFFFAOYSA-N,O=S1(=O)CCC(CNc2cc(F)c(S(=O)(=O)Nc3nccs3)cc2Cl)C1,PubChem,,137648836,6.575118363,Train,1
VBGPPFADVWRQPN-UHFFFAOYSA-N,FC(F)(F)COc1ccc(-c2ccc3nnc(C(F)(F)F)n3c2)cc1,ChEMBL,CHEMBL3809838,,6.55129368,Train,1
IGVXQZZYKDNDIF-QWRGUYRKSA-N,O=S(=O)(Nc1nccs1)c1cc(Cl)c(NC[C@H]2CCC[C@H](O)C2)cc1F,PubChem,,137647529,6.55129368,Train,1
FEVBKJITJDHASC-UHFFFAOYSA-N,FC(F)(F)Oc1ccc(-c2ccc3nnc(C(F)(F)F)n3c2)cc1,ChEMBL,CHEMBL3809595,,6.535361441,Validation,1
JFTTWRHSUYMBCX-UHFFFAOYSA-N,CC(=O)Nc1cccc(Nc2ncnc(N3CCC(Oc4ccc(OC(F)(F)F)cc4)CC3)n2)c1C,ChEMBL,CHEMBL1813050,,6.522878745,Train,1
WXZNLCQMGILZDR-UHFFFAOYSA-N,Clc1cccc(Cn2ccc3c(OC4CCN(Cc5cscn5)CC4)ncnc32)c1,ChEMBL,CHEMBL2012263,,6.522878745,Train,1
XQWLRVUWANJCSB-UHFFFAOYSA-N,Cc1cccc(N/C(=N/C#N)c2ccc(-c3ccc(Cl)cc3)o2)c1,ChEMBL,CHEMBL255023,,6.522878745,Train,1
QOBHARXOODMEIE-UHFFFAOYSA-N,O=S(=O)(Nc1ncns1)c1ccc2c(c1)OCCN2c1ccc(C(F)(F)F)cc1-c1ccncc1,ChEMBL,CHEMBL3952945,,6.514278574,Train,1
ODMZUCMOJODESH-UHFFFAOYSA-N,O=C(NS(=O)(=O)N1CC(F)(F)C1)c1cc(C2CC2)c(OCC23CC4CC(CC(C4)C2)C3)cc1F,ChEMBL,CHEMBL3657943,,6.4867824,Train,1
CUKXCYUCHNHBBC-JTQLQIEISA-N,O=S(=O)(Nc1nccs1)c1cc(Cl)c(NC[C@@H]2CCCOC2)cc1F,PubChem,,137656265,6.484126156,Train,1
FWAKXWHXMNSHGM-UHFFFAOYSA-N,O=S(=O)(Nc1nccs1)c1cc(Cl)c(NC2CCOCC2)cc1F,ChEMBL,CHEMBL4062009,,6.473660723,Train,1
QWEHIZAOKREMOE-UHFFFAOYSA-N,COc1ccc(C(=O)N2CCC3(CC2)Nc2cc(OC(F)F)ccc2-n2cccc23)cc1N(C)C,ChEMBL,CHEMBL3337584,,6.468521083,Train,1
SENAOMYFFSVELZ-UHFFFAOYSA-N,O=S(=O)(Nc1nccs1)c1cc(Cl)c(NCCC2CCC3(CC2)OCCO3)cc1F,ChEMBL,CHEMBL4098747,,6.458420756,Train,1
BHJSCRNVDBKWGW-UHFFFAOYSA-N,O=S(=O)(Nc1ncns1)c1ccc2c(c1)OCCN2c1ccc(C(F)(F)F)cc1C1=CCNCC1,PubChem,,71666346,6.457174573,Train,1
JKJROAPYAHIAJY-UHFFFAOYSA-N,Cc1nc(OC2CCN(Cc3cscn3)CC2)c2ccn(Cc3ccccc3)c2n1,ChEMBL,CHEMBL2012245,,6.455931956,Train,1
CVHPNFWHLXBWPR-UHFFFAOYSA-N,O=C(NS(=O)(=O)N1CCC1)c1cc(C2CC2)c(OCC2(C(F)(F)F)CCCCC2)cc1F,PubChem,,90016371,6.455931956,Train,1
OZZHJNXIYBSROR-UHFFFAOYSA-N,FC(F)c1nnc2ccc(-c3ccc(OC(F)(F)F)cc3)cn12,PubChem,,66849729,6.454692884,Train,1
NESLCFXDKPAXII-UHFFFAOYSA-N,COc1cc2c(cc1F)-n1cccc1C1(CCN(C(=O)c3ccc(OC)c(N(C)C)c3)CC1)N2,PubChem,,118714774,6.446116973,Train,1
MRPYQYRDAONMAU-UHFFFAOYSA-N,Nc1ccnc(Nc2ccc(Oc3ccccc3Cl)cc2)n1,PubChem,,70681040,6.443697499,Train,1
LIJVHEHWJNGQJH-GOSISDBHSA-N,O=S(=O)(Nc1nccs1)c1ccc2c(c1)OCC[C@@H]2c1ccc(C(F)(F)F)cc1-c1ccc(F)cn1,PubChem,,156017266,6.44129143,Train,1
OKOGSMXJOCMRCG-UHFFFAOYSA-N,FC(F)(F)c1nnc2ccc(-c3ccc(S(F)(F)(F)(F)F)cc3)cn12,PubChem,,87206909,6.401209493,Train,1
NXOLRSKOGVZGJE-RUZDIDTESA-N,N#Cc1cc(OC(F)(F)F)cc(C(=O)N2CCN([C@@H](C(=O)NCc3ccccc3)c3ccccc3)CC2)c1,PubChem,,145992366,6.397940009,Train,1
AHSYZDMXZZIITC-UHFFFAOYSA-N,O=S(=O)(Nc1nccs1)c1cc(Cl)c(NCC2CCC3(CC2)OCCO3)cc1F,ChEMBL,CHEMBL4095822,,6.390405591,Train,1
RGEBGRLYAPVJLZ-UHFFFAOYSA-N,Cc1ccc(Oc2ccc(Nc3cncc(N)n3)cc2)cc1,ChEMBL,CHEMBL2012041,,6.387216143,Train,1
MAOFMAFTHDKOCO-SJKOYZFVSA-N,CC(C)(C)[C@@H]1OCCC[C@@H]1CNc1cc(F)c(S(=O)(=O)Nc2nccs2)cc1Cl,ChEMBL,CHEMBL4084268,,6.381951903,Validation,1
VUCGOPZDZHFBHO-UHFFFAOYSA-N,COc1ccc2c(c1)NC1(CCN(C(=O)c3ccc4ccccc4n3)CC1)c1cccn1-2,PubChem,,117789501,6.377785977,Train,1
UTICZDOENGIDOA-UHFFFAOYSA-N,O=C(NS(=O)(=O)N1CC(F)C1)c1cc(C2CC2)c(OCC23CC4CC(CC(C4)C2)C3)cc1F,PubChem,,90015886,6.374687549,Train,1
ISNMDOLXNFQPJG-UHFFFAOYSA-N,O=C(NS(=O)(=O)C1CC1)c1cc(Cl)c(OCC23CC4CC(CC(C4)C2)C3)cc1F,PubChem,,86702900,6.369572125,Train,1
IFRGFTQIIMWCJG-UHFFFAOYSA-N,O=C(NS(=O)(=O)C1CC1)c1cc(C2CC2)c(OCC23CC4(F)CC(F)(CC(F)(C4)C2)C3)cc1F,PubChem,,86703575,6.366531544,Train,1
WRIZTMCLCILPFZ-UHFFFAOYSA-N,O=C(Nc1cccc(C(F)(F)F)c1-c1ncccc1Cl)c1cccc(-c2ncccc2C(F)(F)F)c1,PubChem,,137651460,6.366531544,Train,1
AWBDRWCQXNBJQB-UHFFFAOYSA-N,Cn1cc(CN2CCC(Oc3ncnc4c3ccn4Cc3ccccc3)CC2)cn1,PubChem,,70695783,6.356547324,Validation,1
KLPYGTAZYKQPSL-UHFFFAOYSA-N,O=S(=O)(Nc1nccs1)c1cc(Cl)c(NCC2CCC(=NOCc3ccccc3)CC2)cc1F,ChEMBL,CHEMBL4064737,,6.35261703,Train,1
ODIAQAJCRITKNJ-UHFFFAOYSA-N,COc1ccc2c(c1)NC1(CCN(Cc3ccccc3)CC1)c1cccn1-2,ChEMBL,CHEMBL3322762,,6.341988603,Train,1
PMMALHFQLZXMOO-UHFFFAOYSA-N,Nc1cncc(Nc2ccc(Oc3ccc(C(F)(F)F)cc3)cc2)n1,ChEMBL,CHEMBL2012044,,6.337242168,Train,1
JHTBXYQIHWCGPI-UHFFFAOYSA-N,Cc1cn(C2C=CCCC2)c2ccc(C(=O)NS(=O)(=O)C3CC3)cc12,PubChem,,155530714,6.337242168,Validation,1
CSGMIVCOTWOCPC-UHFFFAOYSA-N,COc1ccc2c(c1)NC1(CCN(C(=O)c3ccc(OC)c(N(C)C)c3)CC1)c1cccn1-2,ChEMBL,CHEMBL3322777,,6.335828295,Train,1
RRCQMMXZKUITON-UHFFFAOYSA-N,Nc1cncc(Nc2ccc(Oc3ccc(F)cc3)cc2)n1,ChEMBL,CHEMBL2012040,,6.327902142,Train,1
IXDCXFJUPLJBMC-UHFFFAOYSA-N,O=S(=O)(Nc1nccs1)c1ccc2c(c1)OCCN2c1ccc(C(F)(F)F)cc1CCO,PubChem,,89762614,6.326979093,Train,1
NSUPANGHWGJPCM-UHFFFAOYSA-N,O=C(Nc1cccc(C(F)(F)F)c1-c1ccccn1)c1cccc(-c2ncccc2C(F)(F)F)c1,PubChem,,137636231,6.318758763,Train,1
ZMOPTLXEYOVARP-UHFFFAOYSA-N,CNC(=O)C(CCN1CCC(O)(c2ccc(Cl)cc2)CC1)(c1ccccc1)c1ccccc1,ChEMBL,CHEMBL1627,,6.316052869,Train,1
QMVCLINXNJGGFP-UHFFFAOYSA-N,O=S(=O)(Nc1ncns1)c1ccc2c(-c3ccc(C(F)(F)F)cc3O)cccc2c1,ChEMBL,CHEMBL3682649,,6.30980392,Validation,1
TVPPCCLUHPATAW-UHFFFAOYSA-N,COc1cc(-c2ccc(F)c(C)c2)c(F)cc1-n1c(=O)ccc2cc(S(=O)(=O)Nc3ccon3)c(F)cc21,PubChem,,124221928,6.304518324,Train,1
NGDMDSQQEVAVIN-OAHLLOKOSA-N,O=S(=O)(Nc1nccs1)c1ccc2c(c1)OCCN2c1ccc(C(F)(F)F)cc1C[C@@H](O)CO,PubChem,,89761696,6.303643611,Train,1
JEEZZJOSUGMGIG-AREMUKBSSA-N,COc1cc([C@H](C(=O)NCc2ccccc2)N2CCN(C(=O)c3cc(F)cc(F)c3)CC2)ccc1C#N,ChEMBL,CHEMBL4287784,,6.301029996,Train,1
SSYPIIPRUWAYCB-UHFFFAOYSA-N,CC(=O)Nc1cccc(Nc2ncnc(N3CCC(Oc4ccc(C(F)(F)F)cc4)CC3)n2)c1C,PubChem,,53362558,6.301029996,Train,1
XXQSOIJXIKSRGX-UHFFFAOYSA-N,Nc1ccnc(Nc2ccc(Oc3ccc(Cl)cc3)cc2)n1,PubChem,,70695761,6.301029996,Validation,1
UZISDSQSQIPNGM-UHFFFAOYSA-N,N#Cc1cc(C(F)(F)F)ccc1N1CCOc2cc(S(=O)(=O)Nc3nccs3)cc(F)c21,ChEMBL,CHEMBL3948638,,6.286089646,Train,1
RUKSBVHNOBYDMK-XRHLQHRESA-N,COc1ccc2c(c1)N[C@@]1(CCN(C(=O)c3ccc(OC)c(N(C)C)c3)C[C@@H]1C)c1cccn1-2,PubChem,,118714776,6.284832642,Train,1
FOVUYWGGUYNFBG-UHFFFAOYSA-N,O=C(Nc1cccc(C(F)(F)F)c1-c1cccnc1)c1cccc(-c2ncccc2Cl)c1,PubChem,,137649269,6.283996656,Train,1
BMIXXIGEPMPTIS-UHFFFAOYSA-N,Fc1cccc(CN2CCC(Oc3ncnc4c3ccn4Cc3ccccc3)CC2)n1,PubChem,,70685269,6.259637311,Train,1
PPMOJHYERWGAEB-UHFFFAOYSA-N,O=S(=O)(Nc1nccs1)c1ccc2c(c1)OCCN2c1ccc(C(F)(F)F)cc1-c1ccncc1,ChEMBL,CHEMBL3909534,,6.256490235,Train,1
GRLGZDKCJLINRL-UHFFFAOYSA-N,CCCCOc1ccc(C(=O)NC(=N)NCCCCc2ccccc2)cc1,ChEMBL,CHEMBL108347,,6.251811973,Validation,1
RHNQUMXARXOPCS-UHFFFAOYSA-N,COc1ccc2c(c1)NC1(CCN(C(=O)c3ccc(N(C)C)c(Cl)c3)CC1)c1cccn1-2,PubChem,,118710326,6.242603971,Validation,1
LYMPFPNZOWWYPE-UHFFFAOYSA-N,O=S(=O)(Nc1ncns1)c1cc(F)c(OC2OCCNC2c2cccc(C(F)(F)F)c2)cc1F,ChEMBL,CHEMBL4209664,,6.236572006,Train,1
OSJJIKYRJDAQIS-UHFFFAOYSA-N,c1ccc(Cn2ccc3c(OC4CCN(Cc5ccn[nH]5)CC4)ncnc32)cc1,ChEMBL,CHEMBL2012281,,6.236572006,Train,1
QRJDTECPLGOOBM-UHFFFAOYSA-N,Cc1ccc(Oc2ccc(Nc3nccc(N)n3)cc2)cc1,PubChem,,70691558,6.229147988,Train,1
HGFKQJPTFSAUJM-WBVHZDCISA-N,O=S(=O)(Nc1nccs1)c1cc(Cl)c(NC[C@@]23CCCO[C@@H]2OCC3)cc1F,PubChem,,137638686,6.211831629,Train,1
KQWOBWMNPNSGDQ-QGZVFWFLSA-N,Cc1nc(-c2cc(C(F)(F)F)ccc2[C@H]2CCOc3cc(S(=O)(=O)Nc4nccs4)ccc32)co1,PubChem,,156013278,6.201349355,Train,1
RQJYQECMAVLMJI-UHFFFAOYSA-N,O=C(NS(=O)(=O)C1CC1)c1cc(C2CC2)c(OCC2CCC(F)(F)CC2)cc1F,ChEMBL,CHEMBL3657998,,6.200659451,Train,1
OEIJXNGSQJJFRS-UHFFFAOYSA-N,Nc1cc(-c2cc(C(F)(F)F)ccc2N2CCOc3cc(S(=O)(=O)Nc4ncns4)ccc32)ccn1,ChEMBL,CHEMBL3959065,,6.197910742,Train,1
KBOLMQHKSVRFIL-UHFFFAOYSA-N,O=S(=O)(Nc1nccs1)c1ccc2c(c1)OCCN2c1ccc(C(F)(F)F)cc1C(O)CO,ChEMBL,CHEMBL3932071,,6.195860568,Train,1
GXQQARVXYNJKOH-UHFFFAOYSA-N,Cc1ncccc1-c1c(NC(=O)c2cccc(-c3ncccc3C(F)(F)F)c2)cccc1C(F)(F)F,ChEMBL,CHEMBL4085326,,6.180456065,Train,1
IKSUDZQUQOMVKP-UHFFFAOYSA-N,CS(=O)(=O)NC(=O)c1cc(C2CC2)c(OCC2CCCCC2)cc1F,ChEMBL,CHEMBL3662236,,6.173925197,Train,1
SHCCRGIIPVJFHB-UHFFFAOYSA-N,N#Cc1cc(C(F)(F)F)ccc1N1CCOc2cc(S(=O)(=O)Nc3nccs3)c(Cl)cc21,ChEMBL,CHEMBL3907025,,6.171984936,Train,1
LEZRONYAEVJQQI-UHFFFAOYSA-N,CC(C)c1ccc(N2CCOc3cc(S(=O)(=O)Nc4nccs4)ccc32)c(C#N)c1,ChEMBL,CHEMBL3941069,,6.163675884,Train,1
YFFAMHITDBOYET-UHFFFAOYSA-N,CS(=O)(=O)NC(=O)c1ccc(OCC23CC4CC(CC(C4)C2)C3)c(C2CC2)c1,PubChem,,72545919,6.15490196,Validation,1
MSLIEPIIAJYDTK-UHFFFAOYSA-N,CS(=O)(=O)NC(=O)c1cc(C2CC2)c(OCC23CC4CC(C2)C(F)(F)C(C4)C3)cc1F,PubChem,,86702862,6.146301788,Train,1
CQNLZLUWQRHCES-UHFFFAOYSA-N,Nc1cncc(Nc2ccc(Oc3ccc(Cl)cc3)cc2)n1,PubChem,,70683161,6.142667504,Train,1
KTYPXYDRNKHYHU-LBPRGKRZSA-N,C[C@H]1CN(c2ccc(C(F)(F)F)cc2C#N)c2ccc(S(=O)(=O)Nc3nccs3)cc2O1,PubChem,,89761817,6.140261434,Train,1
RVDMLRAYMNKJCP-UHFFFAOYSA-N,O=S(=O)(Nc1nccs1)c1cc(Cl)c(NCC2CCC(O)CC2)cc1F,PubChem,,134477139,6.13667714,Train,1
BDPIGJCLXMOTDZ-UHFFFAOYSA-N,O=S(=O)(Nc1nccs1)c1ccc2c(c1)OCCN2c1ccc(C(F)(F)F)cc1-c1cncnc1,PubChem,,89761620,6.136082623,Train,1
BAOSULLFFBZYSX-UHFFFAOYSA-N,c1ccc(CN2CCC(Oc3ncnc4c3ccn4Cc3ccccc3)CC2)cc1,ChEMBL,CHEMBL2012277,,6.13076828,Train,1
HBNPJJILLOYFJU-VMPREFPWSA-N,COCC(=O)O[C@]1(CCN(C)CCCc2nc3ccccc3[nH]2)CCc2cc(F)ccc2[C@@H]1C(C)C,ChEMBL,CHEMBL45816,,6.13076828,Train,1
ZGBCYVXZLVHZHE-UHFFFAOYSA-N,CN(C)S(=O)(=O)NC(=O)c1cc(Cl)c(OCC23CC4CC(CC(C4)C2)C3)cc1F,ChEMBL,CHEMBL3657820,,6.1123827,Validation,1
CSMDEJLWCPVNEJ-UHFFFAOYSA-N,Nc1ccnc(Nc2ccc(Oc3ccc(F)cc3)cc2)n1,ChEMBL,CHEMBL2012028,,6.107905397,Train,1
YUNNMYFFOLAHHL-UHFFFAOYSA-N,COc1ncc(-c2c(C)ccc(F)c2CCNC(=O)c2ccc(OCCC(F)(F)F)nc2)cn1,PubChem,,71456412,6.099999035,Train,1
ZKWDXPWWNHFPCB-UHFFFAOYSA-N,O=S(=O)(Nc1nccs1)c1cc(Cl)c(NC2CCCOC2)cc1F,ChEMBL,CHEMBL4099769,,6.099086932,Train,1
DFBDAHMZXJYZJG-AALCJKKVSA-N,CSCC[C@@H]1NC(=O)[C@H](Cc2ccc(O)cc2)NC(=O)[C@H](CCCNC(=N)N)NC(=O)[C@@H](NC(=O)[C@@H](N)CC(=O)O)CSSC[C@@H]2NC(=O)[C@@H]3CSSC[C@@H](C(=O)N[C@@H](C)C(=O)N[C@@H](Cc4c[nH]c5ccccc45)C(=O)N[C@@H](CC(=O)O)C(=O)N[C@@H](Cc4ccccc4)C(=O)N[C@H](C(=O)N[C@@H](Cc4ccccc4)C(=O)N[C@H](C(=O)O)[C@@H](C)O)[C@@H](C)O)NC(=O)[C@H](Cc4ccc(O)cc4)NC(=O)[C@H](CCCCN)NC(=O)[C@H](CCSC)NC(=O)[C@H](CCCCN)NC(=O)[C@H](CCCNC(=N)N)NC(=O)[C@H](CCCCN)NC(=O)[C@H](CSSC[C@H](NC(=O)[C@H](CC(=O)O)NC(=O)CNC(=O)[C@H](Cc4ccccc4)NC1=O)C(=O)N[C@@H](CCC(=O)O)C(=O)N[C@@H](CCCCN)C(=O)N[C@@H](CC(=O)O)C(=O)N[C@@H](CCC(=O)O)C(=O)N[C@@H](CC(=O)O)C(=O)N3)NC(=O)CNC(=O)[C@H](CC(C)C)NC(=O)[C@H](Cc1cnc[nH]1)NC(=O)[C@H](CCCCN)NC2=O,PubChem,,155567528,6.096910013,Validation,1
GRXUKFHZQDPFAI-UHFFFAOYSA-N,O=C(NCc1ccc(OC(F)(F)F)cc1)C1c2c(F)cccc2C(=O)N1CCc1ccccn1,PubChem,,44545403,6.091514981,Train,1
MIIOBHGQUATGFU-QGZVFWFLSA-N,Cn1nccc1-c1cc(C(F)(F)F)ccc1[C@H]1CCOc2cc(S(=O)(=O)Nc3nccs3)ccc21,PubChem,,156022265,6.090443971,Train,1
IJKKZVFOENDHPB-UHFFFAOYSA-N,COc1cc(-c2cccc(F)c2)c(Cl)cc1-c1[nH]c(=O)cc2cc(S(=O)(=O)Nc3ccon3)ccc12,ChEMBL,CHEMBL4068143,,6.086186148,Train,1
BGEXEHUFMGIZSJ-UHFFFAOYSA-N,O=C(Nc1cccc(C(F)(F)F)c1-c1cccnc1)c1cccc(-c2ncccc2C(F)(F)F)c1,PubChem,,137649283,6.086186148,Train,1
ZGBOGHHZYOLAIZ-GFCCVEGCSA-N,C[C@@H]1COc2cc(S(=O)(=O)Nc3nccs3)ccc2N1c1ccc(C(F)(F)F)cc1C#N,PubChem,,89761392,6.07007044,Validation,1
WFAAJGGDSHOXSH-UHFFFAOYSA-N,N#Cc1cc(-c2cccc(F)c2)ccc1N1CCOc2cc(S(=O)(=O)Nc3nccs3)ccc21,ChEMBL,CHEMBL3917677,,6.068542129,Train,1
TZCYDPFBDCOKRC-UHFFFAOYSA-N,O=S(=O)(Nc1nccs1)c1cc(Cl)c(NCCC2CCCCO2)cc1F,ChEMBL,CHEMBL4065798,,6.058488567,Validation,1
LNJRDFHCHGQUJZ-UHFFFAOYSA-N,FC(F)Oc1ccc(-c2ccc3nnc(C(F)(F)F)n3c2)cc1,ChEMBL,CHEMBL3808917,,6.05207638,Validation,1
NGDMDSQQEVAVIN-HNNXBMFYSA-N,O=S(=O)(Nc1nccs1)c1ccc2c(c1)OCCN2c1ccc(C(F)(F)F)cc1C[C@H](O)CO,ChEMBL,CHEMBL3894090,,6.04769199,Train,1
XJXFPLHCRFQLST-AMOKUYCZSA-N,CC[C@H](C)[C@@H]1NC(=O)[C@@H]2CSSC[C@@H]3NC(=O)[C@H](C(C)C)NC(=O)[C@H](CC(C)C)NC(=O)[C@H](CC(N)=O)NC(=O)[C@@H]4CCCN4C(=O)[C@H](CCCNC(=N)N)NC(=O)[C@H](CSSC[C@H](NC(=O)[C@@H](N)CC(=O)O)C(=O)N[C@@H](CC(C)C)C(=O)NCC(=O)N[C@@H](Cc4ccccc4)C(=O)N[C@@H](CCSC)C(=O)N[C@@H](CCCNC(=N)N)C(=O)N[C@@H](CCCCN)C(=O)N2)NC(=O)[C@H](CSSC[C@@H](C(=O)N[C@@H](CCCCN)C(=O)N[C@@H](Cc2ccc(O)cc2)C(=O)N[C@H](C(=O)N[C@@H](Cc2ccccc2)C(N)=O)C(C)C)NC(=O)[C@H](Cc2c[nH]c4ccccc24)NC(=O)[C@H](CCCCN)NC(=O)[C@H](Cc2cccc4ccccc24)NC(=O)[C@H]([C@@H](C)O)NC(=O)[C@H](CCCNC(=N)N)NC(=O)[C@H](CO)NC3=O)NC(=O)[C@H](CCCCN)NC(=O)[C@H](CC(=O)O)NC(=O)[C@H](CC(N)=O)NC(=O)[C@H](CC(=O)O)NC(=O)[C@@H]2CCCN2C1=O,PubChem,,127046032,6.045757491,Train,1
UHIZWTGIFVJXTR-UHFFFAOYSA-N,FC(F)(F)Oc1ccc(-c2ccn3ncc(C(F)(F)F)c3n2)cc1,PubChem,,127045496,6.045275209,Train,1
LJAMVDAQMFBQJF-UHFFFAOYSA-N,O=S(=O)(Nc1nccs1)c1cc(Cl)c(NCC23CC4CC(C2)C(O)C(C4)C3)cc1F,PubChem,,137641410,6.038104526,Train,1
JUSUTAPQEPWMEW-UHFFFAOYSA-N,c1ccc(Cn2ncc3c(OC4CCN(Cc5cscn5)CC4)ncnc32)cc1,ChEMBL,CHEMBL2012247,,6.031517051,Train,1
TZVKLOBAQHLBCP-UHFFFAOYSA-N,COc1ccc2c(c1)NC1(CCN(C(=O)c3ccc(OC)c(Cl)c3)CC1)c1cccn1-2,ChEMBL,CHEMBL3322776,,6.029653124,Train,1
NEGUYMSGZYTTPG-UHFFFAOYSA-N,O=C(NCc1ccc(OC(F)(F)F)cc1)C1c2cccc(O)c2C(=O)N1CCc1ccccn1,ChEMBL,CHEMBL2164041,,6.026872146,Train,1
KFLDDFUYNBKZOT-UHFFFAOYSA-N,O=C(NS(=O)(=O)N1CCC1)c1cc(C2CC2)c(OCC2CCC(F)(F)CC2)cc1F,PubChem,,86703521,6.026872146,Train,1
ISRFCSFRFHSLEY-UHFFFAOYSA-N,O=S(=O)(Nc1ncns1)c1ccc2c(c1)OCCN2c1ccc(C(F)(F)F)cc1-c1cn[nH]c1,PubChem,,71711177,6.025028006,Train,1
AVOALNAAWZWOQC-UHFFFAOYSA-N,COc1ccc2c(c1)NC1(CCN(C(=O)c3ccc(N(C)C)cc3)CC1)c1cccn1-2,PubChem,,118710324,6.023650021,Train,1
AKAQZLFYNGRABJ-XMMPIXPASA-N,O=C(NCc1ccccc1)[C@@H](c1ccccc1)N1CCN(C(=O)c2cc(F)ccc2Cl)CC1,ChEMBL,CHEMBL4277551,,6.022276395,Train,1
LXEBABFPSLDVID-UHFFFAOYSA-N,O=C(NS(=O)(=O)N1CCC1)c1cc(C2CC2)c(OCC23CC4(F)CC(F)(CC(F)(C4)C2)C3)cc1F,ChEMBL,CHEMBL3658000,,6.022276395,Train,1
NDLBOYOWPCRMAR-UHFFFAOYSA-N,CN1CCN(c2cc(C(F)(F)F)ccc2N2CCOc3cc(S(=O)(=O)Nc4nccs4)ccc32)CC1,ChEMBL,CHEMBL3900428,,6.019088062,Train,1
BECROBIDPQYXRW-UHFFFAOYSA-N,O=C(NCc1ccc(OC(F)(F)F)cc1)C1c2ccccc2C(=O)N1CCc1ccccn1,PubChem,,44544347,6.015472687,Train,1
GUGOEEXESWIERI-UHFFFAOYSA-N,CC(C)(C)c1ccc(C(O)CCCN2CCC(C(O)(c3ccccc3)c3ccccc3)CC2)cc1,ChEMBL,CHEMBL17157,,6.01278077,Train,1
XOKHNIWKPBYBRC-GOSISDBHSA-N,CN1CCN(c2cc(C(F)(F)F)ccc2[C@H]2CCOc3cc(S(=O)(=O)Nc4nccs4)ccc32)CC1,ChEMBL,CHEMBL4632456,,6.007446482,Train,1
CFMYXEVWODSLAX-QOZOJKKESA-N,NC1=N[C@H](O)[C@H]2[C@H]3O[C@]4(O)O[C@@H]([C@@H](O)[C@@]2(N1)[C@@H]4O)[C@]3(O)CO,ChEMBL,CHEMBL507974,,6,Train,1
ZBFHVTYUERGXHJ-UHFFFAOYSA-N,COc1cnc(-c2c(C)ccc(F)c2CCNC(=O)c2ccc(COCC(F)(F)F)nc2)cn1,ChEMBL,CHEMBL2147307,,6,Train,1
RSJUYPGFGAQOLP-UHFFFAOYSA-N,O=C1CC2(CCN(C(=O)NC3CCc4ccccc4C3)CC2)Oc2ccccc21,ChEMBL,CHEMBL495601,,6,Train,1
UYHQZAYRYVKPCY-UHFFFAOYSA-N,Nc1ccnc(Nc2ccc(Oc3ccc(C(F)(F)F)cc3)cc2)n1,ChEMBL,CHEMBL2012037,,6,Validation,1
SEZRTIZCSSXZLK-UHFFFAOYSA-N,O=C1c2cc(-c3ccc(C(F)(F)F)s3)ccc2OCCN1Cc1ncccn1,ChEMBL,CHEMBL3955715,,6,Train,1
IGCNDQFDPNIHBE-UHFFFAOYSA-N,Cc1cccc(C(=O)N2CCOc3ccc(-c4ccc(OC(F)(F)F)cc4)cc3C2)n1,ChEMBL,CHEMBL3930330,,6,Train,1
JSXVJQKBNRXYDB-UHFFFAOYSA-N,O=C1c2cc(-c3ccc(OC(F)(F)F)cc3)ccc2OCCN1Cc1ccccn1,ChEMBL,CHEMBL3932141,,6,Train,1
AROFQHZDZRJPIC-UHFFFAOYSA-N,Cc1cnc(CN2CCOc3ccc(-c4ccc(OC(F)(F)F)cc4)cc3C2=O)cn1,ChEMBL,CHEMBL3930295,,6,Train,1
NVWORUADRUFFIU-UHFFFAOYSA-N,O=C1c2cc(-c3ccc(C(F)F)cc3)ccc2OCCN1Cc1ccccn1,ChEMBL,CHEMBL3984822,,6,Train,1
QVKQFLGRPLWRPB-UHFFFAOYSA-N,O=C1c2cc(-c3ccc(OC(F)(F)F)cc3)ccc2OCCN1Cn1cc(Cl)cn1,ChEMBL,CHEMBL3955754,,6,Train,1
MAJFETQCMFQVHW-UHFFFAOYSA-N,O=C(Cc1ccccn1)N1CCOc2ccc(-c3ccc(C(F)(F)F)cc3)cc2C1,ChEMBL,CHEMBL3915755,,6,Train,1
XTYWABHARIBXBU-UHFFFAOYSA-N,O=C1c2cc(-c3ccc(OC(F)(F)F)cc3)ccc2OCCN1Cc1ncccc1F,ChEMBL,CHEMBL3953995,,6,Train,1
MSJHOYHACHYZIY-UHFFFAOYSA-N,O=C1c2cc(Nc3ccc(C(F)(F)F)cc3)ccc2OCCN1Cc1ccccn1,ChEMBL,CHEMBL3915931,,6,Validation,1
GEYVAZQDSRSNSZ-UHFFFAOYSA-N,O=C1c2cc(Oc3ccc(OC(F)(F)F)cc3)ccc2OCCN1Cc1ncccn1,ChEMBL,CHEMBL3961566,,6,Train,1
JWEWRWYEBRZSIN-UHFFFAOYSA-N,COc1cccnc1CN1CCOc2cnc(-c3ccc(OC(F)(F)F)cc3)cc2C1=O,ChEMBL,CHEMBL3970355,,6,Train,1
IQIINYHQMVVGEK-UHFFFAOYSA-N,O=C1c2cc(-c3ccc(C(F)(F)F)cc3)cc(F)c2OCCN1Cc1ccccc1,ChEMBL,CHEMBL3906664,,6,Validation,1
KGFBMFHXLIAQGJ-UHFFFAOYSA-N,O=C1c2cc(C#Cc3ccccc3)ccc2OCCN1Cc1ncccn1,ChEMBL,CHEMBL3952791,,6,Train,1
CNFVTGOGEPWRJO-UHFFFAOYSA-N,Cc1cccc(NC(=O)c2ccc(-c3ccc(OC(F)(F)F)cc3)o2)c1,ChEMBL,CHEMBL250443,,6,Train,1
SXKIDXXTWVFMOS-UHFFFAOYSA-N,O=C1c2cc(-c3ccc(OC(F)(F)F)cc3)ccc2OCCN1Cc1cn2ccccc2n1,ChEMBL,CHEMBL3987038,,6,Train,1
IJTWMTMEHFHYAG-UHFFFAOYSA-N,O=C1c2cc(-c3ccc(OC(F)(F)F)cc3)ccc2OCCN1Cc1nnc(C2CC2)o1,ChEMBL,CHEMBL3914630,,6,Train,1
DHKRYOBGCPJNTB-UHFFFAOYSA-N,CC1CC=C(c2ccc3c(c2)C(=O)N(Cc2ncccn2)CCO3)CC1,ChEMBL,CHEMBL3970769,,6,Validation,1
CXCPSDAEYIKBKO-UHFFFAOYSA-N,O=C1c2cc(-c3ccc(C(F)(F)F)cc3F)ccc2OCCN1Cc1ncccn1,ChEMBL,CHEMBL3926892,,6,Train,1
CDBMNECKPYFVCD-UHFFFAOYSA-N,O=C1c2cc(CCc3ccc(C(F)(F)F)cc3)ccc2OCCN1Cc1ncccc1F,ChEMBL,CHEMBL3946293,,6,Validation,1
UXMGUTWHYIJYGW-UHFFFAOYSA-N,O=C1c2cc(-c3ccc(OC(F)(F)F)cc3)ccc2OCCN1CCCS(=O)(=O)NC1CC1,ChEMBL,CHEMBL3892020,,6,Train,1
USPGYCNUDIUUHZ-GJZGRUSLSA-N,N[C@H]1C[C@H]2COc3ccc(-c4ccc(C(F)(F)F)cc4)cc3C(=O)N2C1,ChEMBL,CHEMBL3898983,,6,Validation,1
SWBURNZMILBBGD-UHFFFAOYSA-N,O=C1c2cc(-c3ccc(CC(F)(F)F)cc3)ccc2OCCN1Cc1ncccn1,ChEMBL,CHEMBL3939418,,6,Train,1
WOUZPOFIFSJRLR-UHFFFAOYSA-N,O=C1c2cc(-c3ccc(OC(F)(F)F)cc3)ccc2OCCN1CCOc1ncccn1,ChEMBL,CHEMBL3926778,,6,Train,1
VSODYUZPJLUWIF-UHFFFAOYSA-N,O=C1c2cc(-c3ccc(OC(F)(F)F)cc3)ccc2OCCN1Cc1ccccc1F,ChEMBL,CHEMBL3966947,,6,Train,1
LOILFFIYTQCZKK-UHFFFAOYSA-N,O=C1c2cc(-c3ccc(Oc4ccccc4)cc3)ccc2OCCN1Cc1ncccn1,ChEMBL,CHEMBL3925640,,6,Validation,1
MOEVTMQWPUSSSP-UHFFFAOYSA-N,O=C1c2cc(Nc3ccc(OC(F)(F)F)cc3)ccc2OCCN1Cc1ncccn1,ChEMBL,CHEMBL3966601,,6,Validation,1
ICVZEUVJOGZYPR-UHFFFAOYSA-N,O=C1c2cc(-c3ccc(OC(F)(F)F)cc3)ccc2OCCN1Cc1cnccn1,ChEMBL,CHEMBL3964467,,6,Train,1
PPNDIDCXWCSOPN-UHFFFAOYSA-N,O=C(c1ccc(C(F)(F)F)nc1)N1CCOc2ccc(-c3ccc(OC(F)(F)F)cc3)cc2C1,ChEMBL,CHEMBL3941807,,6,Train,1
UVVUYHHKCRNCFN-UHFFFAOYSA-N,Cc1ccc(-c2ccc3c(c2)C(=O)N(Cc2ncccn2)CCO3)cc1,ChEMBL,CHEMBL3894676,,6,Validation,1
CUVRBHYXQXVWDC-UHFFFAOYSA-N,O=C1c2cc(-c3ccc(C(F)(F)F)cc3Cl)ccc2OCCN1Cc1ncccn1,ChEMBL,CHEMBL3961656,,6,Train,1
IXUHIUNJXWZIJI-UHFFFAOYSA-N,O=C1c2cc(-c3ccc(C(F)(F)F)s3)ccc2OCCN1Cc1ccccn1,ChEMBL,CHEMBL3929128,,6,Validation,1
JHLDKYQYXSWDMI-UHFFFAOYSA-N,O=C1c2cc(-c3ccc(OC(F)(F)F)cc3)ccc2OCCN1Cc1ccccc1Cl,ChEMBL,CHEMBL3930403,,6,Validation,1
XOFKKGMAEWHODX-UHFFFAOYSA-N,O=C1c2cc(-c3ccc(C(F)(F)F)cc3)ccc2OCCN1Cc1ncccn1,ChEMBL,CHEMBL3905650,,6,Train,1
YBOFEDYGEOYOPH-UHFFFAOYSA-N,O=C1c2cc(-c3ccc(CC(F)(F)F)cc3)ccc2OCCN1Cc1ccccn1,ChEMBL,CHEMBL3896621,,6,Train,1
HQECCRFKFLIQLP-UHFFFAOYSA-N,O=C1c2cc(-c3ccc(C(F)(F)F)cn3)ccc2OCCN1Cc1ccccn1,ChEMBL,CHEMBL3981395,,6,Train,1
GPKBBEYQIOUQTL-UHFFFAOYSA-N,COc1cccnc1CC1COc2ccc(-c3ccc(OC(F)(F)F)cc3)cc2C(=O)N1,ChEMBL,CHEMBL3894313,,6,Train,1
SMEWAWNKUKQYNY-UHFFFAOYSA-N,Cc1cnc(CN2CCOc3ccc(-c4ccc(OC(F)(F)F)cc4)cc3C2=O)o1,ChEMBL,CHEMBL3965747,,6,Train,1
ZKEGCURMIODYSU-UHFFFAOYSA-N,Cc1cc(C(=O)N2CCOc3ccc(-c4ccc(OC(F)(F)F)cc4)cc3C2)nn1C,ChEMBL,CHEMBL3923517,,6,Validation,1
MCTNBRWAIBGPHT-UHFFFAOYSA-N,O=C1c2cc(-c3ccc(OC4CC4)cc3)ccc2OCCN1Cc1ncccn1,ChEMBL,CHEMBL3928173,,6,Train,1
VXWPRALAVGPVFH-UHFFFAOYSA-N,O=C1c2cc(-c3ccc(OC(F)(F)F)cc3)ccc2OCCN1Cc1ccn(C(F)(F)F)n1,ChEMBL,CHEMBL3975909,,6,Train,1
VWBUIALZVIPEEM-UHFFFAOYSA-N,Cc1cc(OC(F)(F)F)ccc1-c1ccc2c(c1)C(=O)N(Cc1ncccn1)CCO2,ChEMBL,CHEMBL3956309,,6,Validation,1
PJIHRAREOBZKAL-UHFFFAOYSA-N,O=C1c2cc(-c3ccc(OC(F)(F)F)cc3)ccc2OCCN1CCNS(=O)(=O)c1ccccc1,ChEMBL,CHEMBL3915645,,6,Train,1
FSABECWIKSMENC-UHFFFAOYSA-N,O=C1c2cc(-c3ccc(OS(=O)(=O)C(F)(F)F)cc3)ccc2OCCN1Cc1ncccn1,ChEMBL,CHEMBL3932995,,6,Train,1
LVYNDEJJELKVGT-UHFFFAOYSA-N,O=C1c2cc(-c3ccc(Oc4ccc(F)cc4)cc3)ccc2OCCN1Cc1ncccn1,ChEMBL,CHEMBL3962694,,6,Validation,1
OKBSJGZYYFEAFA-UHFFFAOYSA-N,O=C1c2cc(-c3ccc(OC(F)(F)F)cc3)ncc2OCCN1CC1CC1,ChEMBL,CHEMBL3950172,,6,Train,1
QYRGKTOEMSMRJJ-UHFFFAOYSA-N,O=C1c2cc(-c3ccc(OC(F)(F)F)cc3)ccc2OCCN1Cc1ccn(C2CCCC2)n1,ChEMBL,CHEMBL3902084,,6,Train,1
OVVPZCLOCPASTJ-UHFFFAOYSA-N,O=C1c2cc(-c3ccc(OC(F)(F)F)cc3)ccc2OCCN1Cc1nccc(N2CCOCC2)n1,ChEMBL,CHEMBL3973542,,6,Train,1
LWAKEUDCOBUSSR-INIZCTEOSA-N,O=C1c2cc(-c3ccc(C(F)(F)F)cc3)ccc2OC[C@@H]2CN(CC(F)F)CCN12,ChEMBL,CHEMBL3942018,,6,Train,1
CHDCRQAUZJEGAJ-UHFFFAOYSA-N,O=C1c2cc(-c3ccc(C(F)(F)F)cc3F)ccc2OCCN1Cc1ncccc1F,ChEMBL,CHEMBL3983055,,6,Validation,1
LDLRWLMBBRLKRP-UHFFFAOYSA-N,O=C1c2cc(-c3ccc(OC(F)(F)F)cc3)ccc2OCCN1Cc1ccn(C(F)F)n1,ChEMBL,CHEMBL3978383,,6,Train,1
OYVZRYYHAIWUND-QGZVFWFLSA-N,CCN1CCN2C(=O)c3cc(-c4ccc(C(F)(F)F)cc4)ccc3OC[C@H]2C1,ChEMBL,CHEMBL3944681,,6,Validation,1
HIMBGARPISDCHO-UHFFFAOYSA-N,O=C1c2cc(-c3ccc(Cl)c(F)c3)ccc2OCCN1Cc1ccccn1,ChEMBL,CHEMBL3891751,,6,Train,1
NNUCIHIPQQFGAY-UHFFFAOYSA-N,O=C1c2cc(-c3ccc(OC(F)(F)F)cc3)ccc2OCCN1Cc1ccc(F)cc1,ChEMBL,CHEMBL3964703,,6,Train,1
KGMGPDTWDPLCBF-UHFFFAOYSA-N,CCn1ccc(CN2CCOc3ccc(-c4ccc(OC(F)(F)F)cc4)cc3C2=O)n1,ChEMBL,CHEMBL3899304,,6,Train,1
CNPQUOSYEPHJQV-UHFFFAOYSA-N,O=C1c2cc(-c3ccc(OC(F)(F)F)cc3)cc(F)c2OCCN1Cc1ccccc1,ChEMBL,CHEMBL3893431,,6,Validation,1
CKWBXLJNIGFGHF-UHFFFAOYSA-N,O=C1c2cc(-c3ccc(OC(F)(F)F)cc3)ccc2OCCN1Cc1ncc(Cl)cn1,ChEMBL,CHEMBL3937680,,6,Train,1
CAMAPZNNZUSOQP-MRXNPFEDSA-N,O=C1c2cc(-c3ccc(C(F)(F)F)cc3)ccc2OC[C@H]2CN(CC(F)(F)F)CCN12,ChEMBL,CHEMBL3945394,,6,Train,1
DIVBQMRSYCCWDL-UHFFFAOYSA-N,O=C1c2cc(-c3ccc(OC(F)(F)F)cc3)ccc2OCCN1Cc1c(F)cccc1F,ChEMBL,CHEMBL3946163,,6,Validation,1
ZVLQQFIHOJBWBD-UHFFFAOYSA-N,O=C(c1ccccc1)N1CCOc2ccc(-c3ccc(OC(F)(F)F)cc3)cc2C1,ChEMBL,CHEMBL3978585,,6,Validation,1
AYWLPUAFULBTEN-UHFFFAOYSA-N,O=C1c2cc(-c3ccc(Cl)cc3)ccc2OCCN1Cc1ncccn1,ChEMBL,CHEMBL3904393,,6,Train,1
MWEJLPTXKSYOJU-UHFFFAOYSA-N,CC(C)c1ccc(-c2ccc3c(c2)C(=O)N(Cc2ncccn2)CCO3)cc1,ChEMBL,CHEMBL3898406,,6,Train,1
ROAINBNNBRCGBU-UHFFFAOYSA-N,O=C1c2cc(CCc3ccc(C(F)(F)F)cc3)ccc2OCCN1Cc1ccccc1,ChEMBL,CHEMBL3908372,,6,Train,1
MHJPFFVIKSCMDS-UHFFFAOYSA-N,O=C1c2cc(-c3ccc(C4CC4)s3)ccc2OCCN1Cc1ccccn1,ChEMBL,CHEMBL3938931,,6,Train,1
AFBVXNLIIJEYBH-UHFFFAOYSA-N,O=C1c2cc(Nc3ccc(OC(F)(F)F)cc3)ccc2OCCN1Cc1ccccn1,ChEMBL,CHEMBL3902625,,6,Validation,1
SQDBFHXLDPVMOT-UHFFFAOYSA-N,O=C1c2cc(-c3ccc(OC(F)(F)F)cc3)c(F)cc2OCCN1Cc1ccccc1,ChEMBL,CHEMBL3947270,,6,Validation,1
IDTMKJDCHDUEOX-UHFFFAOYSA-N,CCc1ccc(-c2ccc3c(c2)C(=O)N(Cc2ncccn2)CCO3)cc1,ChEMBL,CHEMBL3942432,,6,Train,1
PAMPRKCCZNLXMM-UHFFFAOYSA-N,O=C1c2cc(-c3ccc(OC(F)(F)F)cc3)ccc2OCCN1Cc1ccc2c(c1)OCCO2,ChEMBL,CHEMBL3899176,,6,Train,1
NPXCECKIJBBKPJ-UHFFFAOYSA-N,O=C1c2cc(-c3ccc(C(F)(F)F)cc3)ccc2OCCN1Cc1ccccc1,ChEMBL,CHEMBL3935795,,6,Validation,1
RDQOUFQBZLSFIE-UHFFFAOYSA-N,O=C1CN(Cc2ccccc2)C(=O)c2cc(-c3ccc(C(F)(F)F)cc3)ccc2N1,ChEMBL,CHEMBL3952382,,6,Train,1
YSXIPTIFYUTDBA-UHFFFAOYSA-N,O=C1c2nc(-c3ccc(OC(F)(F)F)cc3)ccc2OCCN1Cc1ccccc1,ChEMBL,CHEMBL3958818,,6,Validation,1
FCZUTLDIHOXXHU-UHFFFAOYSA-N,O=C1c2cc(CCc3ccc(C(F)(F)F)cc3)ccc2OCCN1Cc1ccccn1,ChEMBL,CHEMBL3914962,,6,Train,1
RPXNJCVSRBNJHA-UHFFFAOYSA-N,O=C(NCCN1CCOc2ccc(-c3ccc(OC(F)(F)F)cc3)cc2C1=O)c1ncccn1,ChEMBL,CHEMBL3951246,,6,Train,1
MKAAVFTTYURDPX-UHFFFAOYSA-N,Cn1ccc(CN2CCOc3ccc(-c4ccc(OC(F)(F)F)cc4)cc3C2=O)n1,ChEMBL,CHEMBL3950515,,6,Train,1
WUBAHZMTIPHTRI-UHFFFAOYSA-N,O=C(c1cccc(C(F)(F)F)n1)N1CCOc2ccc(-c3ccc(OC(F)(F)F)cc3)cc2C1,ChEMBL,CHEMBL3904675,,6,Train,1
KUHUMCDEXJPABV-UHFFFAOYSA-N,CN1CCOc2ccc(-c3ccc(OC(F)(F)F)cc3)cc2C1=O,ChEMBL,CHEMBL3927651,,6,Validation,1
BAXXLVKEPYMMRG-UHFFFAOYSA-N,O=C1c2cc(-c3ccc(F)c(F)c3F)ccc2OCCN1Cc1ncccn1,ChEMBL,CHEMBL3971769,,6,Train,1
LTDJJHZEFKYWMI-UHFFFAOYSA-N,O=C1c2cc(-c3ccc(C(F)(F)F)cc3)ccc2OCCN1Cc1ncccc1F,ChEMBL,CHEMBL3916615,,6,Train,1
GAWJPDBFCNUFJB-UHFFFAOYSA-N,Cn1cc(C(=O)N2CCOc3ccc(-c4ccc(OC(F)(F)F)cc4)cc3C2)cn1,ChEMBL,CHEMBL3908817,,6,Train,1
QZLNNVAQYNJYSM-UHFFFAOYSA-N,O=C1c2cc(-c3ccc(F)c(F)c3)ccc2OCCN1Cc1ncccn1,ChEMBL,CHEMBL3964080,,6,Train,1
YNUAEEJQYHYLMS-MKQHWYKPSA-N,[2H]C1([2H])Oc2ccc(-c3ccc(OC(F)(F)F)cc3)cc2C(=O)N(Cc2ncccn2)C1([2H])[2H],ChEMBL,CHEMBL3972607,,6,Train,1
YUZOVUBVSIHVRZ-UHFFFAOYSA-N,CCOc1ccc(-c2ccc3c(c2)C(=O)N(Cc2ncccn2)CCO3)cc1,ChEMBL,CHEMBL3912762,,6,Train,1
QVTMCSWKUREICY-UHFFFAOYSA-N,O=C1c2cc(-c3ccc(OC(F)(F)F)cc3)ccc2OCCN1CC1CC1,ChEMBL,CHEMBL3970449,,6,Train,1
FQBFESQZNLUIFX-UHFFFAOYSA-N,O=C1c2cc(-c3ccc(OC(F)(F)F)cc3)ccc2OCCN1CC(F)F,ChEMBL,CHEMBL3970290,,6,Train,1
UUNCUEARFAIERT-UHFFFAOYSA-N,O=C1c2cc(-c3ccc(OC(F)(F)F)cc3)ccc2OCCN1Cc1ccc2ccccc2n1,ChEMBL,CHEMBL3979272,,6,Validation,1
FHFWXDQOBWUWEW-AWEZNQCLSA-N,C[C@H]1COc2ccc(-c3ccc(C(F)(F)F)cc3)cc2C(=O)N1Cc1ncccn1,ChEMBL,CHEMBL3895361,,6,Train,1
LFIICAHPWXLHID-UHFFFAOYSA-N,O=C1c2cc(-c3ccc(OC(F)(F)F)cc3)ccc2OCCN1CCO,ChEMBL,CHEMBL3966223,,6,Validation,1
LRPXFCIACYZBAP-UHFFFAOYSA-N,O=C(c1cnccn1)N1CCOc2ccc(-c3ccc(OC(F)(F)F)cc3)cc2C1,ChEMBL,CHEMBL3969863,,6,Validation,1
FOORLPBGPRHTSK-UHFFFAOYSA-N,Cn1ccnc1CN1CCOc2ccc(-c3ccc(OC(F)(F)F)cc3)cc2C1=O,ChEMBL,CHEMBL3927328,,6,Validation,1
RYIWHFYBSKNGBK-UHFFFAOYSA-N,Cn1cc(CN2CCOc3ccc(-c4ccc(OC(F)(F)F)cc4)cc3C2=O)cn1,ChEMBL,CHEMBL3969044,,6,Validation,1
DKYMPJAAEUKBHU-UHFFFAOYSA-N,CC(C)COc1ccc(-c2ccc3c(c2)C(=O)N(Cc2ncccn2)CCO3)cc1,ChEMBL,CHEMBL3953846,,6,Train,1
GKCGYWBQEMHUJS-UHFFFAOYSA-N,CC(C)(C)C1CC=C(c2ccc3c(c2)C(=O)N(Cc2ncccn2)CCO3)CC1,ChEMBL,CHEMBL3931140,,6,Validation,1
LWKTWZIRSDKYKO-UHFFFAOYSA-N,O=C1c2cc(-c3ccc(OC(F)(F)F)cc3)ccc2OCCN1CCc1ccccn1,ChEMBL,CHEMBL3971660,,6,Validation,1
OYVZRYYHAIWUND-KRWDZBQOSA-N,CCN1CCN2C(=O)c3cc(-c4ccc(C(F)(F)F)cc4)ccc3OC[C@@H]2C1,ChEMBL,CHEMBL3895345,,6,Train,1
WAJCGPLOCDVBLZ-UHFFFAOYSA-N,O=C1c2cc(C#Cc3ccc(C(F)(F)F)cc3)ccc2OCCN1Cc1ncccn1,ChEMBL,CHEMBL3917742,,6,Train,1
LFAYXZURNRGHNN-UHFFFAOYSA-N,Cc1cccnc1CN1CCOc2ccc(-c3ccc(OC(F)(F)F)cc3)cc2C1=O,ChEMBL,CHEMBL3986095,,6,Train,1
OUULAPRBWVTKBQ-UHFFFAOYSA-N,O=C1c2cc(-c3ccc(OC(F)F)cc3)ccc2OCCN1Cc1ccccn1,ChEMBL,CHEMBL3950094,,6,Train,1
RASRPZOJZPNLCM-UHFFFAOYSA-N,O=C1c2nc(-c3ccc(C(F)(F)F)cc3)ccc2OCCN1Cc1ccccc1,ChEMBL,CHEMBL3940986,,6,Train,1
UXHDPTLMEQPKQZ-SNVBAGLBSA-N,C[C@@H]1COc2ccc(-c3ccc(C(F)(F)F)cc3)cc2C(=O)N1,ChEMBL,CHEMBL3927588,,6,Train,1
VCLXRLYZVCWRIV-UHFFFAOYSA-N,O=C1c2cc(-c3ccc(OC(F)(F)F)cc3)ccc2OCCN1CCNS(=O)(=O)C1CC1,ChEMBL,CHEMBL3976281,,6,Validation,1
NIRADNOWPOTTLE-UHFFFAOYSA-N,Cn1cnc(CN2CCOc3ccc(-c4ccc(OC(F)(F)F)cc4)cc3C2=O)c1,ChEMBL,CHEMBL3922990,,6,Train,1
OAXHGJMRCNXHQD-UHFFFAOYSA-N,O=C(c1cccnn1)N1CCOc2ccc(-c3ccc(OC(F)(F)F)cc3)cc2C1,ChEMBL,CHEMBL3905935,,6,Train,1
FCQLMABIEHJLCD-UHFFFAOYSA-N,O=C1c2cc(-c3ccc(OC(F)(F)F)cc3)ccc2OCCN1Cc1ncc(-c2ccc(C(F)(F)F)nc2)cn1,ChEMBL,CHEMBL3968278,,6,Train,1
ZDXUJLYBXZCNJB-UHFFFAOYSA-N,O=C(c1ncccn1)N1CCOc2ccc(-c3ccc(OC(F)(F)F)cc3)cc2C1,ChEMBL,CHEMBL3915432,,6,Train,1
NDSSZZIINCIIEA-UHFFFAOYSA-N,Cc1ccnc(NC(=O)c2ccc(-c3ccc(Cl)cc3)o2)c1,ChEMBL,CHEMBL250048,,6,Train,1
WDPSPPSKXLCVMX-UHFFFAOYSA-N,Cc1cccc(NC(=N)c2ccc(-c3ccc(Cl)cc3)o2)c1.Cl,ChEMBL,CHEMBL539863,,6,Train,1
KJIAPUZHLFRJGD-UHFFFAOYSA-N,O=S1(=O)c2cc(-c3ccc(C(F)(F)F)cc3)ccc2OCCN1Cc1ncc(Cl)cn1,ChEMBL,CHEMBL3895882,,6,Train,1
WDPLYMNXGWWOSE-UHFFFAOYSA-N,O=C1c2cc(-c3ccc(OCC(F)(F)F)cc3)ccc2OCCN1Cc1ncccn1,ChEMBL,CHEMBL3966683,,6,Train,1
IXAYVXXLVQPBFE-UHFFFAOYSA-N,O=C1c2cc(-c3ccc(OC(F)(F)F)cc3)ccc2OCCN1Cc1nnc(C2CCC2)o1,ChEMBL,CHEMBL3909139,,6,Validation,1
JKGGTVBQZIHWJC-UHFFFAOYSA-N,O=C1c2cc(Oc3ccc(C(F)(F)F)cc3)ccc2OCCN1Cc1ncccn1,ChEMBL,CHEMBL3905291,,6,Validation,1
JQQLSIOQPFAGEC-UHFFFAOYSA-N,O=C1c2cc(-c3ccc(OC(F)(F)F)cc3)ccc2OCCN1Cc1nccc(N2CCCCC2)n1,ChEMBL,CHEMBL3909942,,6,Train,1
SCZHYOUGTOLWFK-UHFFFAOYSA-N,O=C1c2cc(-c3ccc(OCC(F)(F)F)c(F)c3)ccc2OCCN1Cc1ncccn1,ChEMBL,CHEMBL3917135,,6,Train,1
NAMHKKKOOFEVTH-UHFFFAOYSA-N,O=C1c2cc(-c3ccc(F)cc3)ccc2OCCN1Cc1ncccn1,ChEMBL,CHEMBL3937983,,6,Validation,1
XJZLPEYDVPIKOW-UHFFFAOYSA-N,O=C1c2cc(-c3ccc(OC(F)(F)F)cc3)ncc2OCCN1Cc1ccccc1,ChEMBL,CHEMBL3929512,,6,Train,1
FKGJWGGGYYXADU-UHFFFAOYSA-N,O=C1c2cc(-c3ccc(OC(F)(F)F)cc3)ccc2OCCN1Cc1ccccc1,ChEMBL,CHEMBL3919177,,6,Train,1
LMQYYNKCCVTNKO-UHFFFAOYSA-N,O=C1c2cc(-c3ccc(OC(F)(F)F)cc3)ccc2OCCN1CCCS(=O)(=O)N1CCC1,ChEMBL,CHEMBL3948624,,6,Train,1
KMOUVQLYURRDIU-UHFFFAOYSA-N,O=C(Cc1ncccn1)N1CCOc2ccc(-c3ccc(C(F)(F)F)cc3)cc2C1,ChEMBL,CHEMBL3963949,,6,Train,1
ORHUDOXFCOSXAH-LJQANCHMSA-N,O=C1c2cc(-c3ccc(C(F)(F)F)cc3)ccc2OC[C@H]2CN(Cc3ncccn3)CCN12,ChEMBL,CHEMBL3916245,,6,Validation,1
LWAKEUDCOBUSSR-MRXNPFEDSA-N,O=C1c2cc(-c3ccc(C(F)(F)F)cc3)ccc2OC[C@H]2CN(CC(F)F)CCN12,ChEMBL,CHEMBL3945219,,6,Train,1
DEFRKAOIZOQCCJ-UHFFFAOYSA-N,O=C1c2cc(-c3ccc(OC(F)(F)F)cc3)ccc2OCCN1Cc1ccc(F)c(F)c1,ChEMBL,CHEMBL3970035,,6,Validation,1
XNOHEVRUOXIEGW-UHFFFAOYSA-N,O=C1c2cc(-c3ccc(OC(F)(F)F)cc3)ccc2OCCN1Cc1c(Cl)cccc1Cl,ChEMBL,CHEMBL3943481,,6,Train,1
JESDSBCOTISVEB-UHFFFAOYSA-N,O=C1c2cc(-c3ccc(OC(F)(F)F)cc3)ccc2OCCN1CCn1cccn1,ChEMBL,CHEMBL3901768,,6,Train,1
GRFNAYSEHFLPRL-UHFFFAOYSA-N,O=C1c2cc(-c3ccc(OC(F)(F)F)cc3)ccc2OCCN1Cc1cccnc1,ChEMBL,CHEMBL3975434,,6,Train,1
NOSGHHSOTXLUOC-UHFFFAOYSA-N,O=C1c2cc(-c3ccc(OCC4CCC4)cc3)ccc2OCCN1Cc1ncccn1,ChEMBL,CHEMBL3891558,,6,Validation,1
OCVVFDMUQQGOCU-UHFFFAOYSA-N,O=C1c2cc(-c3ccc(Cl)cc3F)ccc2OCCN1Cc1ncccn1,ChEMBL,CHEMBL3980038,,6,Train,1
MJAJMUHRADIXLN-UHFFFAOYSA-N,Cc1ccnc(CN2CCOc3ccc(-c4ccc(OC(F)(F)F)cc4)cc3C2=O)n1,ChEMBL,CHEMBL3957196,,6,Train,1
UQUNQAUOWGGDML-UHFFFAOYSA-N,Cc1cc(C(F)(F)F)ccc1-c1ccc2c(c1)C(=O)N(Cc1ncccn1)CCO2,ChEMBL,CHEMBL3953517,,6,Train,1
GBXFBWBJZOEHDX-UHFFFAOYSA-N,O=C1c2cc(C3=CCCCC3)ccc2OCCN1Cc1ncccn1,ChEMBL,CHEMBL3968044,,6,Train,1
YYWFFPNURUFEFT-UHFFFAOYSA-N,Cc1cnn(CN2CCOc3ccc(-c4ccc(OC(F)(F)F)cc4)cc3C2=O)c1,ChEMBL,CHEMBL3946458,,6,Validation,1
ZRKXTKWJNKPHLO-MRXNPFEDSA-N,CC(C)[C@H]1COc2ccc(-c3ccc(C(F)(F)F)cc3)cc2C(=O)N1,ChEMBL,CHEMBL3948040,,6,Train,1
AXZZORQQFMRWQN-UHFFFAOYSA-N,O=C1c2cc(CCc3ccc(C(F)(F)F)cc3)ccc2OCCN1Cc1ncccn1,ChEMBL,CHEMBL3954307,,6,Validation,1
FLHUODDHEZABET-UHFFFAOYSA-N,O=C1c2cc(-c3cccc(C(F)(F)F)c3)ccc2OCCN1Cc1ncccn1,ChEMBL,CHEMBL3921430,,6,Train,1
OWDUOSUDGJLJOB-UHFFFAOYSA-N,Cc1cc2nnc(C(F)(F)F)n2cc1-c1ccc(OC(F)(F)F)cc1,ChEMBL,CHEMBL3809425,,6,Train,1
WJVKRZUNQBUESJ-UHFFFAOYSA-N,O=C1c2cc(-c3ccc(OC(F)(F)F)cc3)ccc2OCCN1Cc1ncccc1C(F)(F)F,ChEMBL,CHEMBL4793384,,6,Train,1
XAAYFRYNMJDXKB-UHFFFAOYSA-N,O=C1c2cc(-c3ccc(OC(F)(F)F)cc3)ccc2OCCN1Cc1cc(-c2ccccn2)on1,ChEMBL,CHEMBL3964859,,6,Validation,1
DQWRYVSFYIEJNJ-UHFFFAOYSA-N,COc1cc(OC)nc(CN2CCOc3ccc(-c4ccc(OC(F)(F)F)cc4)cc3C2=O)n1,ChEMBL,CHEMBL3906173,,6,Train,1
WLLZJUCQLWLBMF-UHFFFAOYSA-N,O=S1(=O)c2cc(-c3ccc(C(F)(F)F)cc3)ccc2OCCN1Cc1ncccn1,ChEMBL,CHEMBL3893160,,6,Train,1
BLUNPTAYXGVJEO-VOTSOKGWSA-N,O=C1c2cc(/C=C/c3ccc(C(F)(F)F)cc3)ccc2OCCN1Cc1ccccc1,ChEMBL,CHEMBL3911122,,6,Train,1
RGQDWQPNVJCOBZ-UHFFFAOYSA-N,O=C1c2cc(-c3ccc(OC(F)(F)F)cc3)ncc2OCCN1Cc1ncccc1F,ChEMBL,CHEMBL3919077,,6,Validation,1
KLYIVXSTHHWDCX-UHFFFAOYSA-N,Cc1ccnc(CN2CCOc3cnc(-c4ccc(OC(F)(F)F)cc4)cc3C2=O)n1,ChEMBL,CHEMBL3897799,,6,Validation,1
MFTSNIKLGHKKIW-UHFFFAOYSA-N,CCS(=O)(=O)NCCN1CCOc2ccc(-c3ccc(OC(F)(F)F)cc3)cc2C1=O,ChEMBL,CHEMBL3967102,,6,Validation,1
ZCGANHWFHSPIIK-UHFFFAOYSA-N,O=C1c2cc(-c3ccc(OC(F)(F)F)cc3)ncc2OCCN1Cc1ncccn1,ChEMBL,CHEMBL3983230,,6,Train,1
RWBQGVRNLZAJDM-UHFFFAOYSA-N,COc1ccnc(CN2CCOc3ccc(-c4ccc(OC(F)(F)F)cc4)cc3C2=O)n1,ChEMBL,CHEMBL3953032,,6,Train,1
ZVEQUAWXTHOYCG-UHFFFAOYSA-N,O=C1c2cc(-c3ccc(OC(F)(F)F)cc3)ccc2OCCN1Cc1nccn1Cc1ccccc1,ChEMBL,CHEMBL3930048,,6,Train,1
WCLBAKUNVKAYNY-UHFFFAOYSA-N,CC(C)(C)c1ccc(-c2ccc3c(c2)C(=O)N(Cc2ncccn2)CCO3)cc1,ChEMBL,CHEMBL3903810,,6,Train,1
JXNDSKLORQDUHC-UHFFFAOYSA-N,N#Cc1cccc(CN2CCOc3ccc(-c4ccc(OC(F)(F)F)cc4)cc3C2=O)n1,ChEMBL,CHEMBL3957408,,6,Train,1
PQCYIMBRJIUHBN-UHFFFAOYSA-N,CCOC(=O)c1cccc(CN2CCOc3ccc(-c4ccc(OC(F)(F)F)cc4)cc3C2=O)c1,ChEMBL,CHEMBL3915960,,6,Validation,1
FHFWXDQOBWUWEW-CQSZACIVSA-N,C[C@@H]1COc2ccc(-c3ccc(C(F)(F)F)cc3)cc2C(=O)N1Cc1ncccn1,ChEMBL,CHEMBL3961451,,6,Validation,1
MAPGMLCBFKPFQG-UHFFFAOYSA-N,O=C(c1cc[nH]n1)N1CCOc2ccc(-c3ccc(OC(F)(F)F)cc3)cc2C1,ChEMBL,CHEMBL3972552,,6,Validation,1
DYKJMFQJBLEUQO-UHFFFAOYSA-N,COCCN1CCOc2ccc(-c3ccc(OC(F)(F)F)cc3)cc2C1=O,ChEMBL,CHEMBL3892631,,6,Train,1
USPGYCNUDIUUHZ-CABCVRRESA-N,N[C@@H]1C[C@H]2COc3ccc(-c4ccc(C(F)(F)F)cc4)cc3C(=O)N2C1,ChEMBL,CHEMBL3892290,,6,Validation,1
GAWAEEHCJNODHR-UHFFFAOYSA-N,O=C1c2cc(-c3ccc(C4CC4)cc3)ccc2OCCN1Cc1ncccn1,ChEMBL,CHEMBL3930773,,6,Train,1
MEBJVCINTFAJMR-UHFFFAOYSA-N,O=C1c2cc(-c3ccc(Cl)c(F)c3)ccc2OCCN1Cc1ncccn1,ChEMBL,CHEMBL4797496,,6,Train,1
VJAXCBRFKIGWRW-UHFFFAOYSA-N,O=C1c2cc(-c3ccc(OC(F)(F)F)cc3)ccc2OCCN1Cc1nccc(C(F)(F)F)n1,ChEMBL,CHEMBL3918334,,6,Validation,1
YVPWHTVHQASGEU-UHFFFAOYSA-N,COc1ccnc(CN2CCOc3cnc(-c4ccc(OC(F)(F)F)cc4)cc3C2=O)n1,ChEMBL,CHEMBL3939557,,6,Train,1
VOTBLROURANVRM-UHFFFAOYSA-N,O=C1c2cc(-c3ccc(C(F)(F)F)c(F)c3)ccc2OCCN1Cc1ncccn1,ChEMBL,CHEMBL3961636,,6,Train,1
LHJGGACWZLWEPD-UHFFFAOYSA-N,O=C1c2cc(-c3ccc(C(F)(F)F)cc3)ccc2OCCN1Cc1cn2ccccc2n1,ChEMBL,CHEMBL3979410,,6,Train,1
IGZQYWCJKKQMNN-UHFFFAOYSA-N,O=C1NC(Cc2ccccn2)COc2ccc(-c3ccc(OC(F)(F)F)cc3)cc21,ChEMBL,CHEMBL3938570,,6,Train,1
PWQOYPGKBUBDKR-UHFFFAOYSA-N,CN(C)c1ccnc(CN2CCOc3ccc(-c4ccc(OC(F)(F)F)cc4)cc3C2=O)n1,ChEMBL,CHEMBL3919653,,6,Train,1
FBEIUXNFGUMCND-UHFFFAOYSA-N,O=C1c2cc(-c3ccc(OC(F)(F)F)cc3)ccc2OCCN1Cc1ccncc1,ChEMBL,CHEMBL3934887,,6,Validation,1
LUMHREITPSNQQC-UHFFFAOYSA-N,O=C1c2cc(-c3ccc(C4CC4)s3)ccc2OCCN1Cc1ncccn1,ChEMBL,CHEMBL3903304,,6,Validation,1
IJLDRKVBQBONQQ-UHFFFAOYSA-N,O=C1c2cc(-c3ccc(C(F)F)cc3)ccc2OCCN1Cc1ncccn1,ChEMBL,CHEMBL3981632,,6,Train,1
LEDQINOBZJEOFA-UHFFFAOYSA-N,O=C1c2cc(C#Cc3ccc(OC(F)(F)F)cc3)ccc2OCCN1Cc1ncccn1,ChEMBL,CHEMBL3939339,,6,Validation,1
HOUMFTGYZNTBEQ-UHFFFAOYSA-N,CN(c1ccc(OC(F)(F)F)cc1)c1ccc2c(c1)C(=O)N(Cc1ncccn1)CCO2,ChEMBL,CHEMBL3932876,,6,Train,1
GQJLHXDZELXXBH-UHFFFAOYSA-N,O=C1c2cc(-c3ccc(OC(F)(F)F)cc3)ccc2OCCN1CCN1CCCC1,ChEMBL,CHEMBL3894742,,6,Validation,1
XJEIZUSJYVOBBN-UHFFFAOYSA-N,O=C1c2cc(-c3cccc(Oc4ccccc4)c3)ccc2OCCN1Cc1ncccn1,ChEMBL,CHEMBL3925249,,6,Train,1
FRPJGTNLZNXQEX-UHFFFAOYSA-N,c1ccc(N2CCN(Cc3nc4ccccc4[nH]3)CC2)nc1,ChEMBL,CHEMBL440687,,6,Train,1
JBTGSFIEOSACRJ-UHFFFAOYSA-N,COc1ccc2c(c1)NC1(CCN(C(=O)c3ccc4ncccc4c3)CC1)c1cccn1-2,PubChem,,49869305,5.985479461,Train,1
CZZSYEPBDUZHLQ-OAQYLSRUSA-N,O=S(=O)(Nc1ncccn1)c1ccc2c(c1)OCC[C@@H]2c1ccc(C(F)(F)F)cc1-c1ccc(F)cc1,ChEMBL,CHEMBL4648959,,5.971022295,Validation,1
UAPJABKCJMAYRE-UHFFFAOYSA-N,CCc1ccc(N2CCOc3cc(S(=O)(=O)Nc4nccs4)ccc32)c(C#N)c1,PubChem,,89761728,5.962573502,Train,1
DNCHCTMVAWUDIV-UHFFFAOYSA-N,CCOc1ccc(C(=O)NC(=N)NCCCCc2ccccc2)cc1,ChEMBL,CHEMBL108727,,5.958607315,Validation,1
GRYVZXPJYFDBIS-PHGCRLBGSA-N,CCCC[C@@H]1NC(=O)[C@H](Cc2ccccc2)NC(=O)CNC(=O)[C@H](CC(C)C)NC(=O)[C@@H](NC(=O)[C@@H](N)CC(=O)O)CSSC[C@@H]2NC(=O)[C@@H]3CSSC[C@@H](C(=O)N[C@@H](CCCCN)C(=O)N[C@@H](Cc4ccc(O)cc4)C(=O)N[C@H](C(=O)N[C@@H](Cc4ccccc4)C(N)=O)C(C)C)NC(=O)[C@H](Cc4c[nH]c5ccccc45)NC(=O)[C@H](CCCCN)NC(=O)[C@H](Cc4cnc[nH]4)NC(=O)[C@H]([C@@H](C)O)NC(=O)[C@H](CCCNC(=N)N)NC(=O)[C@H](CO)NC(=O)[C@H](CSSC[C@H](NC(=O)[C@H](CCCCN)NC(=O)[C@H](CCCNC(=N)N)NC1=O)C(=O)N[C@@H]([C@@H](C)CC)C(=O)N1CCC[C@H]1C(=O)N[C@@H](CC(=O)O)C(=O)N[C@@H](CC(N)=O)C(=O)N[C@@H](CC(=O)O)C(=O)N[C@@H](CCCCN)C(=O)N3)NC(=O)[C@H](C(C)C)NC(=O)[C@H](CC(C)C)NC(=O)[C@H](CC(N)=O)NC(=O)[C@@H]1CCCN1C(=O)[C@H](CCCNC(=N)N)NC2=O,ChEMBL,CHEMBL3416931,,5.958607315,Validation,1
YQXKZWDOFHUTAF-UHFFFAOYSA-N,COc1cc(-c2nnc(S(=O)(=O)C3CCC3)[nH]2)c(F)cc1-c1cnc(OCC(C)C)c(Cl)c1,ChEMBL,CHEMBL4129942,,5.958607315,Train,1
RLBBJINJWALGGU-UHFFFAOYSA-N,O=C(Nc1cccc(C(F)(F)F)c1-c1cccnc1)c1cccc(-c2ccccn2)c1,ChEMBL,CHEMBL4100514,,5.958607315,Train,1
HWAIAGZSWHOLLK-UHFFFAOYSA-N,Cc1cc(Oc2nccc3occc23)ccc1-c1c(C)ncc2nccn12,PubChem,,75201901,5.958607315,Train,1
OVCBYEXPONMHTH-OAQYLSRUSA-N,Cc1ccc(-c2cc(C(F)(F)F)ccc2[C@H]2CCOc3cc(S(=O)(=O)Nc4ccncn4)ccc32)cn1,ChEMBL,CHEMBL4640506,,5.957424488,Validation,1
YLULYCIEBXPWQL-UHFFFAOYSA-N,COc1ccc2c(c1)NC1(CCN(C(=O)c3ccc4c(c3)N(C)CCO4)CC1)c1cccn1-2,ChEMBL,CHEMBL3337594,,5.943857738,Train,1
UIMPCHDIZWNKAO-UHFFFAOYSA-N,N#Cc1cc(C(F)(F)F)ccc1N1CCOc2cc(S(=O)(=O)Nc3ccncn3)ccc21,ChEMBL,CHEMBL3928121,,5.943095149,Train,1
RBBCZOXFOZGGIY-UHFFFAOYSA-N,O=S(=O)(Nc1nccs1)c1ccc2c(c1)OCCN2c1ccc(C(F)(F)F)cc1CO,PubChem,,89761909,5.943095149,Train,1
BWLXHOXMMNBFPO-UHFFFAOYSA-N,N#Cc1cc(C(F)(F)F)ccc1N1CCOc2cc(S(=O)(=O)Nc3nccs3)ccc21,PubChem,,89761281,5.93930216,Train,1
QGMBWOGCDHGIBF-GOSISDBHSA-N,Cc1nc(-c2cc(C(F)(F)F)ccc2[C@H]2CCOc3cc(S(=O)(=O)Nc4ccncn4)ccc32)co1,ChEMBL,CHEMBL4647620,,5.932557157,Train,1
BTTKDIOGEICZEV-UHFFFAOYSA-N,O=C(NCc1ccc(OC(F)(F)F)cc1)C1c2ccccc2C(=O)N1CCc1ccc(F)cn1,ChEMBL,CHEMBL2164047,,5.920818754,Train,1
HNAWVZOYAZNTDV-UHFFFAOYSA-N,O=C(Nc1cccc(C(F)(F)F)c1-c1ncccc1F)c1cccc(-c2ncccc2C(F)(F)F)c1,ChEMBL,CHEMBL4064479,,5.920818754,Train,1
RIZAVMPJLRUDKF-UHFFFAOYSA-N,N#Cc1ccc(Oc2ccc(Nc3nccc(N)n3)cc2)cc1,ChEMBL,CHEMBL2012032,,5.920818754,Train,1
HSQQNLBVOVGTFS-UHFFFAOYSA-N,CCCCCCCSc1nc(N)cc(O)n1,ChEMBL,CHEMBL1425238,,5.920818754,Train,1
XSYRPGQSNLOMKV-UHFFFAOYSA-N,O=C(c1ccccc1)c1ccc(OCC(O)CN2CCC(N3Cc4ccccc4C3=O)CC2)cc1,PubChem,,122196020,5.920818754,Train,1
DPGGLWZLGNNQIP-UHFFFAOYSA-N,N#Cc1cc(-c2ccc(F)cc2)ccc1N1CCOc2cc(S(=O)(=O)Nc3nccs3)ccc21,PubChem,,89762630,5.913640169,Train,1
FQJDSGMAKKSCMD-UHFFFAOYSA-N,O=S(=O)(Nc1ccncn1)c1ccc2c(c1)OCCN2c1ccc(C(F)(F)F)cc1C1=CCNCC1,ChEMBL,CHEMBL3934179,,5.886056648,Train,1
ABVIXXJLCFJLHB-UHFFFAOYSA-N,Cc1ccc(Cl)c(Oc2ncc(-c3cc(F)c(-c4nnc(S(=O)(=O)CC5CC5)[nH]4)cc3F)cc2Cl)c1,ChEMBL,CHEMBL4126519,,5.886056648,Train,1
ILRYYTDUGVPGAN-QRWLVFNGSA-N,O=S(=O)(Nc1nccs1)c1cc(Cl)c(NC[C@H]2CCCO[C@H]2c2ccccc2)cc1F,ChEMBL,CHEMBL4073933,,5.886056648,Train,1
GVZKTEGYBIZGFB-XMMPIXPASA-N,O=C(NCc1ccccc1)[C@@H](c1ccccc1)N1CCN(C(=O)c2cc(F)cc(F)c2)CC1,PubChem,,100657083,5.886056648,Train,1
SBPVURWDCDIEEE-UHFFFAOYSA-N,COc1cc(C#N)ccc1N1CCOc2cc(S(=O)(=O)Nc3nccs3)c(F)cc21,ChEMBL,CHEMBL3920827,,5.882728704,Train,1
BCWBNSSZRLWCHD-OAQYLSRUSA-N,Cc1ccc(-c2cc(C(F)(F)F)ccc2[C@H]2CCOc3cc(S(=O)(=O)Nc4cccc(F)n4)ccc32)cn1,PubChem,,126668526,5.882066165,Validation,1
MIGUNWYRDMCMDZ-UHFFFAOYSA-N,NC(=O)c1cc(C(N)=O)n(-c2cccc(-c3cc(C(F)(F)F)ccc3C(F)(F)F)c2)n1,ChEMBL,CHEMBL1631095,,5.879426069,Train,1
JXHPNJOQWHIFAF-UHFFFAOYSA-N,COc1ccc2c(c1)NC1(CCN(C(=O)c3ccc(N(C)C)c(OC)c3)CC1)c1cccn1-2,ChEMBL,CHEMBL3322778,,5.876475019,Train,1
WMEAXSRRVVRGQA-UHFFFAOYSA-N,O=S(=O)(Nc1ncns1)c1ccc2c(c1)OCCN2c1ccc(C(F)(F)F)cc1-c1cccnc1,PubChem,,71711300,5.876148359,Train,1
RCRIKUQWNCZJIN-UHFFFAOYSA-N,Cc1onc(-c2c(Cl)cccc2Cl)c1NC(=O)OCc1ccc(OC2CCCC2)nc1,ChEMBL,CHEMBL1797392,,5.870000928,Validation,1
YBPKUYHMTYRITD-UHFFFAOYSA-N,Nc1cncc(Nc2ccc(Oc3ccc(OC(F)(F)F)cc3)cc2)n1,PubChem,,57328465,5.860120914,Train,1
CYBITNCPJFQMIJ-UHFFFAOYSA-N,Nc1noc2ccc(-c3cc(Cl)ccc3Oc3cc(F)c(S(=O)(=O)Nc4ncns4)cc3F)cc12,PubChem,,71559365,5.860120914,Train,1
ZGBOGHHZYOLAIZ-UHFFFAOYSA-N,CC1COc2cc(S(=O)(=O)Nc3nccs3)ccc2N1c1ccc(C(F)(F)F)cc1C#N,ChEMBL,CHEMBL3929191,,5.853871964,Train,1
RUYBNJLLFWMLFN-UHFFFAOYSA-N,O=S(=O)(Nc1nccs1)c1cc(Cl)c(NC2CCOC2)cc1F,ChEMBL,CHEMBL4097000,,5.853871964,Train,1
UKTNDHDKOFVMKY-UHFFFAOYSA-N,Nc1ccnc(Nc2ccc(Oc3ccc(Cl)cc3)cc2)c1,ChEMBL,CHEMBL2012014,,5.853871964,Train,1
XURUWTMQUSVZTG-UHFFFAOYSA-N,N#Cc1ccc(C(=O)N2CCC3(CC2)Nc2cc(OC(F)(F)F)ccc2-n2cccc23)cc1,ChEMBL,CHEMBL3322668,,5.838033384,Validation,1
WVZIXWYXPAZXFV-UHFFFAOYSA-N,N#Cc1cc(C(F)(F)F)ccc1N1CCOc2cc(S(=O)(=O)Nc3ncns3)ccc21,ChEMBL,CHEMBL3954510,,5.835647144,Validation,1
BPBGIOCKNVNDRU-UHFFFAOYSA-N,CS(=O)(=O)NC(=O)c1cc(Cl)c(OCC23CC4CC(CC(C4)C2)C3)cc1F,ChEMBL,CHEMBL3341985,,5.828273546,Train,1
WJAUGBYKEAKDEA-UHFFFAOYSA-N,O=S(=O)(Nc1nccs1)c1cc(Cl)c(NC2CC3(COC3)C2)cc1F,ChEMBL,CHEMBL4086750,,5.823908741,Train,1
BXXHSWZOLFWSPZ-UHFFFAOYSA-N,COc1cc(-c2cccc(F)c2)c(Cl)cc1-c1nccc2cc(S(=O)(=O)Nc3ncns3)ccc12,PubChem,,86687602,5.823908741,Train,1
HIIDJDRWZXTWHJ-UHFFFAOYSA-N,COc1cc(C(=O)NC(=N)NCCCCc2ccccc2)cc(OC)c1OC,ChEMBL,CHEMBL110164,,5.821023053,Validation,1
HCYAFALTSJYZDH-UHFFFAOYSA-N,CNCCCN1c2ccccc2CCc2ccccc21,PubChem,,2995,5.818156412,Train,1
GMVZSLZPAPKUEY-UHFFFAOYSA-N,O=S(=O)(Nc1nccs1)c1ccc2c(c1)OCCN2c1ccc(Cl)cc1OC(F)F,ChEMBL,CHEMBL3948159,,5.806875402,Validation,1
MIQLGALOHDCCLT-UHFFFAOYSA-N,FC(F)(F)c1nc(OC2CCN(Cc3cscn3)CC2)c2ccn(Cc3ccccc3)c2n1,ChEMBL,CHEMBL2012246,,5.804100348,Train,1
HXGBXQDTNZMWGS-RUZDIDTESA-N,NC(=O)C(c1ccccc1)(c1ccccc1)[C@@H]1CCN(CCc2ccc3c(c2)CCO3)C1,ChEMBL,CHEMBL1346,,5.800000875,Train,1
KIUXNJQZXKKJTD-UHFFFAOYSA-N,Cc1cnc(-c2c(F)ccc(F)c2CCNC(=O)c2ccc(COCC(F)(F)F)nc2)cn1,ChEMBL,CHEMBL2147309,,5.800000875,Train,1
FXZYWCNWWRAMSO-UHFFFAOYSA-N,COc1cnc(-c2c(F)ccc(F)c2CCNC(=O)c2ccc(COCC(F)(F)F)nc2)cn1,PubChem,,71460108,5.800000875,Train,1
TTZMPKHSTNMDRT-UHFFFAOYSA-N,O=C(NCc1ccc(C(F)(F)F)cc1)C1c2ccccc2C(=O)N1CCc1ccccn1,ChEMBL,CHEMBL2164387,,5.795880017,Validation,1
KRMDCWKBEZIMAB-UHFFFAOYSA-N,CN(C)CCC=C1c2ccccc2CCc2ccccc21,ChEMBL,CHEMBL629,,5.795880017,Train,1
AUOBIBBRTBVGBO-LBPRGKRZSA-N,CC(C)C[C@H](N)Cc1nc(-c2ccc(Cl)cc2)no1,PubChem,,137645959,5.795880017,Train,1
FCDSSBHTPHSGBA-UHFFFAOYSA-N,N#Cc1ccc(Cl)cc1N1CCOc2cc(S(=O)(=O)Nc3nccs3)ccc21,ChEMBL,CHEMBL3911405,,5.793174124,Validation,1
CIUYUJJQZDDGTM-UHFFFAOYSA-N,Cc1noc(Cn2nc3ccc(-c4ccc(OC(F)(F)F)cc4)cn3c2=O)n1,ChEMBL,CHEMBL3809641,,5.791827473,Train,1
YJBZPBPCVQAIFA-UHFFFAOYSA-N,COc1cc2nnc(C(F)(F)F)n2cc1-c1ccc(OC(F)(F)F)cc1,ChEMBL,CHEMBL3808737,,5.783306401,Train,1
OQNZBBTUQPXYHS-UHFFFAOYSA-N,COc1ccc2c(c1)NC1(CCN(C(=O)c3ccc4c(ccn4C)c3)CC1)c1cccn1-2,PubChem,,67523656,5.781727146,Train,1
GXLQUCURFBINPN-UHFFFAOYSA-N,Nc1ccnc(Nc2ccc(Oc3cccc(Cl)c3)cc2)n1,ChEMBL,CHEMBL2012026,,5.769551079,Validation,1
ZKCMVJKNFIHAOD-UHFFFAOYSA-N,CC(C)COc1ncc(-c2cn(C(C)C)c3cc(C(=O)NS(C)(=O)=O)ccc23)cc1Cl,ChEMBL,CHEMBL4435148,,5.769551079,Train,1
FWOFOQXHCXPWFC-UHFFFAOYSA-N,O=S(=O)(Nc1ncns1)c1cc(F)c(OC2OCCNC2c2ccc(Cl)cc2Cl)cc1F,PubChem,,145967129,5.769551079,Train,1
PAVJTIZKZGBFDO-UHFFFAOYSA-N,COc1ccc2c(c1)NC1(CCN(C(=O)c3ccc4cccnc4c3)CC1)c1cccn1-2,ChEMBL,CHEMBL3337600,,5.761452112,Train,1
ARBHZAIGPOZDTK-UHFFFAOYSA-N,Cc1ccccc1C(=O)NC(N)=NCCCCc1ccccc1,PubChem,,22149271,5.756961951,Train,1
VUMYRGFVDHGXHW-UHFFFAOYSA-N,Nc1cncc(Nc2ccc(Oc3ccccc3)cc2)n1,ChEMBL,CHEMBL2012039,,5.744727495,Train,1
ZJNBTZRRUMSOPS-NQIWTSOKSA-N,CC[C@H](C)[C@@H]1NC(=O)[C@@H]2CSSC[C@@H]3NC(=O)[C@H](C(C)C)NC(=O)[C@H](CC(C)C)NC(=O)[C@H](CC(N)=O)NC(=O)[C@@H]4CCCN4C(=O)[C@H](CCCNC(=N)N)NC(=O)[C@H](CSSC[C@H](NC(=O)[C@@H](N)CC(=O)O)C(=O)N[C@@H](CC(C)C)C(=O)NCC(=O)N[C@@H](Cc4ccccc4)C(=O)N[C@@H](CCSC)C(=O)N[C@@H](CCCNC(=N)N)C(=O)N[C@@H](CCCCN)C(=O)N2)NC(=O)[C@H](CSSC[C@@H](C(=O)N[C@@H](CCCCN)C(=O)N[C@@H](Cc2ccc(O)cc2)C(=O)N[C@H](C(=O)N[C@@H](Cc2cccc4ccccc24)C(N)=O)C(C)C)NC(=O)[C@H](Cc2c[nH]c4ccccc24)NC(=O)[C@H](CCCCN)NC(=O)[C@H](Cc2cnc[nH]2)NC(=O)[C@H]([C@@H](C)O)NC(=O)[C@H](CCCNC(=N)N)NC(=O)[C@H](CO)NC3=O)NC(=O)[C@H](CCCCN)NC(=O)[C@H](CC(=O)O)NC(=O)[C@H](CC(N)=O)NC(=O)[C@H](CC(=O)O)NC(=O)[C@@H]2CCCN2C1=O,ChEMBL,CHEMBL3798843,,5.744727495,Train,1
RBIUYLHWIPLFAR-UHFFFAOYSA-N,CC(C)COc1ncc(-c2cc(F)c(-c3n[nH]c(S(=O)(=O)C4CCC4)n3)cc2F)cc1Cl,PubChem,,145963617,5.744727495,Train,1
KLBQZWRITKRQQV-UHFFFAOYSA-N,CSc1ccc2c(c1)N(CCC1CCCCN1C)c1ccccc1S2,ChEMBL,CHEMBL479,,5.73754891,Train,1
KTYPXYDRNKHYHU-UHFFFAOYSA-N,CC1CN(c2ccc(C(F)(F)F)cc2C#N)c2ccc(S(=O)(=O)Nc3nccs3)cc2O1,ChEMBL,CHEMBL3913715,,5.735182177,Train,1
FMXBERTWTQKUTI-UHFFFAOYSA-N,O=S(=O)(Nc1nccs1)c1ccc2c(c1)OCCN2c1ccc(C(F)(F)F)cc1Br,PubChem,,89761535,5.732828272,Train,1
ZRWPQWBCQJFRQE-UHFFFAOYSA-N,Cn1nccc1-c1cc(C(F)(F)F)ccc1N1CCOc2cc(S(=O)(=O)Nc3ncns3)ccc21,ChEMBL,CHEMBL3919513,,5.728158394,Train,1
ULDFOMIOZLCSHC-UHFFFAOYSA-N,N#Cc1cc(-c2ccccc2F)ccc1N1CCOc2cc(S(=O)(=O)Nc3nccs3)ccc21,PubChem,,89762621,5.725842151,Train,1
FNGXQPVWYXMHOW-UHFFFAOYSA-N,Cc1cccc(CCN2C(=O)c3ccccc3C2C(=O)NCc2ccc(OC(F)(F)F)cc2)n1,ChEMBL,CHEMBL2164356,,5.721246399,Train,1
LEGRQHYTNOZRDA-UHFFFAOYSA-N,O=C(Nc1cccc(C(F)(F)F)c1-c1ccccn1)c1cccc(-c2ncccc2C(F)F)c1,ChEMBL,CHEMBL4084926,,5.721246399,Train,1
CSOHOVNDSVOKJI-UHFFFAOYSA-N,O=S(=O)(Nc1ncc(F)s1)c1cc(Cl)c(NCC23CCCN2CCC3)cc1F,ChEMBL,CHEMBL4080553,,5.721246399,Train,1
WYPRLYFVLKDLJA-UHFFFAOYSA-N,O=C(NCc1ccc(OC(F)(F)F)cc1)C1c2ccccc2C(=O)N1CC(F)(F)c1ccccn1,ChEMBL,CHEMBL2164363,,5.721246399,Train,1
YJQYKCOMUJMJND-UHFFFAOYSA-N,CC1CC(CNc2cc(F)c(S(=O)(=O)Nc3nccs3)cc2Cl)CC(C)O1,ChEMBL,CHEMBL4084713,,5.721246399,Train,1
UDLDRWWTJMCAEM-UHFFFAOYSA-N,NC1CCC(CNc2cc(F)c(S(=O)(=O)Nc3nccs3)cc2Cl)CC1,PubChem,,134477062,5.721246399,Train,1
RXLSFOOVMZRZMK-UHFFFAOYSA-N,CS(=O)(=O)NC(=O)c1ccc(OCC23CC4CC(CC(C4)C2)C3)c(Br)c1,ChEMBL,CHEMBL3657852,,5.709965389,Train,1
CFWANNDTQNLLHL-UHFFFAOYSA-N,COc1cc(C(F)(F)F)ccc1N1CCOc2cc(S(=O)(=O)Nc3nccs3)ccc21,ChEMBL,CHEMBL3983724,,5.7000571,Train,1
FAKWTGCDJRCHLT-INIZCTEOSA-N,CN1CCN(c2cccc3c2C[C@H](NC(=O)c2ccc(OC(F)(F)F)cc2)CO3)CC1,ChEMBL,CHEMBL2069400,,5.700000504,Train,1
USTPUKPHUQZTTM-UHFFFAOYSA-N,O=S(=O)(Nc1nccs1)c1cc(Cl)c(NCCC2CCCOC2)cc1F,ChEMBL,CHEMBL4094490,,5.698970004,Train,1
GIQYVHZISTVSOH-UHFFFAOYSA-N,Nc1ccnc(Nc2ccc(Oc3ccc(C4CC4)cc3)cc2)n1,PubChem,,70695764,5.698970004,Train,1
WKHNOPNLWLSUBU-UHFFFAOYSA-N,Cc1cccc(NC(=O)c2ccc(-c3ccc(C#N)cc3)o2)c1,PubChem,,24778289,5.698970004,Train,1
RABYWLVSNQJGCA-UHFFFAOYSA-N,N#CCc1cccc(N2CCOc3cc(S(=O)(=O)Nc4nccs4)ccc32)c1,PubChem,,71711980,5.696803943,Train,1
BBSAEKOKKBAQRH-RAEWPMIESA-N,CC[C@H](C)[C@@H]1NC(=O)[C@@H]2CSSC[C@@H]3NC(=O)[C@H](C(C)C)NC(=O)[C@H](CC(C)C)NC(=O)[C@H](CC(N)=O)NC(=O)[C@@H]4CCCN4C(=O)[C@H](CCCNC(=N)N)NC(=O)[C@H](CSSC[C@H](NC(=O)[C@@H](N)CC(=O)O)C(=O)N[C@@H](CC(C)C)C(=O)NCC(=O)N[C@@H](Cc4ccc(-c5ccccc5)cc4)C(=O)N[C@@H](CCSC)C(=O)N[C@@H](CCCNC(=N)N)C(=O)N[C@@H](CCCCN)C(=O)N2)NC(=O)[C@H](CSSC[C@@H](C(=O)N[C@@H](CCCCN)C(=O)N[C@@H](Cc2ccc(O)cc2)C(=O)N[C@H](C(=O)N[C@@H](Cc2ccccc2)C(N)=O)C(C)C)NC(=O)[C@H](Cc2c[nH]c4ccccc24)NC(=O)[C@H](CCCCN)NC(=O)[C@H](Cc2cnc[nH]2)NC(=O)[C@H]([C@@H](C)O)NC(=O)[C@H](CCCNC(=N)N)NC(=O)[C@H](CO)NC3=O)NC(=O)[C@H](CCCCN)NC(=O)[C@H](CC(=O)O)NC(=O)[C@H](CC(N)=O)NC(=O)[C@H](CC(=O)O)NC(=O)[C@@H]2CCCN2C1=O,ChEMBL,CHEMBL3416930,,5.677780705,Train,1
DAXAEGQNFHDYBP-UHFFFAOYSA-N,COc1ccc(C(=O)NC(=N)NCCCCc2ccccc2)cc1,ChEMBL,CHEMBL321883,,5.677780705,Train,1
AQHHHDLHHXJYJD-UHFFFAOYSA-N,CC(C)NCC(O)COc1cccc2ccccc12,PubChem,,4946,5.677780705,Train,1
GMNUDKNXDRQFJE-UHFFFAOYSA-N,Cc1ccc(Cn2ccc3c(OC4CCN(Cc5cscn5)CC4)ncnc32)cc1,PubChem,,70693670,5.657577319,Train,1
RIIFJYCHZCTTGN-UHFFFAOYSA-N,COCCOc1ccc2c(c1)NC1(CCN(C(=O)c3ccc(OC)c(N(C)C)c3)CC1)c1cccn1-2,ChEMBL,CHEMBL3337586,,5.654430244,Train,1
KSNARODGSPJGFQ-UHFFFAOYSA-N,COc1ccc(-c2ccc3nnc(C(F)(F)F)n3c2)cc1,PubChem,,66849358,5.653451442,Train,1
JWHAUXFOSRPERK-UHFFFAOYSA-N,CCCNCC(O)COc1ccccc1C(=O)CCc1ccccc1,ChEMBL,CHEMBL631,,5.648783655,Train,1
VEPOUAJAHSNKFB-UHFFFAOYSA-N,O=S(=O)(Nc1ncccn1)c1ccc2c(c1)OCCN2c1ccc(C(F)(F)F)cc1C1=CCNCC1,PubChem,,71711693,5.645891561,Train,1
UBFIQTSBRZABKM-UHFFFAOYSA-N,Cc1cc(Nc2nccc(N)n2)ccc1Oc1ccc(Cl)cc1,ChEMBL,CHEMBL2012025,,5.643974143,Train,1
ASWGBGOZLVLEKP-UHFFFAOYSA-N,CC(C)(C)OC(=O)N1CC=C(c2cc(C(F)(F)F)ccc2N2CCOc3cc(S(=O)(=O)Nc4ncns4)ccc32)CC1,ChEMBL,CHEMBL3946087,,5.640164518,Validation,1
GZKLJWGUPQBVJQ-UHFFFAOYSA-N,O=C1NCCN1CCN1CCC(c2cn(-c3ccc(F)cc3)c3ccc(Cl)cc23)CC1,ChEMBL,CHEMBL12713,,5.638272164,Train,1
OWKCSDFZMUWPDJ-UHFFFAOYSA-N,O=C(c1ccc(-c2ccc(Cl)cc2)o1)N1CCN(C2CCCCC2)CC1,PubChem,,44585595,5.638272164,Train,1
JYYKEMPXQHPLKT-PLOILZSBSA-N,CC[C@H](C)[C@@H]1NC(=O)[C@@H]2CSSC[C@@H]3NC(=O)[C@H](C(C)C)NC(=O)[C@H](CC(C)C)NC(=O)[C@H](CC(N)=O)NC(=O)[C@@H]4CCCN4C(=O)[C@H](CCCNC(=N)N)NC(=O)[C@H](CSSC[C@H](NC(=O)[C@@H](N)CC(=O)O)C(=O)N[C@@H](CC(C)C)C(=O)NCC(=O)N[C@@H](Cc4ccccc4)C(=O)N[C@@H](Cc4cccc5ccccc45)C(=O)N[C@@H](CCCNC(=N)N)C(=O)N[C@@H](CCCCN)C(=O)N2)NC(=O)[C@H](CSSC[C@@H](C(=O)N[C@@H](CCCCN)C(=O)N[C@@H](Cc2ccc(O)cc2)C(=O)N[C@H](C(=O)N[C@@H](Cc2ccccc2)C(N)=O)C(C)C)NC(=O)[C@H](Cc2c[nH]c4ccccc24)NC(=O)[C@H](CCCCN)NC(=O)[C@H](Cc2cnc[nH]2)NC(=O)[C@H]([C@@H](C)O)NC(=O)[C@H](CCCNC(=N)N)NC(=O)[C@H](CO)NC3=O)NC(=O)[C@H](CCCCN)NC(=O)[C@H](CC(=O)O)NC(=O)[C@H](CC(N)=O)NC(=O)[C@H](CC(=O)O)NC(=O)[C@@H]2CCCN2C1=O,PubChem,,118734482,5.638272164,Train,1
LCRPTZQRDMYLHU-UHFFFAOYSA-N,Cc1cc(C#N)cc(N2CCOc3cc(S(=O)(=O)Nc4nccs4)ccc32)c1,PubChem,,71712183,5.632644079,Train,1
IHQWVSWBLFWHGH-UHFFFAOYSA-N,COc1cc(C(=O)NS(C)(=O)=O)ccc1-c1cnc(Oc2cc(Cl)cc(Cl)c2)c(C(F)(F)F)c1,ChEMBL,CHEMBL4576210,,5.628932138,Train,1
UYMMSPWMWQCYDE-UHFFFAOYSA-N,Cn1cc(C2CCCCC2)c2ccc(C(=O)NS(=O)(=O)C3CC3)cc21,ChEMBL,CHEMBL4457708,,5.619788758,Train,1
MJFJLDQHFLELII-XUNZJTMSSA-N,O=C(NCc1ccccc1)[C@@H](c1ccccc1)N1CC2CC(C1)N2C(=O)c1cc(F)ccc1Cl,PubChem,,145978986,5.619788758,Train,1
BWWRBCAHWUDPJX-UHFFFAOYSA-N,COc1ccc2c(c1)NC1(CC3CN(C(=O)c4ccc(OC)c(N(C)C)c4)CC3C1)c1cccn1-2,PubChem,,118714779,5.610833916,Validation,1
WVJKDMPACGWVKV-UHFFFAOYSA-N,COc1cc(C(F)(F)F)ccc1-c1ccnc2cc(S(=O)(=O)Nc3nccs3)c(C)cc12,PubChem,,89613842,5.602059991,Validation,1
UFJSOAKHZXFDCG-UHFFFAOYSA-N,O=S(=O)(Nc1nccs1)c1ccc2c(c1)OCCN2c1ccc(-n2cccn2)cc1,PubChem,,71711697,5.602059991,Train,1
WKKLMCJUZVSRLP-UHFFFAOYSA-N,Cc1coc(Cn2nc3ccc(-c4ccc(OC(F)(F)F)cc4)cn3c2=O)n1,PubChem,,58044318,5.602059991,Train,1
OSYIFZXDCWRTND-FQEVSTJZSA-N,Cc1ccc(-n2nc(C)c(C(=O)N[C@@H]3COc4cccc(N5CCN(C)CC5)c4C3)n2)c(C)c1,ChEMBL,CHEMBL2069404,,5.599999383,Train,1
KNAMHQUYDHHKAC-UHFFFAOYSA-N,COc1ncc(-c2c(C)ccc(F)c2CCNC(=O)c2ccc(OCC(F)(F)F)nc2)cn1,ChEMBL,CHEMBL2147306,,5.599999383,Validation,1
KQXZGKZWSZDWBD-LJQANCHMSA-N,O=S(=O)(Nc1ccncn1)c1ccc2c(c1)OCC[C@@H]2c1ccc(C(F)(F)F)cc1-c1ccc(F)cn1,PubChem,,126668927,5.599289363,Train,1
IFFPICMESYHZPQ-UHFFFAOYSA-N,CC(Cc1ccccc1)NCCC(c1ccccc1)c1ccccc1,PubChem,,9801,5.598599459,Train,1
BUESNIBYXCBZNE-UHFFFAOYSA-N,CS(=O)(=O)NC(=O)c1cnc(OCC23CC4CC(CC(C4)C2)C3)c(C2CC2)c1,ChEMBL,CHEMBL3657834,,5.588380294,Train,1
XXEPMKVOWBWDQM-UHFFFAOYSA-N,O=C(NCc1ccc(OC(F)(F)F)cc1)C1c2ccccc2C(=O)N1CCc1cccnc1,ChEMBL,CHEMBL2164382,,5.585026652,Train,1
KHGMUIWVIUCUBB-UHFFFAOYSA-N,COc1cc(-c2nnc(S(=O)(=O)N3CCC3)[nH]2)ccc1-c1cnc(OCC(C)C)c(Cl)c1,ChEMBL,CHEMBL4130058,,5.585026652,Train,1
OWHQKZMRBOBBBR-HOCLYGCPSA-N,O=S(=O)(Nc1ncns1)c1cc(F)c(OC[C@@H]2CN(CC(F)(F)F)CC[C@H]2c2ccc(Cl)cc2)cc1F,PubChem,,89545670,5.585026652,Validation,1
DFEQMISWGAIGSL-UHFFFAOYSA-N,NC1CCC(CNc2cc(F)c(S(=O)(=O)Nc3ncns3)cc2Cl)CC1,PubChem,,134477178,5.585026652,Train,1
LJIKVHFKPVRVLA-UHFFFAOYSA-N,Cc1onc(-c2c(Cl)cccc2Cl)c1NC(=O)OCc1cc(Cl)ccc1Cl,ChEMBL,CHEMBL1797389,,5.579999668,Train,1
RXBXYALWOWIBJE-UHFFFAOYSA-N,O=S(=O)(Nc1cscn1)c1ccc2c(c1)OCCN2c1ccc(C(F)(F)F)cc1C1=CCNCC1,PubChem,,71711550,5.573488739,Train,1
CPDHKBLNQMOYCI-UHFFFAOYSA-N,O=C(Nc1cccc(C(F)(F)F)c1-c1cccnc1)c1cccc(-c2ncccc2C(F)F)c1,ChEMBL,CHEMBL4082401,,5.568636236,Train,1
OGZOWARNWAFKNY-MYWYJPSNSA-N,CC[C@@H](C)[C@@H]1NC(=O)[C@@H]2CSSC[C@H]3NC(=O)[C@H](C(C)C)NC(=O)[C@@H](CC(C)C)NC(=O)[C@H](CC(N)=O)NC(=O)[C@H]4CCCN4C(=O)[C@H](CCCNC(=N)N)NC(=O)[C@@H](CSSC[C@H](NC(=O)[C@@H](N)CC(=O)O)C(=O)N[C@@H](CC(C)C)C(=O)NCC(=O)N[C@H](Cc4ccccc4)C(=O)N[C@@H](CCSC)C(=O)N[C@H](CCCNC(=N)N)C(=O)N[C@H](CCCCN)C(=O)N2)NC(=O)[C@H](CSSC[C@@H](C(=O)N[C@H](CCCCN)C(=O)N[C@H](Cc2ccc(O)cc2)C(=O)N[C@H](C(=O)N[C@H](Cc2ccccc2)C(=O)N[C@H](Cc2c[nH]c4ccccc24)C(N)=O)C(C)C)NC(=O)[C@H](Cc2c[nH]c4ccccc24)NC(=O)[C@@H](CCCCN)NC(=O)[C@@H](Cc2c[nH]cn2)NC(=O)[C@H]([C@@H](C)O)NC(=O)[C@H](CCCNC(=N)N)NC(=O)[C@@H](CO)NC3=O)NC(=O)[C@@H](CCCCN)NC(=O)[C@H](CC(=O)O)NC(=O)[C@H](CC(N)=O)NC(=O)[C@@H](CC(=O)O)NC(=O)[C@@H]2CCCN2C1=O,ChEMBL,CHEMBL4299620,,5.568636236,Train,1
IBHSWFYQKOGWGF-UHFFFAOYSA-N,c1ccc(Cn2ccc3c(OC4CCN(Cc5cnc[nH]5)CC4)ncnc32)cc1,PubChem,,70689474,5.568636236,Train,1
SJQGRGGPJKCKQL-MVRRBTADSA-N,CSCC[C@@H]1NC(=O)[C@H](Cc2ccccc2)NC(=O)CNC(=O)[C@H](CC(C)C)NC(=O)[C@@H](NC(=O)[C@@H](N)CC(=O)O)CSSC[C@@H]2NC(=O)[C@@H]3CSSC[C@@H](C(=O)N[C@@H](CCCCN)C(=O)N[C@@H](Cc4ccc(O)cc4)C(=O)N[C@H](C(=O)N[C@@H](Cc4ccccc4)C(N)=O)C(C)C)NC(=O)[C@H](Cc4c[nH]c5ccccc45)NC(=O)[C@H](CCCCN)NC(=O)[C@H](Cc4cnc[nH]4)NC(=O)[C@H]([C@@H](C)O)NC(=O)[C@H](CCCNC(=N)N)NC(=O)[C@H](CO)NC(=O)[C@H](CSSC[C@H](NC(=O)[C@H](CCCCN)NC(=O)[C@H](CCCNC(=N)N)NC1=O)C(=O)N[C@@H](CO)C(=O)N1CCC[C@H]1C(=O)N[C@@H](CC(=O)O)C(=O)N[C@@H](CC(N)=O)C(=O)N[C@@H](CC(=O)O)C(=O)N[C@@H](CCCCN)C(=O)N3)NC(=O)[C@H](C(C)C)NC(=O)[C@H](CC(C)C)NC(=O)[C@H](CC(N)=O)NC(=O)[C@@H]1CCCN1C(=O)[C@H](CCCNC(=N)N)NC2=O,PubChem,,127046912,5.568636236,Train,1
QJPNEKGCTCGWHZ-UHFFFAOYSA-N,NC(=NCCCCc1ccccc1)NC(=O)c1cccc(Cl)c1Cl,PubChem,,22149373,5.567030709,Train,1
QGDXUKSKFRFPBU-UHFFFAOYSA-N,COc1cc(C(F)(F)F)ccc1-c1ccnc2cc(S(=O)(=O)Nc3nccs3)c(F)cc12,ChEMBL,CHEMBL3687594,,5.554395797,Validation,1
OSIXNPCBQPAWLY-FQEVSTJZSA-N,O=S(=O)(Nc1ncccn1)c1ccc2c(c1)CC[C@@H]2c1ccc(C(F)(F)F)cc1N1CCOCC1,PubChem,,156010624,5.554084586,Train,1
CNIKHLHYNGKNJM-UHFFFAOYSA-N,O=C1NCCN1CCOc1nn(-c2ccccc2F)c2ccc(F)cc12,ChEMBL,CHEMBL3798363,,5.552841969,Train,1
FIBXTZWHBIXYFR-UHFFFAOYSA-N,O=C(NCc1cccc(OC(F)(F)F)c1)C1c2ccccc2C(=O)N1CCc1ccccn1,PubChem,,44543781,5.552841969,Validation,1
IBIBCFGIOQIBHV-UHFFFAOYSA-N,O=C1c2ccccc2CN1C1CCN(CC(O)COc2ccc(C(F)(F)F)cc2)CC1,PubChem,,122194670,5.552841969,Train,1
KKTWWKRTTJOZAV-UHFFFAOYSA-N,COc1ccc2c(c1)NC1(CCN(C(=O)c3ccc4c(cnn4C)c3)CC1)c1cccn1-2,ChEMBL,CHEMBL3337602,,5.551139154,Train,1
ZMCQZPKNRTZLPM-UHFFFAOYSA-N,Cc1ccc(C(=O)NC(N)=NCCCCc2ccccc2)cc1,PubChem,,9819588,5.54515514,Train,1
CUYDXPRHXMAKMH-UHFFFAOYSA-N,O=C(NCc1ccc(OC(F)(F)F)cc1)C1c2ccccc2C(=O)N1CCN1CCOCC1,PubChem,,44540656,5.537602002,Train,1
ZRPWGKPPPKBYAL-NNNUVSCKSA-N,CC[C@H](C)[C@@H]1NC(=O)[C@@H]2CSSC[C@@H]3NC(=O)[C@H](C(C)C)NC(=O)[C@H](CC(C)C)NC(=O)[C@H](CC(N)=O)NC(=O)[C@@H]4CCCN4C(=O)[C@H](CCCNC(=N)N)NC(=O)[C@H](CSSC[C@H](NC(=O)[C@@H](N)CC(=O)O)C(=O)N[C@@H](CC(C)C)C(=O)NCC(=O)N[C@@H](Cc4ccccc4)C(=O)N[C@@H](CC4CCCCC4)C(=O)N[C@@H](CCCNC(=N)N)C(=O)N[C@@H](CCCCN)C(=O)N2)NC(=O)[C@H](CSSC[C@@H](C(=O)N[C@@H](CCCCN)C(=O)N[C@@H](Cc2ccc(O)cc2)C(=O)N[C@H](C(=O)N[C@@H](Cc2ccccc2)C(N)=O)C(C)C)NC(=O)[C@H](Cc2c[nH]c4ccccc24)NC(=O)[C@H](CCCCN)NC(=O)[C@H](Cc2cnc[nH]2)NC(=O)[C@H]([C@@H](C)O)NC(=O)[C@H](CCCNC(=N)N)NC(=O)[C@H](CO)NC3=O)NC(=O)[C@H](CCCCN)NC(=O)[C@H](CC(=O)O)NC(=O)[C@H](CC(N)=O)NC(=O)[C@H](CC(=O)O)NC(=O)[C@@H]2CCCN2C1=O,PubChem,,118734478,5.537602002,Train,1
RWVKDRBREBZCMS-UHFFFAOYSA-N,COc1ccc2c(c1)NC1(CCN(C(=O)c3cccc4ncccc34)CC1)c1cccn1-2,PubChem,,49869306,5.531948209,Validation,1
HZXKYOMFVBZNGK-UHFFFAOYSA-N,O=S(=O)(Nc1ncns1)c1cc(F)c(OC2OCCNC2c2ccc(Cl)c(Cl)c2)cc1F,ChEMBL,CHEMBL4206080,,5.522878745,Train,1
ABYINJFKAFRKKD-UHFFFAOYSA-N,Nc1cncc(Nc2ccc(Oc3ccc(C4CC4)cc3)cc2)n1,PubChem,,70683167,5.522878745,Train,1
VSBWCQACGPVKBT-UHFFFAOYSA-N,O=C1c2ccccc2CN1C1CCN(CC(O)COCc2ccc(C(F)(F)F)cc2)CC1,PubChem,,122194672,5.522878745,Train,1
WSQMBQWQWAJCSH-UHFFFAOYSA-N,O=c1n(Cc2nc(C3CC3)co2)nc2ccc(-c3ccc(OC(F)(F)F)cc3)cn12,PubChem,,66632452,5.522878745,Train,1
DKJANHCLDDZJRY-HSZRJFAPSA-N,O=C(Nc1ccc(OCC(F)(F)F)nc1)[C@@H](c1ccccc1)N1CCN(C(=O)c2cc(F)cc(F)c2)CC1,PubChem,,145980518,5.522878745,Validation,1
FSPGYSVEHLETQR-UHFFFAOYSA-N,NC(N)=NC(=O)c1nc(-c2cc3ccccc3o2)c(N2CCCCCC2)nc1N,PubChem,,135393470,5.522878745,Train,1
UJCYRMBZVAEUIY-UHFFFAOYSA-N,COCCOCCOCCOCCOCCOCCOCCOCCOCCOCCOCCOCCC(=O)N1CCC(CCNCc2cc(-c3cc(-c4cccc(C(F)(F)F)c4)ccc3Oc3ccc(S(=O)(=O)Nc4ncns4)cc3C#N)ccn2)CC1,PubChem,,118554582,5.522878745,Train,1
DJDFKPIUUFKRNI-UHFFFAOYSA-N,Cc1cccc(NC(=O)c2ccc(-c3ccc(Cl)cc3)o2)c1,ChEMBL,CHEMBL429663,,5.522878745,Train,1
GNPONOFSKGLBGY-UHFFFAOYSA-N,O=C1c2cc(-c3ccc(OC(F)(F)F)cc3F)ccc2OCCN1Cc1ncccn1,ChEMBL,CHEMBL4784339,,5.522878745,Validation,1
JQDQZOXTHDIVIV-UHFFFAOYSA-N,CN1CCCc2cc(NC(=O)c3ccc(-c4ccc(Cl)cc4)o3)ccc21,ChEMBL,CHEMBL250877,,5.522878745,Train,1
AHQQBCRDPJYBPY-UHFFFAOYSA-N,O=C1c2cc(-c3ccc(OC(F)(F)F)c(Cl)c3)ccc2OCCN1Cc1ncccn1,ChEMBL,CHEMBL4777169,,5.522878745,Train,1
MQMMMRWKTIJAPB-UHFFFAOYSA-N,O=C1c2cc(-c3cccc(OC(F)(F)F)c3)ccc2OCCN1Cc1ncccn1,ChEMBL,CHEMBL4800014,,5.522878745,Train,1
DDKQXCVNFFICGK-UHFFFAOYSA-N,Nc1ccnc(CN2CCOc3ccc(-c4ccc(OC(F)(F)F)cc4)cc3C2=O)n1,ChEMBL,CHEMBL4793240,,5.522878745,Train,1
YZGBBHDEHMTBKB-UHFFFAOYSA-N,O=C1c2cc(-c3ccc(OC(F)(F)F)cc3)ccc2OCCN1CCc1ncccn1,ChEMBL,CHEMBL3967382,,5.522878745,Train,1
PAEBEJVPSADOMC-HSZRJFAPSA-N,O=C(NC[C@@H](Cc1ccccc1)N1CCC(O)(C(F)(F)F)CC1)C1(c2ccc(Cl)cc2)CCCC1,PubChem,,121304827,5.522878745,Train,1
SDBDKYZLXVUCFR-UHFFFAOYSA-N,COc1ncc(Cl)cc1N1CCOc2cc(S(=O)(=O)Nc3nccs3)ccc21,ChEMBL,CHEMBL3890100,,5.518557372,Train,1
SKOODDVGXMMZRD-UHFFFAOYSA-N,COc1ccc2c(c1)NC1(CCCN(C(=O)c3ccc(OC)c(N(C)C)c3)CC1)c1cccn1-2,PubChem,,118714778,5.513003112,Train,1
AAUMZZJEGXJINE-YQTLIQRNSA-N,C#CC[C@H](N)C(=O)N[C@@H](Cc1ccc(O)cc1)C(=O)N[C@H]1CSSC[C@@H]2NC(=O)[C@@H]3CSSC[C@@H](C(=O)N[C@@H](CCCNC(=N)N)C(=O)N[C@@H](CCCCN)C(=O)N[C@@H](CCC(=O)O)C(=O)N[C@H](C(N)=O)[C@@H](C)CC)NC(=O)[C@H](Cc4c[nH]c5ccccc45)NC(=O)[C@H](CC(C)C)NC(=O)[C@H](CCCCN)NC(=O)[C@H](CSSC[C@H](NC(=O)[C@H]([C@@H](C)O)NC(=O)[C@H](Cc4c[nH]c5ccccc45)NC(=O)[C@H](CCCC)NC(=O)[C@H](Cc4c[nH]c5ccccc45)NC(=O)[C@H](CCCCN)NC(=O)[C@H](CCC(N)=O)NC1=O)C(=O)N[C@@H](CC(=O)O)C(=O)N[C@@H](CO)C(=O)N[C@@H](CCCCN)C(=O)N[C@@H](CCCNC(=N)N)C(=O)N[C@@H](C)C(=O)N3)NC(=O)[C@H](CCCNC(=N)N)NC(=O)[C@H](CC(C)C)NC(=O)CNC(=O)[C@H](CCC(=O)O)NC2=O,PubChem,,145959291,5.512578789,Train,1
IAQGUWPCVZBXRG-RUZDIDTESA-N,N#Cc1cc(F)cc(C(=O)N2CCN([C@@H](C(=O)NCc3ccccc3)c3ccccc3)CC2)c1,ChEMBL,CHEMBL4295027,,5.508638306,Train,1
PLXBSTRGZKRICB-UHFFFAOYSA-N,CC(C)COc1ncc(-c2ccc(C(=O)NS(C)(=O)=O)cc2C(F)(F)F)cc1Cl,PubChem,,155526353,5.508638306,Train,1
NGDMDSQQEVAVIN-UHFFFAOYSA-N,O=S(=O)(Nc1nccs1)c1ccc2c(c1)OCCN2c1ccc(C(F)(F)F)cc1CC(O)CO,ChEMBL,CHEMBL3944229,,5.507239611,Train,1
LMJONODLNWDZEG-UHFFFAOYSA-N,Cc1ccc(N2CCOc3cc(S(=O)(=O)Nc4nccs4)ccc32)cc1Cl,ChEMBL,CHEMBL3957373,,5.503070352,Train,1
QLKAFHZJICDACE-UHFFFAOYSA-N,CC(=O)Nc1cccc(Nc2ncnc(N3CCC(OCc4ccc(OC(F)(F)F)cc4)CC3)n2)c1C,ChEMBL,CHEMBL1813048,,5.501689446,Train,1
AQNRVBHBIZRPCK-INIZCTEOSA-N,O=C(N[C@@H]1COc2cccc(-c3cccnc3)c2C1)c1ccc(OCC(F)(F)F)nc1,ChEMBL,CHEMBL2069408,,5.499999679,Validation,1
XNLIHMAFOZJPBG-HNNXBMFYSA-N,Cc1cnc(-c2cccc3c2C[C@H](NC(=O)c2ccc(OCC(F)(F)F)nc2)CO3)cn1,ChEMBL,CHEMBL2069426,,5.499999679,Train,1
YAXBXTNYPVATMS-INIZCTEOSA-N,O=C(N[C@@H]1COc2cccc(-c3cccnc3)c2C1)c1ccc(OC(F)(F)F)cc1,PubChem,,25113809,5.499999679,Validation,1
SUVHWQGAOXKZCQ-INIZCTEOSA-N,O=C(N[C@@H]1COc2cccc(-c3ccncc3)c2C1)c1ccc(OCC(F)(F)F)nc1,PubChem,,66813557,5.499999679,Validation,1
BVNSJFPYBJKGTL-UHFFFAOYSA-N,COc1ncc(-c2cccc(F)c2CCNC(=O)c2ccc(OCCC(F)(F)F)nc2)cn1,PubChem,,71460098,5.499999679,Validation,1
PNCBVNNBMBPCRL-UHFFFAOYSA-N,N#Cc1ccc(C(F)(F)F)cc1N1CCOc2cc(S(=O)(=O)Nc3nccs3)ccc21,ChEMBL,CHEMBL3914297,,5.498940738,Validation,1
BENAISSLCJROOE-CYKKEKOVSA-N,CC[C@H](C)[C@@H]1NC(=O)[C@@H]2CSSC[C@@H]3NC(=O)[C@H](Cc4c[nH]c5ccccc45)NC(=O)[C@H](CC(C)C)NC(=O)[C@H](CC(N)=O)NC(=O)[C@@H]4CCCN4C(=O)[C@H](CCCNC(=N)N)NC(=O)[C@H](CSSC[C@H](NC(=O)[C@@H](N)CC(=O)O)C(=O)N[C@@H](CC(C)C)C(=O)NCC(=O)N[C@@H](Cc4ccccc4)C(=O)N[C@@H](CCSC)C(=O)N[C@@H](CCCNC(=N)N)C(=O)N[C@@H](CCCCN)C(=O)N2)NC(=O)[C@H](CSSC[C@@H](C(=O)N[C@@H](CCCCN)C(=O)N[C@@H](Cc2ccc(O)cc2)C(=O)N[C@H](C(=O)N[C@@H](Cc2ccccc2)C(N)=O)C(C)C)NC(=O)[C@H](Cc2c[nH]c4ccccc24)NC(=O)[C@H](CCCCN)NC(=O)[C@H](Cc2cnc[nH]2)NC(=O)[C@H]([C@@H](C)O)NC(=O)[C@H](CCCNC(=N)N)NC(=O)[C@H](CO)NC3=O)NC(=O)[C@H](CCCCN)NC(=O)[C@H](CC(=O)O)NC(=O)[C@H](CC(N)=O)NC(=O)[C@H](CC(=O)O)NC(=O)[C@@H]2CCCN2C1=O,ChEMBL,CHEMBL3800461,,5.494850022,Train,1
AUOBIBBRTBVGBO-GFCCVEGCSA-N,CC(C)C[C@@H](N)Cc1nc(-c2ccc(Cl)cc2)no1,ChEMBL,CHEMBL4066348,,5.494850022,Train,1
JSPXITPXMRLRIW-UHFFFAOYSA-N,Nc1ncnc(Nc2ccc(Oc3ccc(Cl)cc3)cc2)n1,PubChem,,2730286,5.494850022,Train,1
RQBDEZKHPSZTQC-CLYVBNDRSA-N,COc1ccc2c(c1)N[C@]1(CCN(C(=O)c3ccc(OC)c(N(C)C)c3)[C@H](C)C1)c1cccn1-2,ChEMBL,CHEMBL3337588,,5.486649201,Train,1
ODUIXUGXPFKQLG-QWRGUYRKSA-N,Cc1sc(Nc2ccc(Cl)cc2F)nc1C(=O)N1CCC[C@H](C)[C@@H]1C,ChEMBL,CHEMBL2418811,,5.48148606,Train,1
MGKQMRGQRNCSMN-UHFFFAOYSA-N,Cc1nc(Cn2nc3ccc(-c4ccc(OC(F)(F)F)cc4)cn3c2=O)no1,ChEMBL,CHEMBL3808635,,5.48148606,Train,1
XSXHNIKTAFIIGN-UHFFFAOYSA-N,O=S(=O)(Nc1nccs1)c1ccc2c(c1)OCCN2c1ccc(OCC(F)(F)F)cc1,ChEMBL,CHEMBL3902642,,5.472370099,Train,1
VBPFCFPZENVMHX-UOZCUAPTSA-N,CC[C@H](C)[C@@H]1NC(=O)[C@@H]2CSSC[C@@H]3NC(=O)[C@H](C(C)C)NC(=O)[C@H](CC(C)C)NC(=O)[C@H](CC(N)=O)NC(=O)[C@@H]4CCCN4C(=O)[C@H](CCCNC(=N)N)NC(=O)[C@H](CSSC[C@H](NC(=O)[C@@H](N)CC(=O)O)C(=O)N[C@@H](CC(C)C)C(=O)NCC(=O)N[C@@H](Cc4ccccc4)C(=O)N[C@@H](Cc4c[nH]c5ccccc45)C(=O)N[C@@H](CCCNC(=N)N)C(=O)N[C@@H](CCCCN)C(=O)N2)NC(=O)[C@H](CSSC[C@@H](C(=O)N[C@@H](CCCCN)C(=O)N[C@@H](Cc2ccc(O)cc2)C(=O)N[C@H](C(=O)N[C@@H](Cc2ccccc2)C(N)=O)C(C)C)NC(=O)[C@H](Cc2c[nH]c4ccccc24)NC(=O)[C@H](CCCCN)NC(=O)[C@H](Cc2cnc[nH]2)NC(=O)[C@H]([C@@H](C)O)NC(=O)[C@H](CCCNC(=N)N)NC(=O)[C@H](CO)NC3=O)NC(=O)[C@H](CCCCN)NC(=O)[C@H](CC(=O)O)NC(=O)[C@H](CC(N)=O)NC(=O)[C@H](CC(=O)O)NC(=O)[C@@H]2CCCN2C1=O,ChEMBL,CHEMBL3416936,,5.468521083,Validation,1
GMFDYPPRJYFPQX-DRXUDOTMSA-N,CSCC[C@@H]1NC(=O)[C@H](Cc2ccccc2)NC(=O)CNC(=O)[C@H](CC(C)C)NC(=O)[C@@H](NC(=O)[C@@H](N)CC(=O)O)CSSC[C@@H]2NC(=O)[C@@H]3CSSC[C@@H](C(=O)N[C@@H](CCCCN)C(=O)N[C@@H](Cc4ccc(O)cc4)C(=O)N[C@H](C(=O)N[C@@H](Cc4ccccc4)C(N)=O)C(C)C)NC(=O)[C@H](Cc4c[nH]c5ccccc45)NC(=O)[C@H](CCCCN)NC(=O)[C@H](Cc4cnc[nH]4)NC(=O)[C@H]([C@@H](C)O)NC(=O)[C@H](CCCNC(=N)N)NC(=O)[C@H](CO)NC(=O)[C@H](CSSC[C@H](NC(=O)[C@H](CCCCN)NC(=O)[C@H](CCCNC(=N)N)NC1=O)C(=O)N[C@@H](CCSC)C(=O)N1CCC[C@H]1C(=O)N[C@@H](CC(=O)O)C(=O)N[C@@H](CC(N)=O)C(=O)N[C@@H](CC(=O)O)C(=O)N[C@@H](CCCCN)C(=O)N3)NC(=O)[C@H](C(C)C)NC(=O)[C@H](CC(C)C)NC(=O)[C@H](CC(N)=O)NC(=O)[C@@H]1CCCN1C(=O)[C@H](CCCNC(=N)N)NC2=O,ChEMBL,CHEMBL3800441,,5.468521083,Train,1
RJKGEAHOEVLLLG-UOZCUAPTSA-N,CC[C@H](C)[C@@H]1NC(=O)[C@@H]2CSSC[C@@H]3NC(=O)[C@H](C(C)C)NC(=O)[C@H](CC(C)C)NC(=O)[C@H](CC(N)=O)NC(=O)[C@@H]4CCCN4C(=O)[C@H](CCCNC(=N)N)NC(=O)[C@H](CSSC[C@H](NC(=O)[C@@H](N)CC(=O)O)C(=O)N[C@@H](CC(C)C)C(=O)NCC(=O)N[C@@H](Cc4ccccc4)C(=O)N[C@@H](Cc4cc5ccccc5[nH]4)C(=O)N[C@@H](CCCNC(=N)N)C(=O)N[C@@H](CCCCN)C(=O)N2)NC(=O)[C@H](CSSC[C@@H](C(=O)N[C@@H](CCCCN)C(=O)N[C@@H](Cc2ccc(O)cc2)C(=O)N[C@H](C(=O)N[C@@H](Cc2ccccc2)C(N)=O)C(C)C)NC(=O)[C@H](Cc2c[nH]c4ccccc24)NC(=O)[C@H](CCCCN)NC(=O)[C@H](Cc2cnc[nH]2)NC(=O)[C@H]([C@@H](C)O)NC(=O)[C@H](CCCNC(=N)N)NC(=O)[C@H](CO)NC3=O)NC(=O)[C@H](CCCCN)NC(=O)[C@H](CC(=O)O)NC(=O)[C@H](CC(N)=O)NC(=O)[C@H](CC(=O)O)NC(=O)[C@@H]2CCCN2C1=O,ChEMBL,CHEMBL3797461,,5.468521083,Train,1
JGWFEASWZPTQCO-UHFFFAOYSA-N,O=C1NCCN1CCOc1nn(-c2ccc(F)cc2F)c2ccc(F)cc12,PubChem,,127046802,5.468521083,Train,1
SMJNFNISZRZOOL-UHFFFAOYSA-N,CC12OCCC1(CNc1cc(F)c(S(=O)(=O)Nc3nccs3)cc1Cl)CCO2,PubChem,,137645931,5.468521083,Validation,1
DZEKVHJXFVRKTK-UHFFFAOYSA-N,Cc1cc(N2CCOc3cc(S(=O)(=O)Nc4nccs4)ccc32)cc(C)c1N(C)C,ChEMBL,CHEMBL3942240,,5.457174573,Train,1
BGZNJEGXERCGGC-UHFFFAOYSA-N,CS(=O)(=O)NC(=O)c1cc(C2CC2)c(OCC23CC4(F)CC(F)(CC(F)(C4)C2)C3)cc1F,ChEMBL,CHEMBL3657979,,5.455931956,Train,1
LLCJMXUOUAGOJT-NNNUVSCKSA-N,CC[C@H](C)[C@@H]1NC(=O)[C@@H]2CSSC[C@@H]3NC(=O)[C@H](C(C)C)NC(=O)[C@H](CC(C)C)NC(=O)[C@H](CC(N)=O)NC(=O)[C@@H]4CCCN4C(=O)[C@H](CCCNC(=N)N)NC(=O)[C@H](CSSC[C@H](NC(=O)[C@@H](N)CC(=O)O)C(=O)N[C@@H](CC(C)C)C(=O)NCC(=O)N[C@@H](Cc4ccccc4)C(=O)N[C@@H](CCSC)C(=O)N[C@@H](CCCNC(=N)N)C(=O)N[C@@H](CCCCN)C(=O)N2)NC(=O)[C@H](CSSC[C@@H](C(=O)N[C@@H](CCCCN)C(=O)N[C@@H](Cc2cccc4ccccc24)C(=O)N[C@H](C(=O)N[C@@H](Cc2ccccc2)C(N)=O)C(C)C)NC(=O)[C@H](Cc2c[nH]c4ccccc24)NC(=O)[C@H](CCCCN)NC(=O)[C@H](Cc2cnc[nH]2)NC(=O)[C@H]([C@@H](C)O)NC(=O)[C@H](CCCNC(=N)N)NC(=O)[C@H](CO)NC3=O)NC(=O)[C@H](CCCCN)NC(=O)[C@H](CC(=O)O)NC(=O)[C@H](CC(N)=O)NC(=O)[C@H](CC(=O)O)NC(=O)[C@@H]2CCCN2C1=O,ChEMBL,CHEMBL3798824,,5.455931956,Train,1
LXWQXQGRQCXLOL-PVMFBFNOSA-N,CC[C@H](C)[C@@H]1NC(=O)[C@@H]2CSSC[C@@H]3NC(=O)[C@H](C(C)C)NC(=O)[C@H](CC(C)C)NC(=O)[C@H](CC(N)=O)NC(=O)[C@@H]4CCCN4C(=O)[C@H](CCCNC(=N)N)NC(=O)[C@H](CSSC[C@H](NC(=O)[C@@H](N)CC(=O)O)C(=O)N[C@@H](CC(C)C)C(=O)NCC(=O)N[C@@H](CC4CCCCC4)C(=O)N[C@@H](CCSC)C(=O)N[C@@H](CCCNC(=N)N)C(=O)N[C@@H](CCCCN)C(=O)N2)NC(=O)[C@H](CSSC[C@@H](C(=O)N[C@@H](CCCCN)C(=O)N[C@@H](Cc2ccc(O)cc2)C(=O)N[C@H](C(=O)N[C@@H](Cc2ccccc2)C(N)=O)C(C)C)NC(=O)[C@H](Cc2c[nH]c4ccccc24)NC(=O)[C@H](CCCCN)NC(=O)[C@H](Cc2cnc[nH]2)NC(=O)[C@H]([C@@H](C)O)NC(=O)[C@H](CCCNC(=N)N)NC(=O)[C@H](CO)NC3=O)NC(=O)[C@H](CCCCN)NC(=O)[C@H](CC(=O)O)NC(=O)[C@H](CC(N)=O)NC(=O)[C@H](CC(=O)O)NC(=O)[C@@H]2CCCN2C1=O,PubChem,,118734471,5.455931956,Train,1
MOGUMJAJYFSRJV-UYPBEPAQSA-N,CC[C@H](C)[C@@H]1NC(=O)[C@@H]2CSSC[C@@H]3NC(=O)[C@H](C(C)C)NC(=O)[C@H](CC(C)C)NC(=O)[C@H](CC(N)=O)NC(=O)[C@@H]4CCCN4C(=O)[C@H](CCCNC(=N)N)NC(=O)[C@H](CSSC[C@H](NC(=O)[C@@H](N)CC(=O)O)C(=O)N[C@@H](CC(C)C)C(=O)NCC(=O)N[C@@H](Cc4ccccc4)C(=O)N[C@@H](CCSC)C(=O)N[C@@H](CCCNC(=N)N)C(=O)N[C@@H](CCCCN)C(=O)N2)NC(=O)[C@H](CSSC[C@@H](C(=O)N[C@@H](CCCCN)C(=O)N[C@@H](Cc2ccc(O)cc2)C(=O)N[C@H](C(=O)N[C@@H](Cc2ccccc2)C(N)=O)C(C)C)NC(=O)[C@H](Cc2c[nH]c4ccccc24)NC(=O)[C@H](CCCCN)NC(=O)[C@H](Cc2cnc[nH]2)NC(=O)[C@H](CCCNC(=N)N)NC(=O)[C@H](CCCNC(=N)N)NC(=O)[C@H](CO)NC3=O)NC(=O)[C@H](CCCCN)NC(=O)[C@H](CC(=O)O)NC(=O)[C@H](CC(N)=O)NC(=O)[C@H](CC(=O)O)NC(=O)[C@@H]2CCCN2C1=O,PubChem,,118734489,5.455931956,Validation,1
FDRCWVQKOJFPSP-UHFFFAOYSA-N,O=c1n(Cc2nc(-c3c(Cl)cccc3Cl)no2)nc2ccc(-c3ccc(OC(F)(F)F)cc3)cn12,PubChem,,58044619,5.455931956,Train,1
MDBYYNDTOAKBMZ-UHFFFAOYSA-N,Cc1ccc(C#N)c(N2CCOc3cc(S(=O)(=O)Nc4nccs4)ccc32)c1,ChEMBL,CHEMBL3923857,,5.444905551,Validation,1
VAWHXLPBDJNIOI-UHFFFAOYSA-N,CN1CC=C(c2cc(C(F)(F)F)ccc2N2CCOc3cc(S(=O)(=O)Nc4nccs4)ccc32)CC1,PubChem,,89761891,5.444905551,Validation,1
DXOIDXNPYTZMEK-KNSQQFJUSA-N,CC[C@H](C)[C@@H]1NC(=O)[C@@H]2CSSC[C@@H]3NC(=O)[C@H](C(C)C)NC(=O)[C@H](CC(C)C)NC(=O)[C@H](CC(N)=O)NC(=O)[C@@H]4CCCN4C(=O)[C@H](CCCNC(=N)N)NC(=O)[C@H](CSSC[C@H](NC(=O)[C@@H](N)CC(=O)O)C(=O)N[C@@H](CC(C)C)C(=O)NCC(=O)N[C@@H](Cc4ccccc4)C(=O)N[C@@H](CCSC)C(=O)N[C@@H](CCCNC(=N)N)C(=O)N[C@@H](CCCCN)C(=O)N2)NC(=O)[C@H](CSSC[C@@H](C(=O)N[C@@H](CCCCN)C(=O)N[C@@H](Cc2ccc(O)cc2)C(=O)N[C@H](C(=O)N[C@@H](Cc2ccccc2)C(N)=O)C(C)C)NC(=O)[C@H](Cc2c[nH]c4ccccc24)NC(=O)[C@H](CCCCN)NC(=O)[C@H](Cc2cnc[nH]2)NC(=O)[C@H](Cc2c[nH]c4ccccc24)NC(=O)[C@H](CCCNC(=N)N)NC(=O)[C@H](CO)NC3=O)NC(=O)[C@H](CCCCN)NC(=O)[C@H](CC(=O)O)NC(=O)[C@H](CC(N)=O)NC(=O)[C@H](CC(=O)O)NC(=O)[C@@H]2CCCN2C1=O,ChEMBL,CHEMBL3800184,,5.443697499,Train,1
BCGWQEUPMDMJNV-UHFFFAOYSA-N,CN(C)CCCN1c2ccccc2CCc2ccccc21,ChEMBL,CHEMBL11,,5.443697499,Train,1
HSVNNPJEZQWEKQ-UHFFFAOYSA-N,Cc1ccc(C(=O)NC(N)=NCCCCCc2ccccc2)cc1,PubChem,,22149344,5.443697499,Train,1
OMWCMLUPDMDENE-UHFFFAOYSA-N,NC(=NCCCCc1ccccc1)NC(=O)c1ccc(Cl)cc1,PubChem,,22149356,5.443697499,Validation,1
IPRFOFLOYPAGPA-GMHOJBPUSA-N,CC[C@H](C)[C@@H]1NC(=O)[C@@H]2CSSC[C@@H]3NC(=O)[C@H](C(C)C)NC(=O)[C@H](CC(C)C)NC(=O)[C@H](CC(N)=O)NC(=O)[C@@H]4CCCN4C(=O)[C@H](CCCNC(=N)N)NC(=O)[C@H](CSSC[C@H](NC(=O)[C@@H](N)CC(=O)O)C(=O)N[C@@H](CC(C)C)C(=O)NCC(=O)N[C@@H](C)C(=O)N[C@@H](Cc4cccc5ccccc45)C(=O)N[C@@H](CCCNC(=N)N)C(=O)N[C@@H](CCCCN)C(=O)N2)NC(=O)[C@H](CSSC[C@@H](C(=O)N[C@@H](CCCCN)C(=O)N[C@@H](Cc2ccc(O)cc2)C(=O)N[C@H](C(=O)N[C@@H](Cc2ccccc2)C(N)=O)C(C)C)NC(=O)[C@H](Cc2c[nH]c4ccccc24)NC(=O)[C@H](CCCCN)NC(=O)[C@H](Cc2cnc[nH]2)NC(=O)[C@H]([C@@H](C)O)NC(=O)[C@H](CCCNC(=N)N)NC(=O)[C@H](CO)NC3=O)NC(=O)[C@H](CCCCN)NC(=O)[C@H](CC(=O)O)NC(=O)[C@H](CC(N)=O)NC(=O)[C@H](CC(=O)O)NC(=O)[C@@H]2CCCN2C1=O,PubChem,,118734487,5.443697499,Train,1
MQSMXDQYAHRMDZ-UHFFFAOYSA-N,N#Cc1ccc(F)cc1N1CCOc2cc(S(=O)(=O)Nc3nccs3)ccc21,ChEMBL,CHEMBL3896891,,5.44129143,Train,1
AHHRSTHRXAQGHH-UHFFFAOYSA-N,N#Cc1ccc(OC(F)(F)F)cc1N1CCOc2cc(S(=O)(=O)Nc3nccs3)ccc21,PubChem,,71712182,5.432973634,Train,1
HVSCJBAXISNDCU-UHFFFAOYSA-N,CC(C)COc1ccc(-c2cn(C)c3cc(C(=O)NS(=O)(=O)C4CC4)c(F)cc23)cn1,ChEMBL,CHEMBL4287506,,5.431974377,Train,1
WVWFBDNEALDWKB-UHFFFAOYSA-N,CN(c1ccc(Cl)cc1)c1ccc(Nc2nccc(N)n2)cc1,ChEMBL,CHEMBL2012023,,5.431798276,Train,1
MFAWWJPOJNZHOM-UHFFFAOYSA-N,O=C(c1ccccc1)c1cccc(OCC(O)CN2CCC(N3Cc4ccccc4C3=O)CC2)c1,ChEMBL,CHEMBL3634332,,5.431798276,Train,1
RJNKNDSSHJFMOQ-UHFFFAOYSA-N,CC(NC(=O)C1c2ccccc2C(=O)N1CCc1ccccn1)c1ccc(OCC(F)(F)F)cc1,PubChem,,44544444,5.431798276,Train,1
UIEATEWHFDRYRU-UHFFFAOYSA-N,CC(C)COCC(CN(Cc1ccccc1)c1ccccc1)N1CCCC1,PubChem,,2351,5.431798276,Train,1
NAEGMPJMPOMSEN-UHFFFAOYSA-N,CC(C)COc1ncc(-c2ccc(C(=O)NS(C)(=O)=O)cc2OC(F)(F)F)cc1Cl,PubChem,,155550095,5.431798276,Train,1
AIZHFCJMCXBSRJ-UHFFFAOYSA-N,CN(C)S(=O)(=O)NC(=O)c1cc(Cl)c(OCC23CC4CC(C2)C(F)(F)C(C4)C3)cc1F,PubChem,,86702919,5.424812155,Train,1
QUKXWNWVUDCALS-UHFFFAOYSA-N,Cn1cc(-c2ccc(C(F)(F)F)cc2)c2cc(F)c(C(=O)NS(=O)(=O)C3CC3)cc21,ChEMBL,CHEMBL4290933,,5.419189027,Train,1
BXXYRVZNPHWQAC-UHFFFAOYSA-N,O=S(=O)(Nc1nccs1)c1ccc2c(c1)OCCN2c1ccc(F)c(F)c1,PubChem,,71711423,5.419075024,Validation,1
KSBUXISPGRKYJZ-UHFFFAOYSA-N,CCOc1ccc(N2CCOc3cc(S(=O)(=O)Nc4nccs4)ccc32)cn1,PubChem,,89761840,5.416801226,Train,1
VGQPJPRUFUESGZ-UHFFFAOYSA-N,Nc1cccnc1-c1cccc(C(=O)Nc2cccc(C(F)(F)F)c2-c2cccnc2)c1,PubChem,,137638418,5.408935393,Validation,1
NMUJXYWKRSUNQO-UHFFFAOYSA-N,Cn1cc(-c2ccc(C(F)(F)F)cc2)c2ccc(C(=O)NS(=O)(=O)c3cccs3)cc21,PubChem,,132020533,5.408935393,Validation,1
USUJTFJOBUIIHB-UHFFFAOYSA-N,N#Cc1cc(C(F)(F)F)ccc1N1CCOc2c1ccc(S(=O)(=O)Nc1nccs1)c2F,ChEMBL,CHEMBL3919149,,5.407268234,Train,1
PGGUEZNUFKWSQN-UHFFFAOYSA-N,Cc1cc(N2CCOc3cc(S(=O)(=O)Nc4nccs4)ccc32)ccc1Cl,ChEMBL,CHEMBL3943628,,5.40560745,Train,1
QWIKRSBEQWYICN-UHFFFAOYSA-N,COc1ccc2c(c1)NC1(CCN(C(=O)c3ccc(Cl)cc3)CC1)c1cccn1-2,ChEMBL,CHEMBL3322772,,5.403512866,Train,1
UCLANCKZRBWESY-INIZCTEOSA-N,O=C(N[C@@H]1COc2cccc(-c3ccncc3)c2C1)c1ccc(OC(F)(F)F)cc1,ChEMBL,CHEMBL2069407,,5.400000186,Train,1
IAMSGDHGEMFJQC-INIZCTEOSA-N,O=C(N[C@@H]1COc2cccc(-c3cncnc3)c2C1)c1ccc(OCCC(F)(F)F)nc1,ChEMBL,CHEMBL2069420,,5.400000186,Train,1
NLLYXEPGGVAVHY-INIZCTEOSA-N,COc1ncc(-c2cccc3c2C[C@H](NC(=O)c2ccc(OCCC(F)(F)F)nc2)CO3)cn1,PubChem,,66813671,5.400000186,Train,1
ZTCPMSPMGABOTJ-HNNXBMFYSA-N,COc1ncc(-c2cccc3c2C[C@H](NC(=O)c2ccc(OCC(F)(F)F)nc2)CO3)cc1F,PubChem,,66814019,5.400000186,Train,1
UUCPNZGXIVELPR-UHFFFAOYSA-N,CC(Cc1ccccn1)N1C(=O)c2ccccc2C1C(=O)NCc1ccc(OC(F)(F)F)cc1,ChEMBL,CHEMBL2164360,,5.397940009,Train,1
GLPPLVUGEIUTSD-UHFFFAOYSA-N,COc1cc2nnc(C(N)=O)c(Nc3ccc(C)cc3F)c2cc1N1CCN(C(C)C)CC1,PubChem,,71812606,5.397940009,Train,1
SOPXTTHIOLOJNS-UHFFFAOYSA-N,CCc1noc(Cn2nc3ccc(-c4ccc(OC(F)(F)F)cc4)cn3c2=O)n1,PubChem,,58044314,5.397940009,Train,1
DMXSSTRXUNIILQ-ZXBMPVOFSA-N,CC[C@H](C)[C@@H]1NC(=O)[C@@H]2CSSC[C@@H]3NC(=O)[C@H](C(C)C)NC(=O)[C@H](CC(C)C)NC(=O)[C@H](CC(N)=O)NC(=O)[C@@H]4CCCN4C(=O)[C@H](CCCNC(=N)N)NC(=O)[C@H](CSSC[C@H](NC(=O)[C@@H](N)CC(=O)O)C(=O)N[C@@H](CC(C)C)C(=O)N[C@@H](Cc4cccc5ccccc45)C(=O)N[C@@H](Cc4ccccc4)C(=O)N[C@@H](CCSC)C(=O)N[C@@H](CCCNC(=N)N)C(=O)N[C@@H](CCCCN)C(=O)N2)NC(=O)[C@H](CSSC[C@@H](C(=O)N[C@@H](CCCCN)C(=O)N[C@@H](Cc2ccc(O)cc2)C(=O)N[C@H](C(=O)N[C@@H](Cc2ccccc2)C(N)=O)C(C)C)NC(=O)[C@H](Cc2c[nH]c4ccccc24)NC(=O)[C@H](CCCCN)NC(=O)[C@H](Cc2c[nH]cn2)NC(=O)[C@H]([C@@H](C)O)NC(=O)[C@H](CCCNC(=N)N)NC(=O)[C@H](CO)NC3=O)NC(=O)[C@H](CCCCN)NC(=O)[C@H](CC(=O)O)NC(=O)[C@H](CC(N)=O)NC(=O)[C@H](CC(=O)O)NC(=O)[C@@H]2CCCN2C1=O,PubChem,,127047485,5.397940009,Train,1
BBOCDUNYRYILGP-LJLRIERRSA-N,Cl.N[C@@H]1CCC=C(c2ccc(F)cc2)[C@H]1CNc1cc(F)c(S(=O)(=O)Nc2cscn2)cc1Cl,ChEMBL,CHEMBL4210866,,5.395773947,Train,1
HLQMKUVXRCXCMB-UHFFFAOYSA-N,O=S(=O)(Nc1nccs1)c1ccc2c(c1)OCCN2c1ccc(C(F)(F)F)cc1Cl,ChEMBL,CHEMBL3974650,,5.394694954,Validation,1
YYUNKAYCHCSHMW-UHFFFAOYSA-N,O=S(=O)(Nc1ncns1)N1CCc2c(cccc2-c2ccc(C(F)(F)F)cc2-c2cccnc2)C1,ChEMBL,CHEMBL3683211,,5.389339837,Train,1
ZRUOUOQFNMKUDU-QGZVFWFLSA-N,O=S(=O)(Nc1nccs1)c1ccc2c(c1)OCC[C@@H]2c1ccc(C(F)(F)F)cc1N1CCNCC1,PubChem,,156022164,5.388382889,Train,1
ASCNNIHLNNCTAT-UHFFFAOYSA-N,NC(=NCCCCc1ccccc1)NC(=O)c1cccc2ccccc12,PubChem,,22149297,5.387216143,Train,1
BZNCOYYCBYWLHU-UHFFFAOYSA-N,Cn1cc(C2CCCC(C)(C)C2)c2ccc(C(=O)NS(=O)(=O)C3CC3)cc21,PubChem,,155563772,5.387216143,Train,1
HZQHAAFWVRDHMZ-JKSUJKDBSA-N,COc1ccccc1SC[C@@H](C)CN[C@@H]1COc2ccccc2SC1,ChEMBL,CHEMBL511058,,5.380384994,Train,1
BQHBHGGMKILLQO-QGPIEZSZSA-N,O=C(NCc1ccccc1)[C@@H](c1ccccc1)N1CC2CCC(C1)N2C(=O)c1cc(F)ccc1Cl,ChEMBL,CHEMBL4290645,,5.37675071,Train,1
HBLGPSSIZOQBCW-UHFFFAOYSA-N,O=C(NCc1ccc(OC(F)(F)F)cc1)C1c2ccccc2C(=O)N1Cc1ccc(C(F)(F)F)cn1,ChEMBL,CHEMBL2164359,,5.366531544,Train,1
ZPEIMTDSQAKGNT-UHFFFAOYSA-N,CN(C)CCCN1c2ccccc2Sc2ccc(Cl)cc21,PubChem,,2726,5.366531544,Validation,1
GYSNJAGOGHTHSY-UHFFFAOYSA-N,COc1cccc(C(=O)N2CCC3(CC2)Nc2cc(OC)ccc2-n2cccc23)c1,ChEMBL,CHEMBL3322769,,5.364013888,Validation,1
GXDZAKJWAROMED-UHFFFAOYSA-N,CN(C)c1cccc(C(=O)N2CCC3(CC2)Nc2ccccc2-n2cccc23)c1,PubChem,,53025800,5.358129455,Validation,1
HPSXNGYRKXICLD-UHFFFAOYSA-N,O=C(NCc1ccc(CC(F)(F)F)cc1)C1c2ccccc2C(=O)N1CCc1ccccn1,ChEMBL,CHEMBL2164391,,5.356547324,Train,1
NASMQJIAKMAEMO-ZWKOTPCHSA-N,CC1(C)CN[C@@H](c2cc(Cl)cc(Cl)c2)[C@H](Oc2cc(F)c(S(=O)(=O)Nc3ncns3)cc2F)O1,ChEMBL,CHEMBL4209955,,5.356547324,Train,1
TTWDLOQNOSMNMX-UHFFFAOYSA-N,O=C1c2ccccc2CN1C1CCN(CC(O)COc2cccc(C(F)(F)F)c2)CC1,ChEMBL,CHEMBL3632691,,5.356547324,Train,1
VIZAVJRLNLXOKV-UHFFFAOYSA-N,CC(C)(C)OC(=O)N1CC(N2C(=O)c3ccccc3C2C(=O)NCc2ccc(OC(F)(F)F)cc2)C1,PubChem,,44540374,5.356547324,Validation,1
SYLLWFIHDZDGIO-INIZCTEOSA-N,O=C1CN(c2cccc3c2cnn3-c2ccccc2F)CCN1CC(=O)N1CC[C@H](F)C1,PubChem,,127047251,5.356547324,Train,1
YPHWAPBSPXUFOR-UHFFFAOYSA-N,COc1ccc2c(c1)NC1(CCN(C(=O)c3cccc(Cl)c3)CC1)c1cccn1-2,ChEMBL,CHEMBL3322759,,5.354774289,Train,1
UAPQRAFEOQMNLO-UHFFFAOYSA-N,O=S(=O)(Nc1nccs1)c1ccc2c(c1)OCCN2c1ccc2nccnc2c1,PubChem,,89762101,5.35261703,Train,1
QGNZOANCXQXMOT-UHFFFAOYSA-N,CC(C)(C)OC(=O)N1CCC(N2C(=O)c3ccccc3C2C(=O)NCc2ccc(OC(F)(F)F)cc2)CC1,ChEMBL,CHEMBL2164374,,5.346787486,Train,1
LKNQEIFVYZPGTP-PCLVAITDSA-N,CC[C@H](C)[C@@H]1NC(=O)[C@@H]2CSSC[C@@H]3NC(=O)[C@H](C(C)C)NC(=O)[C@H](CC(C)C)NC(=O)[C@H](CC(N)=O)NC(=O)[C@@H]4CCCN4C(=O)[C@H](CCCNC(=N)N)NC(=O)[C@H](CSSC[C@H](NC(=O)[C@@H](N)CC(=O)O)C(=O)N[C@@H](CC(C)C)C(=O)NCC(=O)N[C@@H](Cc4ccccc4)C(=O)N[C@@H](CCSC)C(=O)N[C@@H](CCCNC(=N)N)C(=O)N[C@@H](CCCCN)C(=O)N2)NC(=O)[C@H](CSSC[C@@H](C(=O)N[C@@H](CCCCN)C(=O)N[C@@H](Cc2ccc(O)cc2)C(=O)N[C@H](C(=O)N[C@@H](Cc2ccccc2)C(N)=O)C(C)C)NC(=O)[C@H](Cc2c[nH]c4ccccc24)NC(=O)[C@H](CCCCN)NC(=O)[C@H](Cc2cnc[nH]2)NC(=O)[C@H](Cc2cnc[nH]2)NC(=O)[C@H](CCCNC(=N)N)NC(=O)[C@H](CO)NC3=O)NC(=O)[C@H](CCCCN)NC(=O)[C@H](CC(=O)O)NC(=O)[C@H](CC(N)=O)NC(=O)[C@H](CC(=O)O)NC(=O)[C@@H]2CCCN2C1=O,PubChem,,118734491,5.346787486,Train,1
XINCOPAGFDEGQZ-WOCWBQIVSA-N,CC[C@H](C)[C@@H]1NC(=O)[C@@H]2CSSC[C@@H]3NC(=O)[C@H](C(C)C)NC(=O)[C@H](CC(C)C)NC(=O)[C@H](CC(N)=O)NC(=O)[C@@H]4CCCN4C(=O)[C@H](CCCNC(=N)N)NC(=O)[C@H](CSSC[C@H](NC(=O)[C@@H](N)CC(=O)O)C(=O)N[C@@H](CC(C)C)C(=O)N[C@@H](CCCNC(=N)N)C(=O)N[C@@H](Cc4ccccc4)C(=O)N[C@@H](CCSC)C(=O)N[C@@H](CCCNC(=N)N)C(=O)N[C@@H](CCCCN)C(=O)N2)NC(=O)[C@H](CSSC[C@@H](C(=O)N[C@@H](CCCCN)C(=O)N[C@@H](Cc2ccc(O)cc2)C(=O)N[C@H](C(=O)N[C@@H](Cc2ccccc2)C(N)=O)C(C)C)NC(=O)[C@H](Cc2c[nH]c4ccccc24)NC(=O)[C@H](CCCCN)NC(=O)[C@H](Cc2cnc[nH]2)NC(=O)[C@H]([C@@H](C)O)NC(=O)[C@H](CCCNC(=N)N)NC(=O)[C@H](CO)NC3=O)NC(=O)[C@H](CCCCN)NC(=O)[C@H](CC(=O)O)NC(=O)[C@H](CC(N)=O)NC(=O)[C@H](CC(=O)O)NC(=O)[C@@H]2CCCN2C1=O,PubChem,,127046916,5.346787486,Train,1
QUVOXAQMOWHLAL-UHFFFAOYSA-N,COc1ccc2c(c1)NC1(CCN(Cc3ccc(C#N)cc3)CC1)c1cccn1-2,ChEMBL,CHEMBL3322763,,5.339419088,Train,1
LBUJARQQUVGRHC-JQJVJYKASA-N,CC[C@H](C)[C@@H]1NC(=O)[C@@H]2CSSC[C@@H]3NC(=O)[C@H](C(C)C)NC(=O)[C@H](CC(C)C)NC(=O)[C@H](CC(N)=O)NC(=O)[C@@H]4CCCN4C(=O)[C@H](CCCNC(=N)N)NC(=O)[C@H](CSSC[C@H](NC(=O)[C@@H](N)CC(=O)O)C(=O)N[C@@H](CC(C)C)C(=O)NCC(=O)N[C@@H](Cc4ccccc4)C(=O)N[C@@H](CCSC)C(=O)N[C@@H](CCCNC(=N)N)C(=O)N[C@@H](CCCCN)C(=O)N2)NC(=O)[C@H](CSSC[C@@H](C(=O)N[C@@H](CCCCN)C(=O)N[C@@H](Cc2ccc(O)cc2)C(=O)N[C@H](C(=O)N[C@@H](Cc2ccccc2)C(N)=O)C(C)C)NC(=O)[C@H](Cc2c[nH]c4ccccc24)NC(=O)[C@H](CCCCN)NC(=O)[C@H](Cc2cnc[nH]2)NC(=O)[C@H](CC(C)C)NC(=O)[C@H](CCCNC(=N)N)NC(=O)[C@H](CO)NC3=O)NC(=O)[C@H](CCCCN)NC(=O)[C@H](CC(=O)O)NC(=O)[C@H](CC(N)=O)NC(=O)[C@H](CC(=O)O)NC(=O)[C@@H]2CCCN2C1=O,ChEMBL,CHEMBL3416943,,5.337242168,Train,1
OTVBTSKBMHVGBT-UHFFFAOYSA-N,Cc1onc(-c2c(Cl)cccc2Cl)c1CC(=O)NCc1ccc(OC(C)C)nc1,ChEMBL,CHEMBL1797409,,5.330000131,Train,1
ZSKFKDOCPJGONT-UHFFFAOYSA-N,O=C(NCc1cccnc1OCC(F)(F)F)c1cncc(-c2ccc(Cl)cc2)c1,ChEMBL,CHEMBL1270208,,5.327902142,Train,1
NNJOTOMAUDKXKD-CUVQYZNDSA-N,CC[C@H](C)[C@@H]1NC(=O)[C@@H]2CSSC[C@@H]3NC(=O)[C@H](C(C)C)NC(=O)[C@H](CC(C)C)NC(=O)[C@H](CC(N)=O)NC(=O)[C@@H]4CCCN4C(=O)[C@H](CCCNC(=N)N)NC(=O)[C@H](CSSC[C@H](NC(=O)[C@@H](N)CC(=O)O)C(=O)N[C@@H](CC(C)C)C(=O)NCC(=O)N[C@@H](Cc4ccccc4)C(=O)N[C@@H](CCSC)C(=O)N[C@@H](CCCNC(=N)N)C(=O)N[C@@H](CCCCN)C(=O)N2)NC(=O)[C@H](CSSC[C@@H](C(=O)N[C@@H](CCCCN)C(=O)N[C@@H](Cc2ccc(O)cc2)C(=O)N[C@H](C(=O)N[C@@H](Cc2ccccc2)C(N)=O)C(C)C)NC(=O)[C@H](Cc2c[nH]c4ccccc24)NC(=O)[C@H](CCCCN)NC(=O)[C@H](Cc2cnc[nH]2)NC(=O)[C@H]([C@@H](C)O)NC(=O)[C@H](CCCNC(=N)N)NC(=O)[C@H](CO)NC3=O)NC(=O)[C@H](CCCCN)NC(=O)[C@H](CC(=O)O)NC(=O)[C@H](CC(N)=O)NC(=O)[C@H](CCCCN)NC(=O)[C@@H]2CCCN2C1=O,ChEMBL,CHEMBL3798428,,5.327902142,Train,1
DMNOVGJWPASQDL-OAQYLSRUSA-N,COc1ccsc1CNCC[C@@]1(c2ccccn2)CCOC2(CCCC2)C1,ChEMBL,CHEMBL2443262,,5.327902142,Train,1
BEWHLCNXECYMJX-DSYIRVKYSA-N,CC[C@H](C)[C@@H]1NC(=O)[C@@H]2CSSC[C@@H]3NC(=O)[C@H](C(C)C)NC(=O)[C@H](CC(C)C)NC(=O)[C@H](CC(N)=O)NC(=O)[C@@H]4CCCN4C(=O)[C@H](CCCNC(=N)N)NC(=O)[C@H](CSSC[C@H](NC(=O)[C@@H](N)CC(=O)O)C(=O)N[C@@H](CC(C)C)C(=O)NCC(=O)N[C@@H](Cc4ccccc4)C(=O)N[C@@H](CCSC)C(=O)N[C@@H](CCCNC(=N)N)C(=O)N[C@@H](CCCCN)C(=O)N2)NC(=O)[C@H](CSSC[C@@H](C(=O)N[C@@H](CCCCN)C(=O)N[C@@H](Cc2ccc(O)cc2)C(=O)N[C@H](C(=O)N[C@@H](Cc2ccccc2)C(N)=O)C(C)C)NC(=O)[C@H](Cc2c[nH]c4ccccc24)NC(=O)[C@H](CCCCN)NC(=O)[C@H](Cc2cnc[nH]2)NC(=O)[C@H]([C@@H](C)O)NC(=O)[C@H](CCCNC(=N)N)NC(=O)[C@H](C)NC3=O)NC(=O)[C@H](CCCCN)NC(=O)[C@H](CC(=O)O)NC(=O)[C@H](CC(N)=O)NC(=O)[C@H](CC(=O)O)NC(=O)[C@@H]2CCCN2C1=O,ChEMBL,CHEMBL3416906,,5.327902142,Train,1
NARGIHUYNYFIGB-UHFFFAOYSA-N,Cc1cccc2c1C(C(=O)NCc1ccc(OC(F)(F)F)cc1)N(CCc1ccccn1)C2=O,PubChem,,44545169,5.327902142,Train,1
NAAYBGMVDQIEPA-UHFFFAOYSA-N,COc1cc(-c2cccc(F)c2)c(Cl)cc1-c1ncnc2cc(S(=O)(=O)Nc3ncns3)ccc12,ChEMBL,CHEMBL3341980,,5.32330639,Train,1
BGUJRAQIVBGGOZ-UHFFFAOYSA-N,O=S(=O)(Nc1ccncn1)c1ccc2c(c1)OCCN2c1ccc(C(F)(F)F)cc1Cl,PubChem,,71712186,5.321481621,Validation,1
YAKWOONSXDDYMF-HNNXBMFYSA-N,CCCCCCC[C@@](O)(C(N)=O)c1cccc(Cl)c1,ChEMBL,CHEMBL1958462,,5.320572103,Train,1
ZTNRHRCXRKZNAI-UHFFFAOYSA-N,N#Cc1cc(Cl)ccc1N1CCOc2cc(S(=O)(=O)Nc3nccs3)ccc21,ChEMBL,CHEMBL3909713,,5.319664487,Train,1
IYIKLHRQXLHMJQ-UHFFFAOYSA-N,CCCCc1oc2ccccc2c1C(=O)c1cc(I)c(OCCN(CC)CC)c(I)c1,ChEMBL,CHEMBL633,,5.318758763,Train,1
MHEJDCLHINDVMO-TYJAQSAPSA-N,CC[C@H](C)[C@@H]1NC(=O)[C@@H]2CSSC[C@@H]3NC(=O)[C@H](C(C)C)NC(=O)[C@H](CC(C)C)NC(=O)[C@H](CC(N)=O)NC(=O)[C@@H]4CCCN4C(=O)[C@H](CCCNC(=N)N)NC(=O)[C@H](CSSC[C@H](NC(=O)[C@@H](N)CC(=O)O)C(=O)N[C@@H](CC(C)C)C(=O)NCC(=O)N[C@@H](Cc4ccccc4)C(=O)N[C@@H](CCSC)C(=O)N[C@@H](CCCNC(=N)N)C(=O)N[C@@H](CCCCN)C(=O)N2)NC(=O)[C@H](CSSC[C@@H](C(=O)N[C@@H](CCCCN)C(=O)N[C@@H](Cc2ccc(O)cc2)C(=O)N[C@H](C(=O)N[C@@H](Cc2ccccc2)C(N)=O)C(C)C)NC(=O)[C@H](Cc2c[nH]c4ccccc24)NC(=O)[C@H](CCCCN)NC(=O)[C@H](Cc2cnc[nH]2)NC(=O)[C@H]([C@@H](C)O)NC(=O)[C@H](CCCNC(=N)N)NC(=O)[C@H](CO)NC3=O)NC(=O)[C@H](CCCCN)NC(=O)[C@H](CC(=O)O)NC(=O)[C@H](CC(N)=O)NC(=O)[C@H](CCCNC(=N)N)NC(=O)[C@@H]2CCCN2C1=O,PubChem,,127046932,5.318758763,Validation,1
TYLDPTPQSZQRAN-PWPPRMTHSA-N,CSCC[C@@H]1NC(=O)[C@H](Cc2ccccc2)NC(=O)CNC(=O)[C@H](CC(C)C)NC(=O)[C@@H](NC(=O)[C@@H](N)CC(=O)O)CSSC[C@@H]2NC(=O)[C@@H]3CSSC[C@@H](C(=O)N[C@@H](CCCCN)C(=O)N[C@@H](Cc4ccc(O)cc4)C(=O)N[C@H](C(=O)N[C@@H](Cc4ccccc4)C(N)=O)C(C)C)NC(=O)[C@H](Cc4c[nH]c5ccccc45)NC(=O)[C@H](CCCCN)NC(=O)[C@H](Cc4cnc[nH]4)NC(=O)[C@H]([C@@H](C)O)NC(=O)[C@H](CCCNC(=N)N)NC(=O)[C@H](CO)NC(=O)[C@H](CSSC[C@H](NC(=O)[C@H](CCCCN)NC(=O)[C@H](CCCNC(=N)N)NC1=O)C(=O)N[C@@H](Cc1ccc(C(=O)O)cc1)C(=O)N1CCC[C@H]1C(=O)N[C@@H](CC(=O)O)C(=O)N[C@@H](CC(N)=O)C(=O)N[C@@H](CC(=O)O)C(=O)N[C@@H](CCCCN)C(=O)N3)NC(=O)[C@H](C(C)C)NC(=O)[C@H](CC(C)C)NC(=O)[C@H](CC(N)=O)NC(=O)[C@@H]1CCCN1C(=O)[C@H](CCCNC(=N)N)NC2=O,PubChem,,127045808,5.318758763,Train,1
UOMBPTKGGPSRLC-UHFFFAOYSA-N,COc1cc(-c2cccc(F)c2)ccc1N1CCOc2cc(S(=O)(=O)Nc3nccs3)ccc21,PubChem,,89761721,5.316052869,Train,1
YIYIHOOPTATGMR-UHFFFAOYSA-N,O=S(=O)(Nc1nccs1)c1ccc2c(c1)OCCN2c1cccc2ccncc12,PubChem,,89761868,5.316052869,Train,1
FXTBLDWXLZMPPV-UHFFFAOYSA-N,O=C(NCc1ccc(OC(F)(F)F)c(Cl)c1)c1ccc(S(=O)(=O)Nc2ncns2)c(F)c1,ChEMBL,CHEMBL4293085,,5.312471039,Train,1
IFZNYDPKBDZQOV-UHFFFAOYSA-N,N#Cc1ccc(C(=O)N2CCC3(CC2)Nc2cc(C(F)(F)F)ccc2-n2cccc23)cc1,ChEMBL,CHEMBL3322669,,5.31238187,Train,1
MFKQUSDXSZFIBR-UHFFFAOYSA-N,COc1ccc2c(c1)NC1(CCN(C(=O)c3ccccc3OC)CC1)c1cccn1-2,PubChem,,53025909,5.310602337,Validation,1
GPWHPAPWDUMHKB-UHFFFAOYSA-N,NC1CCC(CCNc2cc(F)c(S(=O)(=O)Nc3nccs3)cc2Cl)CC1,PubChem,,134477214,5.30980392,Train,1
VXPGKMTWGKODIB-UHFFFAOYSA-N,O=S(=O)(Nc1nccs1)c1ccc2c(c1)OCCN2c1cccc(Cl)c1,PubChem,,71712185,5.307153081,Train,1
IGVPKUYUKHLLJD-UHFFFAOYSA-N,Cl.O=C(CCc1ccccc1)c1cc(F)ccc1OCC(O)CN1CCN(C(c2ccccc2)c2ccccc2)CC1,ChEMBL,CHEMBL1915364,,5.301029996,Train,1
FNVYEMPYJHQPKT-ICRDGOEDSA-N,CC[C@H](C)[C@@H]1NC(=O)[C@@H]2CSSC[C@@H]3NC(=O)[C@H](C(C)C)NC(=O)[C@H](CC(C)C)NC(=O)[C@H](CC(N)=O)NC(=O)[C@@H]4CCCN4C(=O)[C@H](CCCNC(=N)N)NC(=O)[C@H](CSSC[C@H](NC(=O)[C@@H](N)CC(=O)O)C(=O)N[C@@H](CC(C)C)C(=O)NCC(=O)N[C@@H](Cc4ccccc4)C(=O)N[C@@H](CCSC)C(=O)N[C@@H](CCCNC(=N)N)C(=O)N[C@@H](CCCCN)C(=O)N2)NC(=O)[C@H](CSSC[C@@H](C(=O)N[C@@H](CCCCN)C(=O)N[C@@H](Cc2ccc(O)cc2)C(=O)N[C@H](C(=O)N[C@@H](Cc2ccccc2)C(N)=O)C(C)C)NC(=O)[C@H](CCCNC(=N)N)NC(=O)[C@H](CCCCN)NC(=O)[C@H](Cc2cnc[nH]2)NC(=O)[C@H]([C@@H](C)O)NC(=O)[C@H](CCCNC(=N)N)NC(=O)[C@H](CO)NC3=O)NC(=O)[C@H](CCCCN)NC(=O)[C@H](CC(=O)O)NC(=O)[C@H](CC(N)=O)NC(=O)[C@H](CC(=O)O)NC(=O)[C@@H]2CCCN2C1=O,ChEMBL,CHEMBL3799762,,5.301029996,Train,1
ZJYHULVNOMALBG-UHFFFAOYSA-N,Cc1ccc(N2CCN(CC(O)COc3ccccc3C(=O)CCc3ccccc3)CC2)cc1,ChEMBL,CHEMBL1963594,,5.301029996,Validation,1
XYPMZYYZUJQOOS-JQJVJYKASA-N,CC[C@H](C)[C@@H]1NC(=O)[C@@H]2CSSC[C@@H]3NC(=O)[C@H](C(C)C)NC(=O)[C@H](CC(C)C)NC(=O)[C@H](CC(N)=O)NC(=O)[C@@H]4CCCN4C(=O)[C@H](CCCNC(=N)N)NC(=O)[C@H](CSSC[C@H](NC(=O)[C@@H](N)CC(=O)O)C(=O)N[C@@H](CC(C)C)C(=O)NCC(=O)N[C@@H](Cc4ccccc4)C(=O)N[C@@H](CCSC)C(=O)N[C@@H](CCCNC(=N)N)C(=O)N[C@@H](CCCCN)C(=O)N2)NC(=O)[C@H](CSSC[C@@H](C(=O)N[C@@H](CCCCN)C(=O)N[C@@H](Cc2ccc(O)cc2)C(=O)N[C@H](C(=O)N[C@@H](Cc2ccccc2)C(N)=O)C(C)C)NC(=O)[C@H](Cc2c[nH]c4ccccc24)NC(=O)[C@H](CCCCN)NC(=O)[C@H](Cc2cnc[nH]2)NC(=O)[C@H](CCCCN)NC(=O)[C@H](CCCNC(=N)N)NC(=O)[C@H](CO)NC3=O)NC(=O)[C@H](CCCCN)NC(=O)[C@H](CC(=O)O)NC(=O)[C@H](CC(N)=O)NC(=O)[C@H](CC(=O)O)NC(=O)[C@@H]2CCCN2C1=O,ChEMBL,CHEMBL3799377,,5.301029996,Train,1
WDPDDVWETPWMCT-PNLFCMBSSA-N,CC[C@H](C)[C@@H]1NC(=O)[C@@H]2CSSC[C@@H]3NC(=O)[C@H](C(C)C)NC(=O)[C@H](CC(C)C)NC(=O)[C@H](CC(N)=O)NC(=O)[C@@H]4CCCN4C(=O)[C@H](CCCNC(=N)N)NC(=O)[C@H](CSSC[C@H](NC(=O)[C@@H](N)CC(=O)O)C(=O)N[C@@H](CC(C)C)C(=O)NCC(=O)N[C@@H](Cc4ccccc4)C(=O)N[C@@H](CCSC)C(=O)N[C@@H](CCCNC(=N)N)C(=O)N[C@@H](CCCCN)C(=O)N2)NC(=O)[C@H](CSSC[C@@H](C(=O)N[C@@H](CCCCN)C(=O)N[C@@H](Cc2ccc(O)cc2)C(=O)N[C@@H](CCCCN)C(=O)N[C@@H](Cc2ccccc2)C(N)=O)NC(=O)[C@H](Cc2c[nH]c4ccccc24)NC(=O)[C@H](CCCCN)NC(=O)[C@H](Cc2cnc[nH]2)NC(=O)[C@H]([C@@H](C)O)NC(=O)[C@H](CCCNC(=N)N)NC(=O)[C@H](CO)NC3=O)NC(=O)[C@H](CCCCN)NC(=O)[C@H](CC(=O)O)NC(=O)[C@H](CC(N)=O)NC(=O)[C@H](CC(=O)O)NC(=O)[C@@H]2CCCN2C1=O,ChEMBL,CHEMBL3799794,,5.301029996,Train,1
BBQCMKKNDKALKK-RXVBLHJWSA-N,CC[C@H](C)[C@@H]1NC(=O)[C@@H]2CSSC[C@@H]3NC(=O)[C@H](C(C)C)NC(=O)[C@H](CC(C)C)NC(=O)[C@H](CC(N)=O)NC(=O)[C@@H]4CCCN4C(=O)[C@H](CCCNC(=N)N)NC(=O)[C@H](CSSC[C@H](NC(=O)[C@@H](N)Cc4c[nH]c5ccccc45)C(=O)N[C@@H](CC(C)C)C(=O)NCC(=O)N[C@@H](Cc4ccccc4)C(=O)N[C@@H](CCSC)C(=O)N[C@@H](CCCNC(=N)N)C(=O)N[C@@H](CCCCN)C(=O)N2)NC(=O)[C@H](CSSC[C@@H](C(=O)N[C@@H](CCCCN)C(=O)N[C@@H](Cc2ccc(O)cc2)C(=O)N[C@H](C(=O)N[C@@H](Cc2ccccc2)C(N)=O)C(C)C)NC(=O)[C@H](Cc2c[nH]c4ccccc24)NC(=O)[C@H](CCCCN)NC(=O)[C@H](Cc2cnc[nH]2)NC(=O)[C@H]([C@@H](C)O)NC(=O)[C@H](CCCNC(=N)N)NC(=O)[C@H](CO)NC3=O)NC(=O)[C@H](CCCCN)NC(=O)[C@H](CC(=O)O)NC(=O)[C@H](CC(N)=O)NC(=O)[C@H](CC(=O)O)NC(=O)[C@@H]2CCCN2C1=O,ChEMBL,CHEMBL3798094,,5.301029996,Validation,1
KOHNKKCZGRTPTR-UOZCUAPTSA-N,CC[C@H](C)[C@@H]1NC(=O)[C@@H]2CSSC[C@@H]3NC(=O)[C@H](C(C)C)NC(=O)[C@H](CC(C)C)NC(=O)[C@H](CC(N)=O)NC(=O)[C@@H]4CCCN4C(=O)[C@H](CCCNC(=N)N)NC(=O)[C@H](CSSC[C@H](NC(=O)[C@@H](N)CC(=O)O)C(=O)N[C@@H](CC(C)C)C(=O)NCC(=O)N[C@@H](Cc4ccccc4)C(=O)N[C@@H](CCSC)C(=O)N[C@@H](CCCNC(=N)N)C(=O)N[C@@H](CCCCN)C(=O)N2)NC(=O)[C@H](CSSC[C@@H](C(=O)N[C@@H](CCCCN)C(=O)N[C@@H](Cc2ccc(O)cc2)C(=O)N[C@H](C(=O)N[C@@H](Cc2ccccc2)C(N)=O)C(C)C)NC(=O)[C@H](Cc2c[nH]c4ccccc24)NC(=O)[C@H](CCCCN)NC(=O)[C@H](Cc2cnc[nH]2)NC(=O)[C@H]([C@@H](C)O)NC(=O)[C@H](CCCNC(=N)N)NC(=O)[C@H](CO)NC3=O)NC(=O)[C@H](CCCCN)NC(=O)[C@H](CC(=O)O)NC(=O)[C@H](CC(N)=O)NC(=O)[C@H](CC(=O)O)NC(=O)[C@H](Cc2c[nH]c3ccccc23)NC1=O,ChEMBL,CHEMBL3798688,,5.301029996,Train,1
VWXDNECGIOSQAZ-NQIWTSOKSA-N,CC[C@H](C)[C@@H]1NC(=O)[C@@H]2CSSC[C@@H]3NC(=O)[C@H](C(C)C)NC(=O)[C@H](CC(C)C)NC(=O)[C@H](CC(N)=O)NC(=O)[C@@H]4CCCN4C(=O)[C@H](CCCNC(=N)N)NC(=O)[C@H](CSSC[C@H](NC(=O)[C@@H](N)CC(=O)O)C(=O)N[C@@H](CC(C)C)C(=O)NCC(=O)N[C@@H](Cc4cccc5ccccc45)C(=O)N[C@@H](CCSC)C(=O)N[C@@H](CCCNC(=N)N)C(=O)N[C@@H](CCCCN)C(=O)N2)NC(=O)[C@H](CSSC[C@@H](C(=O)N[C@@H](CCCCN)C(=O)N[C@@H](Cc2ccc(O)cc2)C(=O)N[C@H](C(=O)N[C@@H](Cc2ccccc2)C(N)=O)C(C)C)NC(=O)[C@H](Cc2c[nH]c4ccccc24)NC(=O)[C@H](CCCCN)NC(=O)[C@H](Cc2c[nH]cn2)NC(=O)[C@H]([C@@H](C)O)NC(=O)[C@H](CCCNC(=N)N)NC(=O)[C@H](CO)NC3=O)NC(=O)[C@H](CCCCN)NC(=O)[C@H](CC(=O)O)NC(=O)[C@H](CC(N)=O)NC(=O)[C@H](CC(=O)O)NC(=O)[C@@H]2CCCN2C1=O,ChEMBL,CHEMBL3800326,,5.301029996,Train,1
SUSKVVDWHULAAP-DSIWUQKISA-N,CC[C@H](C)[C@@H]1NC(=O)[C@@H]2CSSC[C@@H]3NC(=O)[C@H](C(C)C)NC(=O)[C@H](CC(C)C)NC(=O)[C@H](CC(N)=O)NC(=O)[C@@H]4CCCN4C(=O)[C@H](CCC(=O)O)NC(=O)[C@H](CSSC[C@H](NC(=O)[C@@H](N)CC(=O)O)C(=O)N[C@@H](CC(C)C)C(=O)NCC(=O)N[C@@H](Cc4ccccc4)C(=O)N[C@@H](CCSC)C(=O)N[C@@H](CCCNC(=N)N)C(=O)N[C@@H](CCCCN)C(=O)N2)NC(=O)[C@H](CSSC[C@@H](C(=O)N[C@@H](CCCCN)C(=O)N[C@@H](Cc2ccc(O)cc2)C(=O)N[C@H](C(=O)N[C@@H](Cc2ccccc2)C(N)=O)C(C)C)NC(=O)[C@H](Cc2c[nH]c4ccccc24)NC(=O)[C@H](CCCCN)NC(=O)[C@H](Cc2cnc[nH]2)NC(=O)[C@H]([C@@H](C)O)NC(=O)[C@H](CCCNC(=N)N)NC(=O)[C@H](CO)NC3=O)NC(=O)[C@H](CCCCN)NC(=O)[C@H](CC(=O)O)NC(=O)[C@H](CC(N)=O)NC(=O)[C@H](CC(=O)O)NC(=O)[C@@H]2CCCN2C1=O,ChEMBL,CHEMBL3799874,,5.301029996,Train,1
BUGIQTVIMJRBNA-HTFUMWKFSA-N,CC[C@H](C)[C@@H]1NC(=O)[C@@H]2CSSC[C@@H]3NC(=O)[C@H](C(C)C)NC(=O)[C@H](CC(C)C)NC(=O)[C@H](CC(N)=O)NC(=O)[C@@H]4CCCN4C(=O)[C@H](CCCNC(=N)N)NC(=O)[C@H](CSSC[C@H](NC(=O)[C@@H](N)CC(=O)O)C(=O)N[C@@H](CC(C)C)C(=O)NCC(=O)N[C@@H](Cc4ccccc4)C(=O)N[C@@H](CCSC)C(=O)N[C@@H](CCCNC(=N)N)C(=O)N[C@@H](CCCCN)C(=O)N2)NC(=O)[C@H](CSSC[C@@H](C(=O)N[C@@H](CCC(=O)O)C(=O)N[C@@H](Cc2ccc(O)cc2)C(=O)N[C@H](C(=O)N[C@@H](Cc2ccccc2)C(N)=O)C(C)C)NC(=O)[C@H](Cc2c[nH]c4ccccc24)NC(=O)[C@H](CCCCN)NC(=O)[C@H](Cc2cnc[nH]2)NC(=O)[C@H]([C@@H](C)O)NC(=O)[C@H](CCCNC(=N)N)NC(=O)[C@H](CO)NC3=O)NC(=O)[C@H](CCCCN)NC(=O)[C@H](CC(=O)O)NC(=O)[C@H](CC(N)=O)NC(=O)[C@H](CC(=O)O)NC(=O)[C@@H]2CCCN2C1=O,ChEMBL,CHEMBL3800404,,5.301029996,Train,1
OGLWRUOTLKQIOD-TYJAQSAPSA-N,CC[C@H](C)[C@@H]1NC(=O)[C@@H]2CSSC[C@@H]3NC(=O)[C@H](C(C)C)NC(=O)[C@H](CC(C)C)NC(=O)[C@H](CC(N)=O)NC(=O)[C@@H]4CCCN4C(=O)[C@H](CCCNC(=N)N)NC(=O)[C@H](CSSC[C@H](NC(=O)[C@@H](N)CCCNC(=N)N)C(=O)N[C@@H](CC(C)C)C(=O)NCC(=O)N[C@@H](Cc4ccccc4)C(=O)N[C@@H](CCSC)C(=O)N[C@@H](CCCNC(=N)N)C(=O)N[C@@H](CCCCN)C(=O)N2)NC(=O)[C@H](CSSC[C@@H](C(=O)N[C@@H](CCCCN)C(=O)N[C@@H](Cc2ccc(O)cc2)C(=O)N[C@H](C(=O)N[C@@H](Cc2ccccc2)C(N)=O)C(C)C)NC(=O)[C@H](Cc2c[nH]c4ccccc24)NC(=O)[C@H](CCCCN)NC(=O)[C@H](Cc2cnc[nH]2)NC(=O)[C@H]([C@@H](C)O)NC(=O)[C@H](CCCNC(=N)N)NC(=O)[C@H](CO)NC3=O)NC(=O)[C@H](CCCCN)NC(=O)[C@H](CC(=O)O)NC(=O)[C@H](CC(N)=O)NC(=O)[C@H](CC(=O)O)NC(=O)[C@@H]2CCCN2C1=O,ChEMBL,CHEMBL3799314,,5.301029996,Validation,1
USEHXEJGZITDIX-PVMFBFNOSA-N,CC[C@H](C)[C@@H]1NC(=O)[C@@H]2CSSC[C@@H]3NC(=O)[C@H](C(C)C)NC(=O)[C@H](CC(C)C)NC(=O)[C@H](CC(N)=O)NC(=O)[C@@H]4CCCN4C(=O)[C@H](CCCNC(=N)N)NC(=O)[C@H](CSSC[C@H](NC(=O)[C@@H](N)CC(=O)O)C(=O)N[C@@H](CCCCN)C(=O)NCC(=O)N[C@@H](Cc4ccccc4)C(=O)N[C@@H](CCSC)C(=O)N[C@@H](CCCNC(=N)N)C(=O)N[C@@H](CCCCN)C(=O)N2)NC(=O)[C@H](CSSC[C@@H](C(=O)N[C@@H](CCCCN)C(=O)N[C@@H](Cc2ccc(O)cc2)C(=O)N[C@H](C(=O)N[C@@H](Cc2ccccc2)C(N)=O)C(C)C)NC(=O)[C@H](Cc2c[nH]c4ccccc24)NC(=O)[C@H](CCCCN)NC(=O)[C@H](Cc2cnc[nH]2)NC(=O)[C@H]([C@@H](C)O)NC(=O)[C@H](CCCNC(=N)N)NC(=O)[C@H](CO)NC3=O)NC(=O)[C@H](CCCCN)NC(=O)[C@H](CC(=O)O)NC(=O)[C@H](CC(N)=O)NC(=O)[C@H](CC(=O)O)NC(=O)[C@@H]2CCCN2C1=O,ChEMBL,CHEMBL3799846,,5.301029996,Train,1
MHBIVXGTRINGBZ-GDCYEXNISA-N,CSCC[C@@H]1NC(=O)[C@H](Cc2ccccc2)NC(=O)CNC(=O)[C@H](CC(C)C)NC(=O)[C@@H](NC(=O)[C@@H](N)CC(=O)O)CSSC[C@@H]2NC(=O)[C@@H]3CSSC[C@@H](C(=O)N[C@@H](CCCCN)C(=O)N[C@@H](Cc4ccc(O)cc4)C(=O)N[C@H](C(=O)N[C@@H](Cc4ccccc4)C(N)=O)C(C)C)NC(=O)[C@H](Cc4c[nH]c5ccccc45)NC(=O)[C@H](CCCCN)NC(=O)[C@H](Cc4cnc[nH]4)NC(=O)[C@H]([C@@H](C)O)NC(=O)[C@H](CCCNC(=N)N)NC(=O)[C@H](CO)NC(=O)[C@H](CSSC[C@H](NC(=O)[C@H](CCCCN)NC(=O)[C@H](CCCNC(=N)N)NC1=O)C(=O)N[C@@H](CC(=O)O)C(=O)N1CCC[C@H]1C(=O)N[C@@H](CC(=O)O)C(=O)N[C@@H](CC(N)=O)C(=O)N[C@@H](CC(=O)O)C(=O)N[C@@H](CCCCN)C(=O)N3)NC(=O)[C@H](C(C)C)NC(=O)[C@H](CC(C)C)NC(=O)[C@H](CC(N)=O)NC(=O)[C@@H]1CCCN1C(=O)[C@H](CCCNC(=N)N)NC2=O,ChEMBL,CHEMBL3799545,,5.301029996,Train,1
KYZKCRSLRWNLNQ-PHGCRLBGSA-N,CC[C@H](C)[C@@H]1NC(=O)[C@@H]2CSSC[C@@H]3NC(=O)[C@H](C(C)C)NC(=O)[C@H](CC(C)C)NC(=O)[C@H](CC(N)=O)NC(=O)[C@@H]4CCCN4C(=O)[C@H](CCCNC(=N)N)NC(=O)[C@H](CSSC[C@H](NC(=O)[C@@H](N)CCC(=O)O)C(=O)N[C@@H](CC(C)C)C(=O)NCC(=O)N[C@@H](Cc4ccccc4)C(=O)N[C@@H](CCSC)C(=O)N[C@@H](CCCNC(=N)N)C(=O)N[C@@H](CCCCN)C(=O)N2)NC(=O)[C@H](CSSC[C@@H](C(=O)N[C@@H](CCCCN)C(=O)N[C@@H](Cc2ccc(O)cc2)C(=O)N[C@H](C(=O)N[C@@H](Cc2ccccc2)C(N)=O)C(C)C)NC(=O)[C@H](Cc2c[nH]c4ccccc24)NC(=O)[C@H](CCCCN)NC(=O)[C@H](Cc2cnc[nH]2)NC(=O)[C@H]([C@@H](C)O)NC(=O)[C@H](CCCNC(=N)N)NC(=O)[C@H](CO)NC3=O)NC(=O)[C@H](CCCCN)NC(=O)[C@H](CC(=O)O)NC(=O)[C@H](CC(N)=O)NC(=O)[C@H](CC(=O)O)NC(=O)[C@@H]2CCCN2C1=O,ChEMBL,CHEMBL3798466,,5.301029996,Train,1
GAEDVIYJLWLMOA-WYDCPJNNSA-N,CC[C@H](C)[C@@H]1NC(=O)[C@@H]2CSSC[C@@H]3NC(=O)[C@H](C(C)C)NC(=O)[C@H](CC(C)C)NC(=O)[C@H](CC(N)=O)NC(=O)[C@@H]4CCCN4C(=O)[C@H](CCCNC(=N)N)NC(=O)[C@H](CSSC[C@H](NC(=O)[C@@H](N)CC(=O)O)C(=O)N[C@@H](CC(C)C)C(=O)NCC(=O)N[C@@H](Cc4ccccc4)C(=O)N[C@@H](CCSC)C(=O)N[C@@H](CCCNC(=N)N)C(=O)N[C@@H](CCCCN)C(=O)N2)NC(=O)[C@H](CSSC[C@@H](C(=O)N[C@@H](CCCCN)C(=O)N[C@@H](CCCNC(=N)N)C(=O)N[C@H](C(=O)N[C@@H](Cc2ccccc2)C(N)=O)C(C)C)NC(=O)[C@H](Cc2c[nH]c4ccccc24)NC(=O)[C@H](CCCCN)NC(=O)[C@H](Cc2cnc[nH]2)NC(=O)[C@H]([C@@H](C)O)NC(=O)[C@H](CCCNC(=N)N)NC(=O)[C@H](CO)NC3=O)NC(=O)[C@H](CCCCN)NC(=O)[C@H](CC(=O)O)NC(=O)[C@H](CC(N)=O)NC(=O)[C@H](CC(=O)O)NC(=O)[C@@H]2CCCN2C1=O,ChEMBL,CHEMBL3797810,,5.301029996,Train,1
QWZFIWWJMPYNFL-LSWKWRIQSA-N,CC[C@H](C)[C@@H]1NC(=O)[C@@H]2CSSC[C@@H]3NC(=O)[C@H](C(C)C)NC(=O)[C@H](CC(C)C)NC(=O)[C@H](C)NC(=O)[C@@H]4CCCN4C(=O)[C@H](CCCNC(=N)N)NC(=O)[C@H](CSSC[C@H](NC(=O)[C@@H](N)CC(=O)O)C(=O)N[C@@H](CC(C)C)C(=O)NCC(=O)N[C@@H](Cc4ccccc4)C(=O)N[C@@H](CCSC)C(=O)N[C@@H](CCCNC(=N)N)C(=O)N[C@@H](CCCCN)C(=O)N2)NC(=O)[C@H](CSSC[C@@H](C(=O)N[C@@H](CCCCN)C(=O)N[C@@H](Cc2ccc(O)cc2)C(=O)N[C@H](C(=O)N[C@@H](Cc2ccccc2)C(N)=O)C(C)C)NC(=O)[C@H](Cc2c[nH]c4ccccc24)NC(=O)[C@H](CCCCN)NC(=O)[C@H](Cc2cnc[nH]2)NC(=O)[C@H]([C@@H](C)O)NC(=O)[C@H](CCCNC(=N)N)NC(=O)[C@H](CO)NC3=O)NC(=O)[C@H](CCCCN)NC(=O)[C@H](CC(=O)O)NC(=O)[C@H](CC(N)=O)NC(=O)[C@H](CC(=O)O)NC(=O)[C@@H]2CCCN2C1=O,ChEMBL,CHEMBL3416903,,5.301029996,Train,1
DQUZUWDCGWQKLF-UHTHBPHISA-N,CC[C@H](C)[C@@H]1NC(=O)[C@@H]2CSSC[C@@H]3NC(=O)[C@H](C(C)C)NC(=O)[C@H](CC(C)C)NC(=O)[C@H](CC(N)=O)NC(=O)[C@@H]4CCCN4C(=O)[C@H](CCCNC(=N)N)NC(=O)[C@H](CSSC[C@H](NC(=O)[C@@H](N)CC(=O)O)C(=O)N[C@@H](CC(C)C)C(=O)NCC(=O)N[C@@H](Cc4ccccc4)C(=O)N[C@@H](CCSC)C(=O)N[C@@H](CCCNC(=N)N)C(=O)N[C@@H](CCCCN)C(=O)N2)NC(=O)[C@H](CSSC[C@@H](C(=O)N[C@@H](CCCCN)C(=O)N[C@@H](Cc2ccc(O)cc2)C(=O)N[C@H](C(=O)N[C@@H](Cc2ccccc2)C(=O)N[C@@H](CCCCN)C(N)=O)C(C)C)NC(=O)[C@H](Cc2c[nH]c4ccccc24)NC(=O)[C@H](CCCCN)NC(=O)[C@H](Cc2cnc[nH]2)NC(=O)[C@H]([C@@H](C)O)NC(=O)[C@H](CCCNC(=N)N)NC(=O)[C@H](CO)NC3=O)NC(=O)[C@H](CCCCN)NC(=O)[C@H](CC(=O)O)NC(=O)[C@H](CC(N)=O)NC(=O)[C@H](CC(=O)O)NC(=O)[C@@H]2CCCN2C1=O,ChEMBL,CHEMBL3797542,,5.301029996,Train,1
VGHUQOPCSXOUJD-GDCYEXNISA-N,CSCC[C@@H]1NC(=O)[C@H](Cc2ccccc2)NC(=O)CNC(=O)[C@H](CC(C)C)NC(=O)[C@@H](NC(=O)[C@@H](N)CC(=O)O)CSSC[C@@H]2NC(=O)[C@@H]3CSSC[C@@H](C(=O)N[C@@H](CCCCN)C(=O)N[C@@H](Cc4ccc(O)cc4)C(=O)N[C@H](C(=O)N[C@@H](Cc4ccccc4)C(N)=O)C(C)C)NC(=O)[C@H](Cc4c[nH]c5ccccc45)NC(=O)[C@H](CCCCN)NC(=O)[C@H](Cc4cnc[nH]4)NC(=O)[C@H]([C@@H](C)O)NC(=O)[C@H](CCCNC(=N)N)NC(=O)[C@H](CO)NC(=O)[C@H](CSSC[C@H](NC(=O)[C@H](CCCCN)NC(=O)[C@H](CCCNC(=N)N)NC1=O)C(=O)N[C@@H](CC(N)=O)C(=O)N1CCC[C@H]1C(=O)N[C@@H](CC(=O)O)C(=O)N[C@@H](CC(N)=O)C(=O)N[C@@H](CC(=O)O)C(=O)N[C@@H](CCCCN)C(=O)N3)NC(=O)[C@H](C(C)C)NC(=O)[C@H](CC(C)C)NC(=O)[C@H](CC(N)=O)NC(=O)[C@@H]1CCCN1C(=O)[C@H](CCCNC(=N)N)NC2=O,ChEMBL,CHEMBL3799543,,5.301029996,Train,1
YIWGSZZOKLZEFG-PXEKUZNTSA-N,CC[C@H](C)[C@@H]1NC(=O)[C@@H]2CSSC[C@@H]3NC(=O)[C@H](C(C)C)NC(=O)[C@H](CC(C)C)NC(=O)[C@H](CC(N)=O)NC(=O)[C@@H]4CCCN4C(=O)[C@H](CCCNC(=N)N)NC(=O)[C@H](CSSC[C@H](NC(=O)[C@@H](N)CC(=O)O)C(=O)N[C@@H](CC(C)C)C(=O)NCC(=O)N[C@@H](Cc4ccccc4)C(=O)N[C@@H](CCSC)C(=O)N[C@@H](CCCNC(=N)N)C(=O)N[C@@H](CCCCN)C(=O)N2)NC(=O)[C@H](CSSC[C@@H](C(=O)N[C@@H](CCCCN)C(=O)N[C@@H](Cc2ccc(O)cc2)C(=O)N[C@H](C(N)=O)C(C)C)NC(=O)[C@H](Cc2c[nH]c4ccccc24)NC(=O)[C@H](CCCCN)NC(=O)[C@H](Cc2cnc[nH]2)NC(=O)[C@H]([C@@H](C)O)NC(=O)[C@H](CCCNC(=N)N)NC(=O)[C@H](CO)NC3=O)NC(=O)[C@H](CCCCN)NC(=O)[C@H](CC(=O)O)NC(=O)[C@H](CC(N)=O)NC(=O)[C@H](CC(=O)O)NC(=O)[C@@H]2CCCN2C1=O,ChEMBL,CHEMBL3798248,,5.301029996,Train,1
KLOJOBSHVATSEJ-GODGPPIMSA-N,CC[C@H](C)[C@@H]1NC(=O)[C@@H]2CSSC[C@@H]3NC(=O)[C@H](C(C)C)NC(=O)[C@H](CC(C)C)NC(=O)[C@H](CC(N)=O)NC(=O)[C@@H]4CCCN4C(=O)[C@H](CCCNC(=N)N)NC(=O)[C@H](CSSC[C@H](NC(=O)[C@@H](N)CC(=O)O)C(=O)N[C@@H](CC(C)C)C(=O)NCC(=O)N[C@@H](Cc4ccccc4)C(=O)N[C@@H](CCSC)C(=O)N[C@@H](CCCNC(=N)N)C(=O)N[C@@H](CCCCN)C(=O)N2)NC(=O)[C@H](CSSC[C@@H](C(=O)N[C@@H](C)C(=O)N[C@@H](Cc2ccc(O)cc2)C(=O)N[C@H](C(=O)N[C@@H](Cc2ccccc2)C(N)=O)C(C)C)NC(=O)[C@H](Cc2c[nH]c4ccccc24)NC(=O)[C@H](CCCCN)NC(=O)[C@H](Cc2cnc[nH]2)NC(=O)[C@H]([C@@H](C)O)NC(=O)[C@H](CCCNC(=N)N)NC(=O)[C@H](CO)NC3=O)NC(=O)[C@H](CCCCN)NC(=O)[C@H](CC(=O)O)NC(=O)[C@H](CC(N)=O)NC(=O)[C@H](CC(=O)O)NC(=O)[C@@H]2CCCN2C1=O,ChEMBL,CHEMBL3416912,,5.301029996,Train,1
FFWNPXPFRITQLV-OUGHOVJPSA-N,CC[C@H](C)[C@@H]1NC(=O)[C@@H]2CSSC[C@@H]3NC(=O)[C@H](C(C)C)NC(=O)[C@H](CC(C)C)NC(=O)[C@H](CC(N)=O)NC(=O)[C@@H]4CCCN4C(=O)[C@H](CCCNC(=N)N)NC(=O)[C@H](CSSC[C@H](NC(=O)[C@@H](N)CC(=O)O)C(=O)N[C@@H](CC(C)C)C(=O)NCC(=O)N[C@@H](CCC(=O)O)C(=O)N[C@@H](CCSC)C(=O)N[C@@H](CCCNC(=N)N)C(=O)N[C@@H](CCCCN)C(=O)N2)NC(=O)[C@H](CSSC[C@@H](C(=O)N[C@@H](CCCCN)C(=O)N[C@@H](Cc2ccc(O)cc2)C(=O)N[C@H](C(=O)N[C@@H](Cc2ccccc2)C(N)=O)C(C)C)NC(=O)[C@H](Cc2c[nH]c4ccccc24)NC(=O)[C@H](CCCCN)NC(=O)[C@H](Cc2cnc[nH]2)NC(=O)[C@H]([C@@H](C)O)NC(=O)[C@H](CCCNC(=N)N)NC(=O)[C@H](CO)NC3=O)NC(=O)[C@H](CCCCN)NC(=O)[C@H](CC(=O)O)NC(=O)[C@H](CC(N)=O)NC(=O)[C@H](CC(=O)O)NC(=O)[C@@H]2CCCN2C1=O,ChEMBL,CHEMBL3797956,,5.301029996,Train,1
GHCUWUHVSLYLCD-ZNUOLFGASA-N,CC[C@H](C)[C@@H]1NC(=O)[C@@H]2CSSC[C@@H]3NC(=O)[C@H](C(C)C)NC(=O)[C@H](CC(C)C)NC(=O)[C@H](CC(N)=O)NC(=O)[C@@H]4CCCN4C(=O)[C@H](CCCNC(=N)N)NC(=O)[C@H](CSSC[C@H](NC(=O)[C@@H](N)CC(=O)O)C(=O)N[C@@H](CC(C)C)C(=O)NCC(=O)N[C@@H](Cc4ccccc4)C(=O)N[C@@H](CCSC)C(=O)N[C@@H](CCCNC(=N)N)C(=O)N[C@@H](CCCCN)C(=O)N2)NC(=O)[C@H](CSSC[C@@H](C(=O)N[C@@H](CCCCN)C(=O)N[C@@H](Cc2ccc(O)cc2)C(=O)N[C@H](C(=O)N[C@@H](Cc2ccccc2)C(N)=O)C(C)C)NC(=O)[C@H](CCC(=O)O)NC(=O)[C@H](CCCCN)NC(=O)[C@H](Cc2cnc[nH]2)NC(=O)[C@H]([C@@H](C)O)NC(=O)[C@H](CCCNC(=N)N)NC(=O)[C@H](CO)NC3=O)NC(=O)[C@H](CCCCN)NC(=O)[C@H](CC(=O)O)NC(=O)[C@H](CC(N)=O)NC(=O)[C@H](CC(=O)O)NC(=O)[C@@H]2CCCN2C1=O,ChEMBL,CHEMBL3799894,,5.301029996,Train,1
VDZFYIRHQIKGSV-DRXUDOTMSA-N,CSCC[C@@H]1NC(=O)[C@H](Cc2ccccc2)NC(=O)CNC(=O)[C@H](CC(C)C)NC(=O)[C@@H](NC(=O)[C@@H](N)CC(=O)O)CSSC[C@@H]2NC(=O)[C@@H]3CSSC[C@@H](C(=O)N[C@@H](CCCCN)C(=O)N[C@@H](Cc4ccc(O)cc4)C(=O)N[C@H](C(=O)N[C@@H](Cc4ccccc4)C(N)=O)C(C)C)NC(=O)[C@H](Cc4c[nH]c5ccccc45)NC(=O)[C@H](CCCCN)NC(=O)[C@H](Cc4cnc[nH]4)NC(=O)[C@H]([C@@H](C)O)NC(=O)[C@H](CCCNC(=N)N)NC(=O)[C@H](CO)NC(=O)[C@H](CSSC[C@H](NC(=O)[C@H](CCCCN)NC(=O)[C@H](CCCNC(=N)N)NC1=O)C(=O)N[C@@H](CCCNC(=N)N)C(=O)N1CCC[C@H]1C(=O)N[C@@H](CC(=O)O)C(=O)N[C@@H](CC(N)=O)C(=O)N[C@@H](CC(=O)O)C(=O)N[C@@H](CCCCN)C(=O)N3)NC(=O)[C@H](C(C)C)NC(=O)[C@H](CC(C)C)NC(=O)[C@H](CC(N)=O)NC(=O)[C@@H]1CCCN1C(=O)[C@H](CCCNC(=N)N)NC2=O,ChEMBL,CHEMBL3800256,,5.301029996,Validation,1
SDMUPMWVJOBEGI-TXFVRRAOSA-N,CC[C@H](C)[C@@H]1NC(=O)[C@@H]2CSSC[C@@H]3NC(=O)[C@H](C(C)C)NC(=O)[C@H](CC(C)C)NC(=O)[C@H](CC(N)=O)NC(=O)[C@@H]4CCCN4C(=O)[C@H](CCCNC(=N)N)NC(=O)[C@H](CSSC[C@H](NC(=O)[C@@H](N)CC(=O)O)C(=O)N[C@@H](CC(C)C)C(=O)NCC(=O)N[C@@H](Cc4ccccc4)C(=O)N[C@@H](CCSC)C(=O)N[C@@H](CCCNC(=N)N)C(=O)N[C@@H](CCCCN)C(=O)N2)NC(=O)[C@H](CSSC[C@@H](C(=O)N[C@@H](CCCCN)C(=O)N[C@@H](Cc2ccc(O)cc2)C(=O)N[C@H](C(=O)N[C@@H](Cc2ccccc2)C(=O)N[C@@H](C)C(N)=O)C(C)C)NC(=O)[C@H](Cc2c[nH]c4ccccc24)NC(=O)[C@H](CCCCN)NC(=O)[C@H](Cc2cnc[nH]2)NC(=O)[C@H]([C@@H](C)O)NC(=O)[C@H](CCCNC(=N)N)NC(=O)[C@H](CO)NC3=O)NC(=O)[C@H](CCCCN)NC(=O)[C@H](CC(=O)O)NC(=O)[C@H](CC(N)=O)NC(=O)[C@H](CC(=O)O)NC(=O)[C@@H]2CCCN2C1=O,ChEMBL,CHEMBL3416916,,5.301029996,Train,1
ZZXVDKIOWYIIOH-BYOGPTIUSA-N,CC[C@H](C)[C@@H]1NC(=O)[C@@H]2CSSC[C@@H]3NC(=O)[C@H](C(C)C)NC(=O)[C@H](CC(C)C)NC(=O)[C@H](CC(N)=O)NC(=O)[C@@H]4CCCN4C(=O)[C@H](CCCNC(=N)N)NC(=O)[C@H](CSSC[C@H](NC(=O)[C@@H](N)CC(=O)O)C(=O)N[C@@H](CC(C)C)C(=O)NCC(=O)N[C@@H](Cc4ccccc4)C(=O)N[C@@H](CCSC)C(=O)N[C@@H](CCCNC(=N)N)C(=O)N[C@@H](CCCCN)C(=O)N2)NC(=O)[C@H](CSSC[C@@H](C(=O)N[C@@H](CCCCN)C(=O)N[C@@H](Cc2ccc(O)cc2)C(=O)N[C@@H](C)C(=O)N[C@@H](Cc2ccccc2)C(N)=O)NC(=O)[C@H](Cc2c[nH]c4ccccc24)NC(=O)[C@H](CCCCN)NC(=O)[C@H](Cc2cnc[nH]2)NC(=O)[C@H]([C@@H](C)O)NC(=O)[C@H](CCCNC(=N)N)NC(=O)[C@H](CO)NC3=O)NC(=O)[C@H](CCCCN)NC(=O)[C@H](CC(=O)O)NC(=O)[C@H](CC(N)=O)NC(=O)[C@H](CC(=O)O)NC(=O)[C@@H]2CCCN2C1=O,ChEMBL,CHEMBL3416914,,5.301029996,Train,1
PITGIYVSDNIAMM-GODGPPIMSA-N,CC[C@H](C)[C@@H]1NC(=O)[C@@H]2CSSC[C@@H]3NC(=O)[C@H](C(C)C)NC(=O)[C@H](CC(C)C)NC(=O)[C@H](CC(N)=O)NC(=O)[C@@H]4CCCN4C(=O)[C@H](CCCNC(=N)N)NC(=O)[C@H](CSSC[C@H](NC(=O)[C@@H](N)CC(=O)O)C(=O)N[C@@H](CC(C)C)C(=O)NCC(=O)N[C@@H](Cc4ccccc4)C(=O)N[C@@H](CCSC)C(=O)N[C@@H](CCCNC(=N)N)C(=O)N[C@@H](CCCCN)C(=O)N2)NC(=O)[C@H](CSSC[C@@H](C(=O)N[C@@H](CCCCN)C(=O)N[C@@H](Cc2ccc(O)cc2)C(=O)N[C@H](C(=O)N[C@@H](Cc2ccccc2)C(N)=O)C(C)C)NC(=O)[C@H](Cc2c[nH]c4ccccc24)NC(=O)[C@H](C)NC(=O)[C@H](Cc2cnc[nH]2)NC(=O)[C@H]([C@@H](C)O)NC(=O)[C@H](CCCNC(=N)N)NC(=O)[C@H](CO)NC3=O)NC(=O)[C@H](CCCCN)NC(=O)[C@H](CC(=O)O)NC(=O)[C@H](CC(N)=O)NC(=O)[C@H](CC(=O)O)NC(=O)[C@@H]2CCCN2C1=O,ChEMBL,CHEMBL3416910,,5.301029996,Train,1
UHQAGDBRTFOZQJ-NYMBARTESA-N,CC[C@H](C)[C@@H]1NC(=O)[C@@H]2CSSC[C@@H]3NC(=O)[C@H](C(C)C)NC(=O)[C@H](CC(C)C)NC(=O)[C@H](CC(N)=O)NC(=O)[C@@H]4CCCN4C(=O)[C@H](CCCNC(=N)N)NC(=O)[C@H](CSSC[C@H](NC(=O)[C@H](CC(=O)O)NC(=O)[C@@H](N)Cc4c[nH]c5ccccc45)C(=O)N[C@@H](CC(C)C)C(=O)NCC(=O)N[C@@H](Cc4ccccc4)C(=O)N[C@@H](CCSC)C(=O)N[C@@H](CCCNC(=N)N)C(=O)N[C@@H](CCCCN)C(=O)N2)NC(=O)[C@H](CSSC[C@@H](C(=O)N[C@@H](CCCCN)C(=O)N[C@@H](Cc2ccc(O)cc2)C(=O)N[C@H](C(=O)N[C@@H](Cc2ccccc2)C(N)=O)C(C)C)NC(=O)[C@H](Cc2c[nH]c4ccccc24)NC(=O)[C@H](CCCCN)NC(=O)[C@H](Cc2cnc[nH]2)NC(=O)[C@H]([C@@H](C)O)NC(=O)[C@H](CCCNC(=N)N)NC(=O)[C@H](CO)NC3=O)NC(=O)[C@H](CCCCN)NC(=O)[C@H](CC(=O)O)NC(=O)[C@H](CC(N)=O)NC(=O)[C@H](CC(=O)O)NC(=O)[C@@H]2CCCN2C1=O,ChEMBL,CHEMBL3797833,,5.301029996,Train,1
VYZUWXZHPITFHJ-BRMCMZBYSA-N,CSCC[C@@H]1NC(=O)[C@H](Cc2ccccc2)NC(=O)CNC(=O)[C@H](CC(C)C)NC(=O)[C@@H](NC(=O)[C@@H](N)CC(=O)O)CSSC[C@@H]2NC(=O)[C@@H]3CSSC[C@@H](C(=O)N[C@@H](CCCCN)C(=O)N[C@@H](Cc4ccc(O)cc4)C(=O)N[C@H](C(=O)N[C@@H](Cc4ccccc4)C(N)=O)C(C)C)NC(=O)[C@H](Cc4c[nH]c5ccccc45)NC(=O)[C@H](CCCCN)NC(=O)[C@H](Cc4cnc[nH]4)NC(=O)[C@H]([C@@H](C)O)NC(=O)[C@H](CCCNC(=N)N)NC(=O)[C@H](CO)NC(=O)[C@H](CSSC[C@H](NC(=O)[C@H](CCCCN)NC(=O)[C@H](CCCNC(=N)N)NC1=O)C(=O)N[C@@H](Cc1cc4ccccc4[nH]1)C(=O)N1CCC[C@H]1C(=O)N[C@@H](CC(=O)O)C(=O)N[C@@H](CC(N)=O)C(=O)N[C@@H](CC(=O)O)C(=O)N[C@@H](CCCCN)C(=O)N3)NC(=O)[C@H](C(C)C)NC(=O)[C@H](CC(C)C)NC(=O)[C@H](CC(N)=O)NC(=O)[C@@H]1CCCN1C(=O)[C@H](CCCNC(=N)N)NC2=O,ChEMBL,CHEMBL3799942,,5.301029996,Train,1
IHJPRWYCRBWGGD-UHFFFAOYSA-N,Cl.O=C(CCc1ccccc1)c1ccccc1OCC(O)CN1CCC(c2ccccc2)CC1,ChEMBL,CHEMBL1914835,,5.301029996,Train,1
AUBUMSNTMBSDMK-ZZFUMOBZSA-N,CC[C@H](C)[C@@H]1NC(=O)[C@@H]2CSSC[C@@H]3NC(=O)[C@H](C(C)C)NC(=O)[C@H](CC(C)C)NC(=O)[C@H](CC(N)=O)NC(=O)[C@@H]4CCCN4C(=O)[C@H](CCCNC(=N)N)NC(=O)[C@H](CSSC[C@H](NC(=O)[C@@H](N)CC(=O)O)C(=O)N[C@@H](CC(C)C)C(=O)NCC(=O)N[C@@H](Cc4ccccc4)C(=O)N[C@@H](CCSC)C(=O)N[C@@H](CCCNC(=N)N)C(=O)N[C@@H](CCCCN)C(=O)N2)NC(=O)[C@H](CSSC[C@@H](C(=O)N[C@@H](CCCCN)C(=O)N[C@@H](Cc2ccc(O)cc2)C(=O)N[C@H](C(=O)N[C@@H](Cc2ccccc2)C(N)=O)C(C)C)NC(=O)[C@H](Cc2c[nH]c4ccccc24)NC(=O)[C@H](CCCCN)NC(=O)[C@H](Cc2cnc[nH]2)NC(=O)[C@H]([C@@H](C)O)NC(=O)[C@H](CCCNC(=N)N)NC(=O)[C@H](CO)NC3=O)NC(=O)[C@H](CCCCN)NC(=O)[C@H](CC(=O)O)NC(=O)[C@H](CC(N)=O)NC(=O)[C@H](CC(=O)O)NC(=O)[C@H](C)NC1=O,ChEMBL,CHEMBL3416897,,5.301029996,Train,1
RFVJVPQYBHFQMF-BVNDOHAASA-N,CSCC[C@@H]1NC(=O)[C@H](Cc2ccccc2)NC(=O)CNC(=O)[C@H](CC(C)C)NC(=O)[C@@H](NC(=O)[C@@H](N)CC(=O)O)CSSC[C@@H]2NC(=O)[C@@H]3CSSC[C@@H](C(=O)N[C@@H](CCCCN)C(=O)N[C@@H](Cc4ccc(O)cc4)C(=O)N[C@H](C(=O)N[C@@H](Cc4ccccc4)C(N)=O)C(C)C)NC(=O)[C@H](Cc4c[nH]c5ccccc45)NC(=O)[C@H](CCCCN)NC(=O)[C@H](Cc4cnc[nH]4)NC(=O)[C@H]([C@@H](C)O)NC(=O)[C@H](CCCNC(=N)N)NC(=O)[C@H](CO)NC(=O)[C@H](CSSC[C@H](NC(=O)[C@H](CCCCN)NC(=O)[C@H](CCCNC(=N)N)NC1=O)C(=O)N[C@@H](Cc1ccccc1)C(=O)N1CCC[C@H]1C(=O)N[C@@H](CC(=O)O)C(=O)N[C@@H](CC(N)=O)C(=O)N[C@@H](CC(=O)O)C(=O)N[C@@H](CCCCN)C(=O)N3)NC(=O)[C@H](C(C)C)NC(=O)[C@H](CC(C)C)NC(=O)[C@H](CC(N)=O)NC(=O)[C@@H]1CCCN1C(=O)[C@H](CCCNC(=N)N)NC2=O,ChEMBL,CHEMBL3799721,,5.301029996,Train,1
QZKIOVXWXPKXON-FUGYZNGFSA-N,CSCC[C@@H]1NC(=O)[C@H](Cc2ccccc2)NC(=O)CNC(=O)[C@H](CC(C)C)NC(=O)[C@@H](NC(=O)[C@@H](N)CC(=O)O)CSSC[C@@H]2NC(=O)[C@@H]3CSSC[C@@H](C(=O)N[C@@H](CCCCN)C(=O)N[C@@H](Cc4ccc(O)cc4)C(=O)N[C@H](C(=O)N[C@@H](Cc4ccccc4)C(N)=O)C(C)C)NC(=O)[C@H](Cc4c[nH]c5ccccc45)NC(=O)[C@H](CCCCN)NC(=O)[C@H](Cc4cnc[nH]4)NC(=O)[C@H]([C@@H](C)O)NC(=O)[C@H](CCCNC(=N)N)NC(=O)[C@H](CO)NC(=O)[C@H](CSSC[C@H](NC(=O)[C@H](CCCCN)NC(=O)[C@H](CCCNC(=N)N)NC1=O)C(=O)N[C@@H]([C@@H](C)O)C(=O)N1CCC[C@H]1C(=O)N[C@@H](CC(=O)O)C(=O)N[C@@H](CC(N)=O)C(=O)N[C@@H](CC(=O)O)C(=O)N[C@@H](CCCCN)C(=O)N3)NC(=O)[C@H](C(C)C)NC(=O)[C@H](CC(C)C)NC(=O)[C@H](CC(N)=O)NC(=O)[C@@H]1CCCN1C(=O)[C@H](CCCNC(=N)N)NC2=O,ChEMBL,CHEMBL3799705,,5.301029996,Validation,1
ITARJOCIWWLQDZ-PVMFBFNOSA-N,CC[C@H](C)[C@@H]1NC(=O)[C@@H]2CSSC[C@@H]3NC(=O)[C@H](C(C)C)NC(=O)[C@H](CC(C)C)NC(=O)[C@H](CC(N)=O)NC(=O)[C@@H]4CCCN4C(=O)[C@H](CCCNC(=N)N)NC(=O)[C@H](CSSC[C@H](NC(=O)[C@@H](N)CC(=O)O)C(=O)N[C@@H](CC(C)C)C(=O)NCC(=O)N[C@@H](Cc4ccccc4)C(=O)N[C@@H](CCCNC(=N)N)C(=O)N[C@@H](CCCNC(=N)N)C(=O)N[C@@H](CCCCN)C(=O)N2)NC(=O)[C@H](CSSC[C@@H](C(=O)N[C@@H](CCCCN)C(=O)N[C@@H](Cc2ccc(O)cc2)C(=O)N[C@H](C(=O)N[C@@H](Cc2ccccc2)C(N)=O)C(C)C)NC(=O)[C@H](Cc2c[nH]c4ccccc24)NC(=O)[C@H](CCCCN)NC(=O)[C@H](Cc2cnc[nH]2)NC(=O)[C@H]([C@@H](C)O)NC(=O)[C@H](CCCNC(=N)N)NC(=O)[C@H](CO)NC3=O)NC(=O)[C@H](CCCCN)NC(=O)[C@H](CC(=O)O)NC(=O)[C@H](CC(N)=O)NC(=O)[C@H](CC(=O)O)NC(=O)[C@@H]2CCCN2C1=O,ChEMBL,CHEMBL3800426,,5.301029996,Validation,1
YFYCMZDATIKPMW-LSWKWRIQSA-N,CC[C@H](C)[C@@H]1NC(=O)[C@@H]2CSSC[C@@H]3NC(=O)[C@H](C(C)C)NC(=O)[C@H](CC(C)C)NC(=O)[C@H](CC(N)=O)NC(=O)[C@@H]4CCCN4C(=O)[C@H](CCCNC(=N)N)NC(=O)[C@H](CSSC[C@H](NC(=O)[C@@H](N)CC(=O)O)C(=O)N[C@@H](CC(C)C)C(=O)NCC(=O)N[C@@H](Cc4ccccc4)C(=O)N[C@@H](CCSC)C(=O)N[C@@H](CCCNC(=N)N)C(=O)N[C@@H](CCCCN)C(=O)N2)NC(=O)[C@H](CSSC[C@@H](C(=O)N[C@@H](CCCCN)C(=O)N[C@@H](Cc2ccc(O)cc2)C(=O)N[C@H](C(=O)N[C@@H](Cc2ccccc2)C(N)=O)C(C)C)NC(=O)[C@H](Cc2c[nH]c4ccccc24)NC(=O)[C@H](CCCCN)NC(=O)[C@H](Cc2cnc[nH]2)NC(=O)[C@H]([C@@H](C)O)NC(=O)[C@H](CCCNC(=N)N)NC(=O)[C@H](CO)NC3=O)NC(=O)[C@H](CCCCN)NC(=O)[C@H](CC(=O)O)NC(=O)[C@H](C)NC(=O)[C@H](CC(=O)O)NC(=O)[C@@H]2CCCN2C1=O,ChEMBL,CHEMBL3416899,,5.301029996,Train,1
ALXNGRHSAMRCND-ODAYEPHESA-N,CC[C@H](C)[C@@H]1NC(=O)[C@@H]2CSSC[C@@H]3NC(=O)[C@H](C(C)C)NC(=O)[C@H](CC(C)C)NC(=O)[C@H](CC(N)=O)NC(=O)[C@@H]4CCCN4C(=O)[C@H](CCCNC(=N)N)NC(=O)[C@H](CSSC[C@H](NC(=O)[C@H](CC(=O)O)NC(=O)[C@H](C)N)C(=O)N[C@@H](CC(C)C)C(=O)NCC(=O)N[C@@H](Cc4ccccc4)C(=O)N[C@@H](CCSC)C(=O)N[C@@H](CCCNC(=N)N)C(=O)N[C@@H](CCCCN)C(=O)N2)NC(=O)[C@H](CSSC[C@@H](C(=O)N[C@@H](CCCCN)C(=O)N[C@@H](Cc2ccc(O)cc2)C(=O)N[C@H](C(=O)N[C@@H](Cc2ccccc2)C(N)=O)C(C)C)NC(=O)[C@H](Cc2c[nH]c4ccccc24)NC(=O)[C@H](CCCCN)NC(=O)[C@H](Cc2cnc[nH]2)NC(=O)[C@H]([C@@H](C)O)NC(=O)[C@H](CCCNC(=N)N)NC(=O)[C@H](CO)NC3=O)NC(=O)[C@H](CCCCN)NC(=O)[C@H](CC(=O)O)NC(=O)[C@H](CC(N)=O)NC(=O)[C@H](CC(=O)O)NC(=O)[C@@H]2CCCN2C1=O,ChEMBL,CHEMBL3416889,,5.301029996,Train,1
SFUHIGGVSPLRIQ-ZOJDNTKOSA-N,CC[C@H](C)[C@@H]1NC(=O)[C@@H]2CSSC[C@@H]3NC(=O)[C@H](C(C)C)NC(=O)[C@H](Cc4c[nH]c5ccccc45)NC(=O)[C@H](CC(N)=O)NC(=O)[C@@H]4CCCN4C(=O)[C@H](CCCNC(=N)N)NC(=O)[C@H](CSSC[C@H](NC(=O)[C@@H](N)CC(=O)O)C(=O)N[C@@H](CC(C)C)C(=O)NCC(=O)N[C@@H](Cc4ccccc4)C(=O)N[C@@H](CCSC)C(=O)N[C@@H](CCCNC(=N)N)C(=O)N[C@@H](CCCCN)C(=O)N2)NC(=O)[C@H](CSSC[C@@H](C(=O)N[C@@H](CCCCN)C(=O)N[C@@H](Cc2ccc(O)cc2)C(=O)N[C@H](C(=O)N[C@@H](Cc2ccccc2)C(N)=O)C(C)C)NC(=O)[C@H](Cc2c[nH]c4ccccc24)NC(=O)[C@H](CCCCN)NC(=O)[C@H](Cc2cnc[nH]2)NC(=O)[C@H]([C@@H](C)O)NC(=O)[C@H](CCCNC(=N)N)NC(=O)[C@H](CO)NC3=O)NC(=O)[C@H](CCCCN)NC(=O)[C@H](CC(=O)O)NC(=O)[C@H](CC(N)=O)NC(=O)[C@H](CC(=O)O)NC(=O)[C@@H]2CCCN2C1=O,ChEMBL,CHEMBL3798008,,5.301029996,Validation,1
QGBRRVAPLAABGA-PFPFSGNYSA-N,CC[C@H](C)[C@@H]1NC(=O)[C@@H]2CSSC[C@@H]3NC(=O)[C@H](C(C)C)NC(=O)[C@H](CC(C)C)NC(=O)[C@H](CC(N)=O)NC(=O)[C@@H]4CCCN4C(=O)[C@H](CCCNC(=N)N)NC(=O)[C@H](CSSC[C@H](NC(=O)[C@@H](N)CC(=O)O)C(=O)N[C@@H](CC(C)C)C(=O)NCC(=O)N[C@@H](Cc4ccccc4)C(=O)N[C@@H](CCSC)C(=O)N[C@@H](CCCNC(=N)N)C(=O)N[C@@H](CCCCN)C(=O)N2)NC(=O)[C@H](CSSC[C@@H](C(=O)N[C@@H](CCCCN)C(=O)N[C@@H](Cc2c[nH]c4ccccc24)C(=O)N[C@H](C(=O)N[C@@H](Cc2ccccc2)C(N)=O)C(C)C)NC(=O)[C@H](Cc2c[nH]c4ccccc24)NC(=O)[C@H](CCCCN)NC(=O)[C@H](Cc2c[nH]cn2)NC(=O)[C@H]([C@@H](C)O)NC(=O)[C@H](CCCNC(=N)N)NC(=O)[C@H](CO)NC3=O)NC(=O)[C@H](CCCCN)NC(=O)[C@H](CC(=O)O)NC(=O)[C@H](CC(N)=O)NC(=O)[C@H](CC(=O)O)NC(=O)[C@@H]2CCCN2C1=O,ChEMBL,CHEMBL3800274,,5.301029996,Validation,1
GHXRHPJRTLOBPF-ZZFUMOBZSA-N,CC[C@H](C)[C@@H]1NC(=O)[C@@H]2CSSC[C@@H]3NC(=O)[C@H](C(C)C)NC(=O)[C@H](CC(C)C)NC(=O)[C@H](CC(N)=O)NC(=O)[C@@H]4CCCN4C(=O)[C@H](CCCNC(=N)N)NC(=O)[C@H](CSSC[C@H](NC(=O)[C@@H](N)CC(=O)O)C(=O)N[C@@H](CC(C)C)C(=O)NCC(=O)N[C@@H](Cc4ccccc4)C(=O)N[C@@H](CCSC)C(=O)N[C@@H](C)C(=O)N[C@@H](CCCCN)C(=O)N2)NC(=O)[C@H](CSSC[C@@H](C(=O)N[C@@H](CCCCN)C(=O)N[C@@H](Cc2ccc(O)cc2)C(=O)N[C@H](C(=O)N[C@@H](Cc2ccccc2)C(N)=O)C(C)C)NC(=O)[C@H](Cc2c[nH]c4ccccc24)NC(=O)[C@H](CCCCN)NC(=O)[C@H](Cc2cnc[nH]2)NC(=O)[C@H]([C@@H](C)O)NC(=O)[C@H](CCCNC(=N)N)NC(=O)[C@H](CO)NC3=O)NC(=O)[C@H](CCCCN)NC(=O)[C@H](CC(=O)O)NC(=O)[C@H](CC(N)=O)NC(=O)[C@H](CC(=O)O)NC(=O)[C@@H]2CCCN2C1=O,ChEMBL,CHEMBL3416895,,5.301029996,Train,1
VYGMELUEYAGXCD-RXVBLHJWSA-N,CC[C@H](C)[C@@H]1NC(=O)[C@@H]2CSSC[C@@H]3NC(=O)[C@H](C(C)C)NC(=O)[C@H](CC(C)C)NC(=O)[C@H](CC(N)=O)NC(=O)[C@@H]4CCCN4C(=O)[C@H](CCCNC(=N)N)NC(=O)[C@H](CSSC[C@H](NC(=O)[C@@H](N)CC(=O)O)C(=O)N[C@@H](CC(C)C)C(=O)NCC(=O)N[C@@H](Cc4ccccc4)C(=O)N[C@@H](CCSC)C(=O)N[C@@H](CCCNC(=N)N)C(=O)N[C@@H](CCCCN)C(=O)N2)NC(=O)[C@H](CSSC[C@@H](C(=O)N[C@@H](CCCCN)C(=O)N[C@@H](Cc2ccc(O)cc2)C(=O)N[C@H](C(=O)N[C@@H](Cc2ccccc2)C(N)=O)C(C)C)NC(=O)[C@H](Cc2c[nH]c4ccccc24)NC(=O)[C@H](CCCCN)NC(=O)[C@H](Cc2cnc[nH]2)NC(=O)[C@H]([C@@H](C)O)NC(=O)[C@H](CCCNC(=N)N)NC(=O)[C@H](CO)NC3=O)NC(=O)[C@H](CCCCN)NC(=O)[C@H](CC(=O)O)NC(=O)[C@H](CC(N)=O)NC(=O)[C@H](Cc2c[nH]c3ccccc23)NC(=O)[C@@H]2CCCN2C1=O,ChEMBL,CHEMBL3797735,,5.301029996,Train,1
TWMQZRRRRZWVGV-IXZYVUGMSA-N,CC[C@H](C)[C@@H]1NC(=O)[C@@H]2CSSC[C@@H]3NC(=O)[C@H](C(C)C)NC(=O)[C@H](CC(C)C)NC(=O)[C@H](CC(N)=O)NC(=O)[C@@H]4CCCN4C(=O)[C@H](CCCNC(=N)N)NC(=O)[C@H](CSSC[C@H](NC(=O)[C@@H](N)CC(=O)O)C(=O)N[C@@H](CC(C)C)C(=O)NCC(=O)N[C@@H](Cc4ccccc4)C(=O)N[C@@H](CCSC)C(=O)N[C@@H](CCCNC(=N)N)C(=O)N[C@@H](CCCCN)C(=O)N2)NC(=O)[C@H](CSSC[C@@H](C(=O)N[C@@H](CCCCN)C(=O)N[C@@H](Cc2ccc(O)cc2)C(=O)N[C@H](C(=O)N[C@@H](Cc2ccccc2)C(N)=O)C(C)C)NC(=O)[C@H](Cc2c[nH]c4ccccc24)NC(=O)[C@H](CCCCN)NC(=O)[C@H](Cc2c[nH]cn2)NC(=O)[C@H]([C@@H](C)O)NC(=O)[C@H](CCCNC(=N)N)NC(=O)[C@H](CO)NC3=O)NC(=O)[C@H](CCCCN)NC(=O)[C@H](CC(=O)O)NC(=O)[C@H](Cc2cccc3ccccc23)NC(=O)[C@H](CC(=O)O)NC(=O)[C@@H]2CCCN2C1=O,ChEMBL,CHEMBL3800588,,5.301029996,Train,1
ZLJLEHVUIQCDPZ-JXWJVMHISA-N,CC[C@H](C)[C@@H]1NC(=O)[C@@H]2CSSC[C@@H]3NC(=O)[C@H](C(C)C)NC(=O)[C@H](CC(C)C)NC(=O)[C@H](CC(N)=O)NC(=O)[C@@H]4CCCN4C(=O)[C@H](CCCNC(=N)N)NC(=O)[C@H](CSSC[C@H](NC(=O)[C@@H](N)CC(=O)O)C(=O)N[C@@H](CC(C)C)C(=O)NCC(=O)N[C@@H](Cc4ccccc4)C(=O)N[C@@H](CCSC)C(=O)N[C@@H](CCCNC(=N)N)C(=O)N[C@@H](CCCCN)C(=O)N2)NC(=O)[C@@H](CSSC[C@@H](C(=O)N[C@@H](CCCCN)C(=O)N[C@@H](Cc2ccc(O)cc2)C(=O)N[C@H](C(=O)N[C@@H](Cc2ccccc2)C(N)=O)C(C)C)NC(=O)[C@H](Cc2c[nH]c4ccccc24)NC(=O)C(CCCN/C(=N/C)NC)NC(=O)[C@H](Cc2cnc[nH]2)NC(=O)[C@H]([C@@H](C)O)NC(=O)[C@H](CCCNC(=N)N)NC(=O)[C@H](CO)NC3=O)NC(=O)[C@H](CCCCN)NC(=O)[C@H](CC(=O)O)NC(=O)[C@H](CC(N)=O)NC(=O)[C@H](CC(=O)O)NC(=O)[C@@H]2CCCN2C1=O,ChEMBL,CHEMBL3798970,,5.301029996,Train,1
KHLQJXGZQIJIOQ-PHGCRLBGSA-N,CC[C@H](C)[C@@H]1NC(=O)[C@@H]2CSSC[C@@H]3NC(=O)[C@H](C(C)C)NC(=O)[C@H](CC(C)C)NC(=O)[C@H](CCC(=O)O)NC(=O)[C@@H]4CCCN4C(=O)[C@H](CCCNC(=N)N)NC(=O)[C@H](CSSC[C@H](NC(=O)[C@@H](N)CC(=O)O)C(=O)N[C@@H](CC(C)C)C(=O)NCC(=O)N[C@@H](Cc4ccccc4)C(=O)N[C@@H](CCSC)C(=O)N[C@@H](CCCNC(=N)N)C(=O)N[C@@H](CCCCN)C(=O)N2)NC(=O)[C@H](CSSC[C@@H](C(=O)N[C@@H](CCCCN)C(=O)N[C@@H](Cc2ccc(O)cc2)C(=O)N[C@H](C(=O)N[C@@H](Cc2ccccc2)C(N)=O)C(C)C)NC(=O)[C@H](Cc2c[nH]c4ccccc24)NC(=O)[C@H](CCCCN)NC(=O)[C@H](Cc2cnc[nH]2)NC(=O)[C@H]([C@@H](C)O)NC(=O)[C@H](CCCNC(=N)N)NC(=O)[C@H](CO)NC3=O)NC(=O)[C@H](CCCCN)NC(=O)[C@H](CC(=O)O)NC(=O)[C@H](CC(N)=O)NC(=O)[C@H](CC(=O)O)NC(=O)[C@@H]2CCCN2C1=O,ChEMBL,CHEMBL3798194,,5.301029996,Train,1
PAQMLZRPUJXEKV-AZNJJWNESA-N,CC[C@H](C)[C@@H]1NC(=O)[C@@H]2CSSC[C@@H]3NC(=O)[C@H](C(C)C)NC(=O)[C@H](CC(C)C)NC(=O)[C@H](CC(N)=O)NC(=O)[C@@H]4CCCN4C(=O)[C@H](CCCNC(=N)N)NC(=O)[C@H](CSSC[C@H](NC(=O)[C@@H](N)CC(=O)O)C(=O)N[C@@H](CC(C)C)C(=O)NCC(=O)N[C@@H](Cc4ccccc4)C(=O)N[C@@H](CCSC)C(=O)N[C@@H](CCCNC(=N)N)C(=O)N[C@@H](CCCCN)C(=O)N2)NC(=O)[C@H](CSSC[C@@H](C(=O)N[C@@H](CCCCN)C(=O)N[C@@H](Cc2ccc(O)cc2)C(=O)N[C@H](C(=O)N[C@@H](Cc2ccccc2)C(N)=O)C(C)C)NC(=O)[C@H](Cc2c[nH]c4ccccc24)NC(=O)[C@H](CCCCN)NC(=O)[C@H](Cc2cnc[nH]2)NC(=O)[C@H](CCC(=O)O)NC(=O)[C@H](CCCNC(=N)N)NC(=O)[C@H](CO)NC3=O)NC(=O)[C@H](CCCCN)NC(=O)[C@H](CC(=O)O)NC(=O)[C@H](CC(N)=O)NC(=O)[C@H](CC(=O)O)NC(=O)[C@@H]2CCCN2C1=O,ChEMBL,CHEMBL3416945,,5.301029996,Train,1
YYGZVYTVCWHOFB-JQTJOCLDSA-N,CC[C@H](C)[C@@H]1NC(=O)[C@@H]2CSSC[C@@H]3NC(=O)[C@H](C(C)C)NC(=O)[C@H](CC(C)C)NC(=O)[C@H](CC(N)=O)NC(=O)[C@@H]4CCCN4C(=O)[C@H](CCCNC(=N)N)NC(=O)[C@H](CSSC[C@H](NC(=O)[C@@H](N)CC(=O)O)C(=O)N[C@@H](CC(C)C)C(=O)N[C@@H](Cc4c[nH]c5ccccc45)C(=O)N[C@@H](Cc4ccccc4)C(=O)N[C@@H](CCSC)C(=O)N[C@@H](CCCNC(=N)N)C(=O)N[C@@H](CCCCN)C(=O)N2)NC(=O)[C@H](CSSC[C@@H](C(=O)N[C@@H](CCCCN)C(=O)N[C@@H](Cc2ccc(O)cc2)C(=O)N[C@H](C(=O)N[C@@H](Cc2ccccc2)C(N)=O)C(C)C)NC(=O)[C@H](Cc2c[nH]c4ccccc24)NC(=O)[C@H](CCCCN)NC(=O)[C@H](Cc2cnc[nH]2)NC(=O)[C@H]([C@@H](C)O)NC(=O)[C@H](CCCNC(=N)N)NC(=O)[C@H](CO)NC3=O)NC(=O)[C@H](CCCCN)NC(=O)[C@H](CC(=O)O)NC(=O)[C@H](CC(N)=O)NC(=O)[C@H](CC(=O)O)NC(=O)[C@@H]2CCCN2C1=O,ChEMBL,CHEMBL3798309,,5.301029996,Validation,1
XARMDOUOWNODSB-GODGPPIMSA-N,CC[C@H](C)[C@@H]1NC(=O)[C@@H]2CSSC[C@@H]3NC(=O)[C@H](C(C)C)NC(=O)[C@H](CC(C)C)NC(=O)[C@H](CC(N)=O)NC(=O)[C@@H]4CCCN4C(=O)[C@H](CCCNC(=N)N)NC(=O)[C@H](CSSC[C@H](NC(=O)[C@@H](N)CC(=O)O)C(=O)N[C@@H](C)C(=O)NCC(=O)N[C@@H](Cc4ccccc4)C(=O)N[C@@H](CCSC)C(=O)N[C@@H](CCCNC(=N)N)C(=O)N[C@@H](CCCCN)C(=O)N2)NC(=O)[C@H](CSSC[C@@H](C(=O)N[C@@H](CCCCN)C(=O)N[C@@H](Cc2ccc(O)cc2)C(=O)N[C@H](C(=O)N[C@@H](Cc2ccccc2)C(N)=O)C(C)C)NC(=O)[C@H](Cc2c[nH]c4ccccc24)NC(=O)[C@H](CCCCN)NC(=O)[C@H](Cc2cnc[nH]2)NC(=O)[C@H]([C@@H](C)O)NC(=O)[C@H](CCCNC(=N)N)NC(=O)[C@H](CO)NC3=O)NC(=O)[C@H](CCCCN)NC(=O)[C@H](CC(=O)O)NC(=O)[C@H](CC(N)=O)NC(=O)[C@H](CC(=O)O)NC(=O)[C@@H]2CCCN2C1=O,ChEMBL,CHEMBL3416891,,5.301029996,Validation,1
DBEZPIXIPQWNDT-XKUIFBSXSA-N,CC[C@H](C)[C@@H]1NC(=O)[C@H]2CSSC[C@H]3NC(=O)[C@H](C(C)C)NC(=O)[C@H](CC(C)C)NC(=O)[C@H](CC(N)=O)NC(=O)[C@@H]4CCCN4C(=O)[C@H](CCCNC(=N)N)NC(=O)[C@H](CSSC[C@H](NC(=O)[C@@H](N)CC(=O)O)C(=O)N[C@@H](CC(C)C)C(=O)NCC(=O)N[C@@H](Cc4ccccc4)C(=O)N[C@@H](CCSC)C(=O)N[C@@H](CCCNC(=N)N)C(=O)N[C@@H](CCCCN)C(=O)N2)NC(=O)[C@@H](CSSC[C@@H](C(=O)N[C@@H](CCCCN)C(=O)N[C@@H](Cc2ccc(O)cc2)C(=O)N[C@H](C(=O)N[C@@H](Cc2ccccc2)C(N)=O)C(C)C)NC(=O)[C@H](Cc2c[nH]c4ccccc24)NC(=O)[C@H](CCCCN)NC(=O)[C@H](C)NC(=O)[C@H]([C@@H](C)O)NC(=O)[C@H](CCCNC(=N)N)NC(=O)[C@H](CO)NC3=O)NC(=O)[C@H](CCCCN)NC(=O)[C@H](CC(=O)O)NC(=O)[C@H](CC(N)=O)NC(=O)[C@H](CC(=O)O)NC(=O)[C@@H]2CCCN2C1=O,ChEMBL,CHEMBL3798855,,5.301029996,Train,1
KMGDZDVXMDCEAY-FXKQBWBBSA-N,CC[C@H](C)[C@@H]1NC(=O)[C@@H]2CSSC[C@@H]3NC(=O)[C@H](C(C)C)NC(=O)[C@H](CC(C)C)NC(=O)[C@H](CC(N)=O)NC(=O)[C@@H]4CCCN4C(=O)[C@H](CCCNC(=N)N)NC(=O)[C@H](CSSC[C@H](NC(=O)[C@@H](N)CC(=O)O)C(=O)N[C@@H](CC(C)C)C(=O)NCC(=O)N[C@@H](Cc4ccccc4)C(=O)N[C@@H](CCSC)C(=O)N[C@@H](CCCNC(=N)N)C(=O)N[C@@H](CCCCN)C(=O)N2)NC(=O)[C@H](CSSC[C@@H](C(=O)N[C@@H](CCCCN)C(=O)N[C@@H](Cc2ccc(O)cc2)C(=O)N[C@H](C(=O)N[C@@H](Cc2ccccc2)C(N)=O)C(C)C)NC(=O)[C@H](Cc2c[nH]c4ccccc24)NC(=O)[C@H](CCCCN)NC(=O)[C@H](Cc2cnc[nH]2)NC(=O)[C@H]([C@@H](C)O)NC(=O)[C@H](CCCNC(=N)N)NC(=O)[C@H](CO)NC3=O)NC(=O)[C@H](CCCNC(=N)N)NC(=O)[C@H](CC(=O)O)NC(=O)[C@H](CC(N)=O)NC(=O)[C@H](CC(=O)O)NC(=O)[C@@H]2CCCN2C1=O,ChEMBL,CHEMBL3797473,,5.301029996,Validation,1
ISXFEVUJMHDJDV-RXVBLHJWSA-N,CC[C@H](C)[C@@H]1NC(=O)[C@@H]2CSSC[C@@H]3NC(=O)[C@H](C(C)C)NC(=O)[C@H](CC(C)C)NC(=O)[C@H](Cc4c[nH]c5ccccc45)NC(=O)[C@@H]4CCCN4C(=O)[C@H](CCCNC(=N)N)NC(=O)[C@H](CSSC[C@H](NC(=O)[C@@H](N)CC(=O)O)C(=O)N[C@@H](CC(C)C)C(=O)NCC(=O)N[C@@H](Cc4ccccc4)C(=O)N[C@@H](CCSC)C(=O)N[C@@H](CCCNC(=N)N)C(=O)N[C@@H](CCCCN)C(=O)N2)NC(=O)[C@H](CSSC[C@@H](C(=O)N[C@@H](CCCCN)C(=O)N[C@@H](Cc2ccc(O)cc2)C(=O)N[C@H](C(=O)N[C@@H](Cc2ccccc2)C(N)=O)C(C)C)NC(=O)[C@H](Cc2c[nH]c4ccccc24)NC(=O)[C@H](CCCCN)NC(=O)[C@H](Cc2cnc[nH]2)NC(=O)[C@H]([C@@H](C)O)NC(=O)[C@H](CCCNC(=N)N)NC(=O)[C@H](CO)NC3=O)NC(=O)[C@H](CCCCN)NC(=O)[C@H](CC(=O)O)NC(=O)[C@H](CC(N)=O)NC(=O)[C@H](CC(=O)O)NC(=O)[C@@H]2CCCN2C1=O,ChEMBL,CHEMBL3799998,,5.301029996,Train,1
PITGIYVSDNIAMM-VVFXKZSZSA-N,CC[C@H](C)[C@@H]1NC(=O)[C@H]2CSSC[C@H]3NC(=O)[C@H](C(C)C)NC(=O)[C@H](CC(C)C)NC(=O)[C@H](CC(N)=O)NC(=O)[C@@H]4CCCN4C(=O)[C@H](CCCNC(=N)N)NC(=O)[C@H](CSSC[C@H](NC(=O)[C@@H](N)CC(=O)O)C(=O)N[C@@H](CC(C)C)C(=O)NCC(=O)N[C@@H](Cc4ccccc4)C(=O)N[C@@H](CCSC)C(=O)N[C@@H](CCCNC(=N)N)C(=O)N[C@@H](CCCCN)C(=O)N2)NC(=O)[C@@H](CSSC[C@@H](C(=O)N[C@@H](CCCCN)C(=O)N[C@@H](Cc2ccc(O)cc2)C(=O)N[C@H](C(=O)N[C@@H](Cc2ccccc2)C(N)=O)C(C)C)NC(=O)[C@H](Cc2c[nH]c4ccccc24)NC(=O)[C@H](C)NC(=O)[C@H](Cc2cnc[nH]2)NC(=O)[C@H]([C@@H](C)O)NC(=O)[C@H](CCCNC(=N)N)NC(=O)[C@H](CO)NC3=O)NC(=O)[C@H](CCCCN)NC(=O)[C@H](CC(=O)O)NC(=O)[C@H](CC(N)=O)NC(=O)[C@H](CC(=O)O)NC(=O)[C@@H]2CCCN2C1=O,ChEMBL,CHEMBL3799994,,5.301029996,Train,1
XKSDLTCCWVQKKY-NBIOIZIGSA-N,CC[C@H](C)[C@@H]1NC(=O)[C@@H]2CSSC[C@@H]3NC(=O)[C@H](C(C)C)NC(=O)[C@H](CC(C)C)NC(=O)[C@H](CC(N)=O)NC(=O)[C@@H]4CCCN4C(=O)[C@H](CCCNC(=N)N)NC(=O)[C@H](CSSC[C@H](NC(=O)[C@@H](N)CC(=O)O)C(=O)N[C@@H](CC(C)C)C(=O)N[C@@H](CCC(=O)O)C(=O)N[C@@H](Cc4ccccc4)C(=O)N[C@@H](CCSC)C(=O)N[C@@H](CCCNC(=N)N)C(=O)N[C@@H](CCCCN)C(=O)N2)NC(=O)[C@H](CSSC[C@@H](C(=O)N[C@@H](CCCCN)C(=O)N[C@@H](Cc2ccc(O)cc2)C(=O)N[C@H](C(=O)N[C@@H](Cc2ccccc2)C(N)=O)C(C)C)NC(=O)[C@H](Cc2c[nH]c4ccccc24)NC(=O)[C@H](CCCCN)NC(=O)[C@H](Cc2cnc[nH]2)NC(=O)[C@H]([C@@H](C)O)NC(=O)[C@H](CCCNC(=N)N)NC(=O)[C@H](CO)NC3=O)NC(=O)[C@H](CCCCN)NC(=O)[C@H](CC(=O)O)NC(=O)[C@H](CC(N)=O)NC(=O)[C@H](CC(=O)O)NC(=O)[C@@H]2CCCN2C1=O,ChEMBL,CHEMBL3798643,,5.301029996,Train,1
IERCRTCWOZLTQD-CUVQYZNDSA-N,CC[C@H](C)[C@@H]1NC(=O)[C@@H]2CSSC[C@@H]3NC(=O)[C@H](C(C)C)NC(=O)[C@H](CC(C)C)NC(=O)[C@H](CCCCN)NC(=O)[C@@H]4CCCN4C(=O)[C@H](CCCNC(=N)N)NC(=O)[C@H](CSSC[C@H](NC(=O)[C@@H](N)CC(=O)O)C(=O)N[C@@H](CC(C)C)C(=O)NCC(=O)N[C@@H](Cc4ccccc4)C(=O)N[C@@H](CCSC)C(=O)N[C@@H](CCCNC(=N)N)C(=O)N[C@@H](CCCCN)C(=O)N2)NC(=O)[C@H](CSSC[C@@H](C(=O)N[C@@H](CCCCN)C(=O)N[C@@H](Cc2ccc(O)cc2)C(=O)N[C@H](C(=O)N[C@@H](Cc2ccccc2)C(N)=O)C(C)C)NC(=O)[C@H](Cc2c[nH]c4ccccc24)NC(=O)[C@H](CCCCN)NC(=O)[C@H](Cc2cnc[nH]2)NC(=O)[C@H]([C@@H](C)O)NC(=O)[C@H](CCCNC(=N)N)NC(=O)[C@H](CO)NC3=O)NC(=O)[C@H](CCCCN)NC(=O)[C@H](CC(=O)O)NC(=O)[C@H](CC(N)=O)NC(=O)[C@H](CC(=O)O)NC(=O)[C@@H]2CCCN2C1=O,ChEMBL,CHEMBL3799719,,5.301029996,Train,1
CABCHIDXLSEESN-XUSQKEGFSA-N,CC[C@H](C)[C@@H]1NC(=O)[C@@H]2CSSC[C@@H]3NC(=O)[C@H](C(C)C)NC(=O)[C@H](CC(C)C)NC(=O)[C@H](CC(N)=O)NC(=O)[C@@H]4CCCN4C(=O)[C@H](CCCNC(=N)N)NC(=O)[C@H](CSSC[C@H](NC(=O)[C@@H](N)CC(=O)O)C(=O)N[C@@H](CC(C)C)C(=O)NCC(=O)N[C@@H](Cc4ccccc4)C(=O)N[C@@H](CCSC)C(=O)N[C@@H](CCCNC(=N)N)C(=O)N[C@@H](CCCCN)C(=O)N2)NC(=O)[C@H](CSSC[C@@H](C(=O)N[C@@H](CCCCN)C(=O)N[C@@H](Cc2ccc(O)cc2)C(=O)N[C@H](C(=O)N[C@@H](Cc2ccccc2)C(N)=O)C(C)C)NC(=O)[C@H](Cc2c[nH]c4ccccc24)NC(=O)[C@H](CCCCN)NC(=O)[C@H](CCCCN)NC(=O)[C@H]([C@@H](C)O)NC(=O)[C@H](CCCNC(=N)N)NC(=O)[C@H](CO)NC3=O)NC(=O)[C@H](CCCCN)NC(=O)[C@H](CC(=O)O)NC(=O)[C@H](CC(N)=O)NC(=O)[C@H](CC(=O)O)NC(=O)[C@@H]2CCCN2C1=O,ChEMBL,CHEMBL3797233,,5.301029996,Train,1
RCPXNDYGDIWIIH-PHGCRLBGSA-N,CC[C@H](C)[C@@H]1NC(=O)[C@@H]2CSSC[C@@H]3NC(=O)[C@H](C(C)C)NC(=O)[C@H](CC(C)C)NC(=O)[C@H](CC(N)=O)NC(=O)[C@H](CCCCN)NC(=O)[C@H](CCCNC(=N)N)NC(=O)[C@H](CSSC[C@H](NC(=O)[C@@H](N)CC(=O)O)C(=O)N[C@@H](CC(C)C)C(=O)NCC(=O)N[C@@H](Cc4ccccc4)C(=O)N[C@@H](CCSC)C(=O)N[C@@H](CCCNC(=N)N)C(=O)N[C@@H](CCCCN)C(=O)N2)NC(=O)[C@H](CSSC[C@@H](C(=O)N[C@@H](CCCCN)C(=O)N[C@@H](Cc2ccc(O)cc2)C(=O)N[C@H](C(=O)N[C@@H](Cc2ccccc2)C(N)=O)C(C)C)NC(=O)[C@H](Cc2c[nH]c4ccccc24)NC(=O)[C@H](CCCCN)NC(=O)[C@H](Cc2cnc[nH]2)NC(=O)[C@H]([C@@H](C)O)NC(=O)[C@H](CCCNC(=N)N)NC(=O)[C@H](CO)NC3=O)NC(=O)[C@H](CCCCN)NC(=O)[C@H](CC(=O)O)NC(=O)[C@H](CC(N)=O)NC(=O)[C@H](CC(=O)O)NC(=O)[C@@H]2CCCN2C1=O,ChEMBL,CHEMBL3800494,,5.301029996,Validation,1
XWNXLYNIWAXGBY-QRAYEKQYSA-N,CSCC[C@@H]1NC(=O)[C@H](Cc2ccccc2)NC(=O)CNC(=O)[C@H](CC(C)C)NC(=O)[C@@H](NC(=O)[C@@H](N)CC(=O)O)CSSC[C@@H]2NC(=O)[C@@H]3CSSC[C@@H](C(=O)N[C@@H](CCCCN)C(=O)N[C@@H](Cc4ccc(O)cc4)C(=O)N[C@H](C(=O)N[C@@H](Cc4ccccc4)C(N)=O)C(C)C)NC(=O)[C@H](Cc4c[nH]c5ccccc45)NC(=O)[C@H](CCCCN)NC(=O)[C@H](Cc4cnc[nH]4)NC(=O)[C@H]([C@@H](C)O)NC(=O)[C@H](CCCNC(=N)N)NC(=O)[C@H](CO)NC(=O)[C@H](CSSC[C@H](NC(=O)[C@H](CCCCN)NC(=O)[C@H](CCCNC(=N)N)NC1=O)C(=O)N[C@@H](Cc1cnc[nH]1)C(=O)N1CCC[C@H]1C(=O)N[C@@H](CC(=O)O)C(=O)N[C@@H](CC(N)=O)C(=O)N[C@@H](CC(=O)O)C(=O)N[C@@H](CCCCN)C(=O)N3)NC(=O)[C@H](C(C)C)NC(=O)[C@H](CC(C)C)NC(=O)[C@H](CC(N)=O)NC(=O)[C@@H]1CCCN1C(=O)[C@H](CCCNC(=N)N)NC2=O,ChEMBL,CHEMBL3798672,,5.301029996,Train,1
FBIRCPQYPGWSGY-YTOPPVKDSA-N,CC[C@H](C)[C@@H]1NC(=O)[C@@H]2CSSC[C@@H]3NC(=O)[C@H](C(C)C)NC(=O)[C@H](CC(C)C)NC(=O)[C@H](CC(N)=O)NC(=O)[C@@H]4CCCN4C(=O)[C@H](CCCNC(=N)N)NC(=O)[C@H](CSSC[C@H](NC(=O)[C@@H](N)CC(=O)O)C(=O)N[C@@H](CC(C)C)C(=O)NCC(=O)N[C@@H](Cc4ccccc4)C(=O)N[C@@H](CCSC)C(=O)N[C@@H](CCCNC(=N)N)C(=O)N[C@@H](CCCCN)C(=O)N2)NC(=O)[C@H](CSSC[C@@H](C(=O)N[C@@H](CCCCN)C(=O)N[C@@H](Cc2ccc(O)cc2)C(N)=O)NC(=O)[C@H](Cc2c[nH]c4ccccc24)NC(=O)[C@H](CCCCN)NC(=O)[C@H](Cc2cnc[nH]2)NC(=O)[C@H]([C@@H](C)O)NC(=O)[C@H](CCCNC(=N)N)NC(=O)[C@H](CO)NC3=O)NC(=O)[C@H](CCCCN)NC(=O)[C@H](CC(=O)O)NC(=O)[C@H](CC(N)=O)NC(=O)[C@H](CC(=O)O)NC(=O)[C@@H]2CCCN2C1=O,ChEMBL,CHEMBL3797359,,5.301029996,Train,1
ALXNGRHSAMRCND-AJOJCKRBSA-N,CC[C@@H](C)[C@H]1NC(=O)[C@H]2CSSC[C@@H]3NC(=O)[C@@H](C(C)C)NC(=O)[C@H](CC(C)C)NC(=O)[C@@H](CC(N)=O)NC(=O)[C@@H]4CCCN4C(=O)[C@H](CCCNC(=N)N)NC(=O)[C@H](CSSC[C@H](NC(=O)[C@@H](CC(=O)O)NC(=O)[C@@H](C)N)C(=O)N[C@@H](CC(C)C)C(=O)NCC(=O)N[C@@H](Cc4ccccc4)C(=O)N[C@H](CCSC)C(=O)N[C@@H](CCCNC(=N)N)C(=O)N[C@@H](CCCCN)C(=O)N2)NC(=O)[C@@H](CSSC[C@@H](C(=O)N[C@@H](CCCCN)C(=O)N[C@@H](Cc2ccc(O)cc2)C(=O)N[C@H](C(=O)N[C@@H](Cc2ccccc2)C(N)=O)C(C)C)NC(=O)[C@@H](Cc2c[nH]c4ccccc24)NC(=O)[C@H](CCCCN)NC(=O)[C@H](Cc2cnc[nH]2)NC(=O)[C@@H]([C@H](C)O)NC(=O)[C@@H](CCCNC(=N)N)NC(=O)[C@H](CO)NC3=O)NC(=O)[C@@H](CCCCN)NC(=O)[C@H](CC(=O)O)NC(=O)[C@@H](CC(N)=O)NC(=O)[C@H](CC(=O)O)NC(=O)[C@@H]2CCCN2C1=O,ChEMBL,CHEMBL4299598,,5.301029996,Train,1
RFLRLYONWXOLRZ-BYOGPTIUSA-N,CC[C@H](C)[C@@H]1NC(=O)[C@@H]2CSSC[C@@H]3NC(=O)[C@H](C)NC(=O)[C@H](CC(C)C)NC(=O)[C@H](CC(N)=O)NC(=O)[C@@H]4CCCN4C(=O)[C@H](CCCNC(=N)N)NC(=O)[C@H](CSSC[C@H](NC(=O)[C@@H](N)CC(=O)O)C(=O)N[C@@H](CC(C)C)C(=O)NCC(=O)N[C@@H](Cc4ccccc4)C(=O)N[C@@H](CCSC)C(=O)N[C@@H](CCCNC(=N)N)C(=O)N[C@@H](CCCCN)C(=O)N2)NC(=O)[C@H](CSSC[C@@H](C(=O)N[C@@H](CCCCN)C(=O)N[C@@H](Cc2ccc(O)cc2)C(=O)N[C@H](C(=O)N[C@@H](Cc2ccccc2)C(N)=O)C(C)C)NC(=O)[C@H](Cc2c[nH]c4ccccc24)NC(=O)[C@H](CCCCN)NC(=O)[C@H](Cc2cnc[nH]2)NC(=O)[C@H]([C@@H](C)O)NC(=O)[C@H](CCCNC(=N)N)NC(=O)[C@H](CO)NC3=O)NC(=O)[C@H](CCCCN)NC(=O)[C@H](CC(=O)O)NC(=O)[C@H](CC(N)=O)NC(=O)[C@H](CC(=O)O)NC(=O)[C@@H]2CCCN2C1=O,ChEMBL,CHEMBL3416905,,5.301029996,Train,1
JVZSQIMZZQMQGM-UHFFFAOYSA-N,Cc1ccc(N2CCN(CC(O)COc3ccccc3C(=O)CCc3ccccc3)CC2)cc1.Cl,ChEMBL,CHEMBL1914844,,5.301029996,Validation,1
YWCJIHAXCJECKK-UHFFFAOYSA-N,CN(C)c1noc2ccc(C3NCCOC3Oc3cc(F)c(S(=O)(=O)Nc4ncns4)cc3F)cc12,ChEMBL,CHEMBL4204418,,5.301029996,Train,1
OZXNFZFELDMTBE-PHGCRLBGSA-N,CC[C@H](C)[C@@H]1NC(=O)[C@@H]2CSSC[C@@H]3NC(=O)[C@H](C(C)C)NC(=O)[C@H](CC(C)C)NC(=O)[C@H](CC(N)=O)NC(=O)[C@@H]4CCCN4C(=O)[C@H](CCCNC(=N)N)NC(=O)[C@H](CSSC[C@H](NC(=O)[C@@H](N)CC(=O)O)C(=O)N[C@@H](CC(C)C)C(=O)NCC(=O)N[C@@H](Cc4ccccc4)C(=O)N[C@@H](CCSC)C(=O)N[C@@H](CCCNC(=N)N)C(=O)N[C@@H](CCCCN)C(=O)N2)NC(=O)[C@H](CSSC[C@@H](C(=O)N[C@@H](CCCCN)C(=O)N[C@@H](Cc2ccc(O)cc2)C(=O)N[C@H](C(=O)N[C@@H](Cc2ccccc2)C(N)=O)C(C)C)NC(=O)[C@H](Cc2c[nH]c4ccccc24)NC(=O)[C@H](CCCCN)NC(=O)[C@H](Cc2cnc[nH]2)NC(=O)[C@H]([C@@H](C)O)NC(=O)[C@H](CCCNC(=N)N)NC(=O)[C@H](CO)NC3=O)NC(=O)[C@H](CCCCN)NC(=O)[C@H](CC(=O)O)NC(=O)[C@H](CC(N)=O)NC(=O)[C@H](CCC(=O)O)NC(=O)[C@@H]2CCCN2C1=O,ChEMBL,CHEMBL3797247,,5.301029996,Train,1
FYQOBVUBULRCQL-ZZFUMOBZSA-N,CC[C@H](C)[C@@H]1NC(=O)[C@@H]2CSSC[C@@H]3NC(=O)[C@H](C(C)C)NC(=O)[C@H](CC(C)C)NC(=O)[C@H](CC(N)=O)NC(=O)[C@@H]4CCCN4C(=O)[C@H](CCCNC(=N)N)NC(=O)[C@H](CSSC[C@H](NC(=O)[C@@H](N)CC(=O)O)C(=O)N[C@@H](CC(C)C)C(=O)NCC(=O)N[C@@H](Cc4ccccc4)C(=O)N[C@@H](C)C(=O)N[C@@H](CCCNC(=N)N)C(=O)N[C@@H](CCCCN)C(=O)N2)NC(=O)[C@H](CSSC[C@@H](C(=O)N[C@@H](CCCCN)C(=O)N[C@@H](Cc2ccc(O)cc2)C(=O)N[C@H](C(=O)N[C@@H](Cc2ccccc2)C(N)=O)C(C)C)NC(=O)[C@H](Cc2c[nH]c4ccccc24)NC(=O)[C@H](CCCCN)NC(=O)[C@H](Cc2cnc[nH]2)NC(=O)[C@H]([C@@H](C)O)NC(=O)[C@H](CCCNC(=N)N)NC(=O)[C@H](CO)NC3=O)NC(=O)[C@H](CCCCN)NC(=O)[C@H](CC(=O)O)NC(=O)[C@H](CC(N)=O)NC(=O)[C@H](CC(=O)O)NC(=O)[C@@H]2CCCN2C1=O,ChEMBL,CHEMBL3416894,,5.301029996,Validation,1
DUSINDBFVBULFA-WFCNDGJPSA-N,CC[C@H](C)[C@@H]1NC(=O)[C@@H]2CSSC[C@@H]3NC(=O)[C@H](C(C)C)NC(=O)[C@H](CC(C)C)NC(=O)[C@H](CC(N)=O)NC(=O)[C@@H]4CCCN4C(=O)[C@H](CCCNC(=N)N)NC(=O)[C@H](CSSC[C@H](NC(=O)[C@@H](N)CC(=O)O)C(=O)N[C@@H](CC(C)C)C(=O)NCC(=O)N[C@@H](Cc4ccccc4)C(=O)N[C@@H](CCSC)C(=O)N[C@@H](CCCNC(=N)N)C(=O)N[C@@H](CCCCN)C(=O)N2)NC(=O)[C@H](CSSC[C@@H](C(=O)N[C@@H](CCCCN)C(=O)N[C@@H](Cc2ccc(O)cc2)C(=O)N[C@@H](CCCNC(=N)N)C(=O)N[C@@H](Cc2ccccc2)C(N)=O)NC(=O)[C@H](Cc2c[nH]c4ccccc24)NC(=O)[C@H](CCCCN)NC(=O)[C@H](Cc2cnc[nH]2)NC(=O)[C@H]([C@@H](C)O)NC(=O)[C@H](CCCNC(=N)N)NC(=O)[C@H](CO)NC3=O)NC(=O)[C@H](CCCCN)NC(=O)[C@H](CC(=O)O)NC(=O)[C@H](CC(N)=O)NC(=O)[C@H](CC(=O)O)NC(=O)[C@@H]2CCCN2C1=O,ChEMBL,CHEMBL3797578,,5.301029996,Train,1
HYHHJZHECQULFD-PNLFCMBSSA-N,CC[C@H](C)[C@@H]1NC(=O)[C@@H]2CSSC[C@@H]3NC(=O)[C@H](CCCCN)NC(=O)[C@H](CC(C)C)NC(=O)[C@H](CC(N)=O)NC(=O)[C@@H]4CCCN4C(=O)[C@H](CCCNC(=N)N)NC(=O)[C@H](CSSC[C@H](NC(=O)[C@@H](N)CC(=O)O)C(=O)N[C@@H](CC(C)C)C(=O)NCC(=O)N[C@@H](Cc4ccccc4)C(=O)N[C@@H](CCSC)C(=O)N[C@@H](CCCNC(=N)N)C(=O)N[C@@H](CCCCN)C(=O)N2)NC(=O)[C@H](CSSC[C@@H](C(=O)N[C@@H](CCCCN)C(=O)N[C@@H](Cc2ccc(O)cc2)C(=O)N[C@H](C(=O)N[C@@H](Cc2ccccc2)C(N)=O)C(C)C)NC(=O)[C@H](Cc2c[nH]c4ccccc24)NC(=O)[C@H](CCCCN)NC(=O)[C@H](Cc2cnc[nH]2)NC(=O)[C@H]([C@@H](C)O)NC(=O)[C@H](CCCNC(=N)N)NC(=O)[C@H](CO)NC3=O)NC(=O)[C@H](CCCCN)NC(=O)[C@H](CC(=O)O)NC(=O)[C@H](CC(N)=O)NC(=O)[C@H](CC(=O)O)NC(=O)[C@@H]2CCCN2C1=O,ChEMBL,CHEMBL3800625,,5.301029996,Train,1
QPYJQJXCMWIXPE-FXKQBWBBSA-N,CC[C@H](C)[C@@H]1NC(=O)[C@@H]2CSSC[C@@H]3NC(=O)[C@H](C(C)C)NC(=O)[C@H](CC(C)C)NC(=O)[C@H](CC(N)=O)NC(=O)[C@@H]4CCCN4C(=O)[C@H](CCCNC(=N)N)NC(=O)[C@H](CSSC[C@H](NC(=O)[C@@H](N)CC(=O)O)C(=O)N[C@@H](CC(C)C)C(=O)NCC(=O)N[C@@H](Cc4ccccc4)C(=O)N[C@@H](CCSC)C(=O)N[C@@H](CCCNC(=N)N)C(=O)N[C@@H](CCCCN)C(=O)N2)NC(=O)[C@H](CSSC[C@@H](C(=O)N[C@@H](CCCNC(=N)N)C(=O)N[C@@H](Cc2ccc(O)cc2)C(=O)N[C@H](C(=O)N[C@@H](Cc2ccccc2)C(N)=O)C(C)C)NC(=O)[C@H](Cc2c[nH]c4ccccc24)NC(=O)[C@H](CCCCN)NC(=O)[C@H](Cc2cnc[nH]2)NC(=O)[C@H]([C@@H](C)O)NC(=O)[C@H](CCCNC(=N)N)NC(=O)[C@H](CO)NC3=O)NC(=O)[C@H](CCCCN)NC(=O)[C@H](CC(=O)O)NC(=O)[C@H](CC(N)=O)NC(=O)[C@H](CC(=O)O)NC(=O)[C@@H]2CCCN2C1=O,ChEMBL,CHEMBL3800300,,5.301029996,Train,1
DSWZZSPEMAQNNY-QZZDFEHJSA-N,CC[C@H](C)[C@@H]1NC(=O)[C@@H]2CSSC[C@@H]3NC(=O)[C@H](C(C)C)NC(=O)[C@H](CC(C)C)NC(=O)[C@H](CC(N)=O)NC(=O)[C@@H]4CCCN4C(=O)[C@H](CCCNC(=N)N)NC(=O)[C@H](CSSC[C@H](NC(=O)[C@@H](N)CC(=O)O)C(=O)N[C@@H](CC(C)C)C(=O)NCC(=O)N[C@@H](Cc4ccccc4)C(=O)N[C@@H](CCSC)C(=O)N[C@@H](CCCNC(=N)N)C(=O)N[C@@H](CCCCN)C(=O)N2)NC(=O)[C@H](CSSC[C@@H](C(=O)N[C@@H](CCCCN)C(=O)N[C@@H](Cc2ccc(O)cc2)C(=O)N[C@H](C(=O)N[C@@H](CCCNC(=N)N)C(N)=O)C(C)C)NC(=O)[C@H](Cc2c[nH]c4ccccc24)NC(=O)[C@H](CCCCN)NC(=O)[C@H](Cc2cnc[nH]2)NC(=O)[C@H]([C@@H](C)O)NC(=O)[C@H](CCCNC(=N)N)NC(=O)[C@H](CO)NC3=O)NC(=O)[C@H](CCCCN)NC(=O)[C@H](CC(=O)O)NC(=O)[C@H](CC(N)=O)NC(=O)[C@H](CC(=O)O)NC(=O)[C@@H]2CCCN2C1=O,ChEMBL,CHEMBL3798513,,5.301029996,Train,1
SFUVMMKVBJHHHM-UHTHBPHISA-N,CC[C@H](C)[C@@H]1NC(=O)[C@@H]2CSSC[C@@H]3NC(=O)[C@H](C(C)C)NC(=O)[C@H](CC(C)C)NC(=O)[C@H](CC(N)=O)NC(=O)[C@@H]4CCCN4C(=O)[C@H](CCCNC(=N)N)NC(=O)[C@H](CSSC[C@H](NC(=O)[C@H](CC(=O)O)NC(=O)[C@@H](N)CCCCN)C(=O)N[C@@H](CC(C)C)C(=O)NCC(=O)N[C@@H](Cc4ccccc4)C(=O)N[C@@H](CCSC)C(=O)N[C@@H](CCCNC(=N)N)C(=O)N[C@@H](CCCCN)C(=O)N2)NC(=O)[C@H](CSSC[C@@H](C(=O)N[C@@H](CCCCN)C(=O)N[C@@H](Cc2ccc(O)cc2)C(=O)N[C@H](C(=O)N[C@@H](Cc2ccccc2)C(N)=O)C(C)C)NC(=O)[C@H](Cc2c[nH]c4ccccc24)NC(=O)[C@H](CCCCN)NC(=O)[C@H](Cc2cnc[nH]2)NC(=O)[C@H]([C@@H](C)O)NC(=O)[C@H](CCCNC(=N)N)NC(=O)[C@H](CO)NC3=O)NC(=O)[C@H](CCCCN)NC(=O)[C@H](CC(=O)O)NC(=O)[C@H](CC(N)=O)NC(=O)[C@H](CC(=O)O)NC(=O)[C@@H]2CCCN2C1=O,ChEMBL,CHEMBL3798733,,5.301029996,Train,1
ZGJQYZLYLFYABV-LUMDSURVSA-N,CSCC[C@@H]1NC(=O)[C@H](Cc2ccccc2)NC(=O)CNC(=O)[C@H](CC(C)C)NC(=O)[C@@H](NC(=O)[C@@H](N)CC(=O)O)CSSC[C@@H]2NC(=O)[C@@H]3CSSC[C@@H](C(=O)N[C@@H](CCCCN)C(=O)N[C@@H](Cc4ccc(O)cc4)C(=O)N[C@H](C(=O)N[C@@H](Cc4ccccc4)C(N)=O)C(C)C)NC(=O)[C@H](Cc4c[nH]c5ccccc45)NC(=O)[C@H](CCCCN)NC(=O)[C@H](Cc4cnc[nH]4)NC(=O)[C@H]([C@@H](C)O)NC(=O)[C@H](CCCNC(=N)N)NC(=O)[C@H](CO)NC(=O)[C@H](CSSC[C@H](NC(=O)[C@H](CCCCN)NC(=O)[C@H](CCCNC(=N)N)NC1=O)C(=O)N[C@@H](C)C(=O)N1CCC[C@H]1C(=O)N[C@@H](CC(=O)O)C(=O)N[C@@H](CC(N)=O)C(=O)N[C@@H](CC(=O)O)C(=O)N[C@@H](CCCCN)C(=O)N3)NC(=O)[C@H](C(C)C)NC(=O)[C@H](CC(C)C)NC(=O)[C@H](CC(N)=O)NC(=O)[C@@H]1CCCN1C(=O)[C@H](CCCNC(=N)N)NC2=O,ChEMBL,CHEMBL3416896,,5.301029996,Train,1
ZHUPKALTWVLYNU-UHFFFAOYSA-N,O=C(CCc1ccccc1)c1ccccc1OCC(O)CN1CCC(c2ccccc2)CC1,ChEMBL,CHEMBL1963280,,5.301029996,Validation,1
OBWCAFSZLYLEAT-FXKQBWBBSA-N,CC[C@H](C)[C@@H]1NC(=O)[C@@H]2CSSC[C@@H]3NC(=O)[C@H](C(C)C)NC(=O)[C@H](CC(C)C)NC(=O)[C@H](CC(N)=O)NC(=O)[C@@H]4CCCN4C(=O)[C@H](CCCNC(=N)N)NC(=O)[C@H](CSSC[C@H](NC(=O)[C@@H](N)CC(=O)O)C(=O)N[C@@H](CC(C)C)C(=O)NCC(=O)N[C@@H](Cc4ccccc4)C(=O)N[C@@H](CCSC)C(=O)N[C@@H](CCCNC(=N)N)C(=O)N[C@@H](CCCNC(=N)N)C(=O)N2)NC(=O)[C@H](CSSC[C@@H](C(=O)N[C@@H](CCCCN)C(=O)N[C@@H](Cc2ccc(O)cc2)C(=O)N[C@H](C(=O)N[C@@H](Cc2ccccc2)C(N)=O)C(C)C)NC(=O)[C@H](Cc2c[nH]c4ccccc24)NC(=O)[C@H](CCCCN)NC(=O)[C@H](Cc2cnc[nH]2)NC(=O)[C@H]([C@@H](C)O)NC(=O)[C@H](CCCNC(=N)N)NC(=O)[C@H](CO)NC3=O)NC(=O)[C@H](CCCCN)NC(=O)[C@H](CC(=O)O)NC(=O)[C@H](CC(N)=O)NC(=O)[C@H](CC(=O)O)NC(=O)[C@@H]2CCCN2C1=O,ChEMBL,CHEMBL3800234,,5.301029996,Train,1
UZMXZHDZRZXUHB-FCHOXOAJSA-N,CC[C@H](C)[C@@H]1NC(=O)[C@@H]2CSSC[C@@H]3NC(=O)[C@H](C(C)C)NC(=O)[C@H](CC(C)C)NC(=O)[C@H](CC(N)=O)NC(=O)[C@@H]4CCCN4C(=O)[C@H](CCCNC(=N)N)NC(=O)[C@H](CSSC[C@H](NC(=O)[C@@H](N)CC(=O)O)C(=O)N[C@@H](CC(C)C)C(=O)NCC(=O)N[C@@H](Cc4ccccc4)C(=O)N[C@@H](CCSC)C(=O)N[C@@H](CCCNC(=N)N)C(=O)N[C@@H](CCCCN)C(=O)N2)NC(=O)[C@H](CSSC[C@@H](C(=O)N[C@@H](CCCCN)C(=O)N[C@@H](Cc2ccc(O)cc2)C(=O)N[C@H](C(=O)N[C@@H](Cc2ccccc2)C(N)=O)C(C)C)NC(=O)[C@H](Cc2c[nH]c4ccccc24)NC(=O)[C@H](CCCCN)NC(=O)[C@H](Cc2cnc[nH]2)NC(=O)[C@H](C)NC(=O)[C@H](CCCNC(=N)N)NC(=O)[C@H](CO)NC3=O)NC(=O)[C@H](CCCCN)NC(=O)[C@H](CC(=O)O)NC(=O)[C@H](CC(N)=O)NC(=O)[C@H](CC(=O)O)NC(=O)[C@@H]2CCCN2C1=O,ChEMBL,CHEMBL3416908,,5.301029996,Validation,1
CKVYIEMPQAGRKG-JJFRISQLSA-N,CC[C@H](C)[C@@H]1NC(=O)[C@@H]2CSSC[C@@H]3NC(=O)[C@H](C(C)C)NC(=O)[C@H](CC(C)C)NC(=O)[C@H](CC(N)=O)NC(=O)[C@@H]4CCCN4C(=O)[C@H](CCCNC(=N)N)NC(=O)[C@H](CSSC[C@H](NC(=O)[C@@H](N)CC(=O)O)C(=O)N[C@@H](CC(C)C)C(=O)NCC(=O)N[C@@H](Cc4ccccc4)C(=O)N[C@@H](CCSC)C(=O)N[C@@H](CCCCN)C(=O)N[C@@H](CCCCN)C(=O)N2)NC(=O)[C@@H](CSSC[C@@H](C(=O)N[C@@H](CCCCN)C(=O)N[C@@H](Cc2ccc(O)cc2)C(=O)N[C@H](C(=O)N[C@@H](Cc2ccccc2)C(N)=O)C(C)C)NC(=O)[C@H](Cc2c[nH]c4ccccc24)NC(=O)[C@H](CCCCN)NC(=O)[C@H](Cc2cnc[nH]2)NC(=O)[C@H]([C@@H](C)O)NC(=O)[C@H](CCCNC(=N)N)NC(=O)[C@H](CO)NC3=O)NC(=O)[C@H](CCCCN)NC(=O)[C@H](CC(=O)O)NC(=O)[C@H](CC(N)=O)NC(=O)[C@H](CC(=O)O)NC(=O)[C@@H]2CCCN2C1=O,ChEMBL,CHEMBL3797965,,5.301029996,Validation,1
SIQVLFNOGUCFMZ-ORMNPGJBSA-N,CSCC[C@@H]1NC(=O)[C@H](Cc2ccccc2)NC(=O)CNC(=O)[C@H](CC(C)C)NC(=O)[C@@H](NC(=O)[C@@H](N)CC(=O)O)CSSC[C@@H]2NC(=O)[C@@H]3CSSC[C@@H](C(=O)N[C@@H](CCCCN)C(=O)N[C@@H](Cc4ccc(O)cc4)C(=O)N[C@H](C(=O)N[C@@H](Cc4ccccc4)C(N)=O)C(C)C)NC(=O)[C@H](Cc4c[nH]c5ccccc45)NC(=O)[C@H](CCCCN)NC(=O)[C@H](Cc4cnc[nH]4)NC(=O)[C@H]([C@@H](C)O)NC(=O)[C@H](CCCNC(=N)N)NC(=O)[C@H](CO)NC(=O)[C@H](CSSC[C@H](NC(=O)[C@H](CCCCN)NC(=O)[C@H](CCCNC(=N)N)NC1=O)C(=O)N[C@@H](CCCCN)C(=O)N1CCC[C@H]1C(=O)N[C@@H](CC(=O)O)C(=O)N[C@@H](CC(N)=O)C(=O)N[C@@H](CC(=O)O)C(=O)N[C@@H](CCCCN)C(=O)N3)NC(=O)[C@H](C(C)C)NC(=O)[C@H](CC(C)C)NC(=O)[C@H](CC(N)=O)NC(=O)[C@@H]1CCCN1C(=O)[C@H](CCCNC(=N)N)NC2=O,ChEMBL,CHEMBL3800538,,5.301029996,Train,1
LNRZWNOCKHUDQP-HOKQNVOBSA-N,CC[C@H](C)[C@@H]1NC(=O)[C@@H]2CSSC[C@@H]3NC(=O)[C@H](C(C)C)NC(=O)[C@H](CC(C)C)NC(=O)[C@H](CC(N)=O)NC(=O)[C@@H]4CCCN4C(=O)[C@H](CCCNC(=N)N)NC(=O)[C@H](CSSC[C@H](NC(=O)[C@@H](N)CC(=O)O)C(=O)N[C@@H](CC(C)C)C(=O)NCC(=O)N[C@@H](Cc4ccccc4)C(=O)N[C@@H](CCSC)C(=O)N[C@@H](CCCNC(=N)N)C(=O)N[C@@H](CCCCN)C(=O)N2)NC(=O)[C@H](CSSC[C@@H](C(=O)N[C@@H](CCCCN)C(=O)N[C@@H](Cc2ccc(O)cc2)C(=O)N[C@H](C(=O)N[C@@H](CCCCN)C(N)=O)C(C)C)NC(=O)[C@H](Cc2c[nH]c4ccccc24)NC(=O)[C@H](CCCCN)NC(=O)[C@H](Cc2cnc[nH]2)NC(=O)[C@H]([C@@H](C)O)NC(=O)[C@H](CCCNC(=N)N)NC(=O)[C@H](CO)NC3=O)NC(=O)[C@H](CCCCN)NC(=O)[C@H](CC(=O)O)NC(=O)[C@H](CC(N)=O)NC(=O)[C@H](CC(=O)O)NC(=O)[C@@H]2CCCN2C1=O,ChEMBL,CHEMBL3798716,,5.301029996,Train,1
LDUPZJFPXBGGTI-KGHPBPKFSA-N,CC[C@H](C)[C@@H]1NC(=O)[C@@H]2CSSC[C@@H]3NC(=O)[C@H](C(C)C)NC(=O)[C@H](CC(C)C)NC(=O)[C@H](CC(N)=O)NC(=O)[C@@H]4CCCN4C(=O)[C@H](CCCNC(=N)N)NC(=O)[C@H](CSSC[C@H](NC(=O)[C@@H](N)CC(=O)O)C(=O)N[C@@H](CC(C)C)C(=O)NCC(=O)N[C@@H](Cc4c[nH]c5ccccc45)C(=O)N[C@@H](CCSC)C(=O)N[C@@H](CCCNC(=N)N)C(=O)N[C@@H](CCCCN)C(=O)N2)NC(=O)[C@H](CSSC[C@@H](C(=O)N[C@@H](CCCCN)C(=O)N[C@@H](Cc2ccc(O)cc2)C(=O)N[C@H](C(=O)N[C@@H](Cc2ccccc2)C(N)=O)C(C)C)NC(=O)[C@H](Cc2c[nH]c4ccccc24)NC(=O)[C@H](CCCCN)NC(=O)[C@H](Cc2cnc[nH]2)NC(=O)[C@H]([C@@H](C)O)NC(=O)[C@H](CCCNC(=N)N)NC(=O)[C@H](CO)NC3=O)NC(=O)[C@H](CCCCN)NC(=O)[C@H](CC(=O)O)NC(=O)[C@H](CC(N)=O)NC(=O)[C@H](CC(=O)O)NC(=O)[C@@H]2CCCN2C1=O,ChEMBL,CHEMBL3800578,,5.301029996,Validation,1
OWARHQGKIGLFDY-NTNKISAPSA-N,CC[C@H](C)[C@@H]1NC(=O)[C@@H]2CSSC[C@@H]3NC(=O)[C@H](C(C)C)NC(=O)[C@H](CC(C)C)NC(=O)[C@H](CC(N)=O)NC(=O)[C@@H]4CCCN4C(=O)[C@H](CCCNC(=N)N)NC(=O)[C@H](CSSC[C@H](NC(=O)[C@@H](N)CC(=O)O)C(=O)N[C@@H](CC(C)C)C(=O)NCC(=O)N[C@@H](Cc4ccccc4)C(=O)N[C@@H](CCSC)C(=O)N[C@@H](CCCNC(=N)N)C(=O)N[C@@H](CCCCN)C(=O)N2)NC(=O)[C@H](CSSC[C@@H](C(=O)N[C@@H](CCCCN)C(=O)N[C@@H](Cc2ccc(O)cc2)C(=O)N[C@@H](CCC(=O)O)C(=O)N[C@@H](Cc2ccccc2)C(N)=O)NC(=O)[C@H](Cc2c[nH]c4ccccc24)NC(=O)[C@H](CCCCN)NC(=O)[C@H](Cc2cnc[nH]2)NC(=O)[C@H]([C@@H](C)O)NC(=O)[C@H](CCCNC(=N)N)NC(=O)[C@H](CO)NC3=O)NC(=O)[C@H](CCCCN)NC(=O)[C@H](CC(=O)O)NC(=O)[C@H](CC(N)=O)NC(=O)[C@H](CC(=O)O)NC(=O)[C@@H]2CCCN2C1=O,ChEMBL,CHEMBL3798005,,5.301029996,Validation,1
KTGYQSLCEGJTLM-UHFFFAOYSA-N,O=C(CCc1ccccc1)c1cc(F)ccc1OCC(O)CN1CCN(C(c2ccccc2)c2ccccc2)CC1,PubChem,,56643481,5.301029996,Train,1
DBEZPIXIPQWNDT-BPNRPNOYSA-N,CC[C@H](C)[C@@H]1NC(=O)[C@@H]2CSSC[C@@H]3NC(=O)[C@H](C(C)C)NC(=O)[C@H](CC(C)C)NC(=O)[C@H](CC(N)=O)NC(=O)[C@@H]4CCCN4C(=O)[C@H](CCCNC(=N)N)NC(=O)[C@H](CSSC[C@H](NC(=O)[C@@H](N)CC(=O)O)C(=O)N[C@@H](CC(C)C)C(=O)NCC(=O)N[C@@H](Cc4ccccc4)C(=O)N[C@@H](CCSC)C(=O)N[C@@H](CCCNC(=N)N)C(=O)N[C@@H](CCCCN)C(=O)N2)NC(=O)[C@H](CSSC[C@@H](C(=O)N[C@@H](CCCCN)C(=O)N[C@@H](Cc2ccc(O)cc2)C(=O)N[C@H](C(=O)N[C@@H](Cc2ccccc2)C(N)=O)C(C)C)NC(=O)[C@H](Cc2c[nH]c4ccccc24)NC(=O)[C@H](CCCCN)NC(=O)[C@H](C)NC(=O)[C@H]([C@@H](C)O)NC(=O)[C@H](CCCNC(=N)N)NC(=O)[C@H](CO)NC3=O)NC(=O)[C@H](CCCCN)NC(=O)[C@H](CC(=O)O)NC(=O)[C@H](CC(N)=O)NC(=O)[C@H](CC(=O)O)NC(=O)[C@@H]2CCCN2C1=O,PubChem,,118734454,5.301029996,Train,1
WMXXARCLXJRWFM-GODGPPIMSA-N,CC[C@H](C)[C@@H]1NC(=O)[C@@H]2CSSC[C@@H]3NC(=O)[C@H](C(C)C)NC(=O)[C@H](CC(C)C)NC(=O)[C@H](CC(N)=O)NC(=O)[C@@H]4CCCN4C(=O)[C@H](CCCNC(=N)N)NC(=O)[C@H](CSSC[C@H](NC(=O)[C@@H](N)CC(=O)O)C(=O)N[C@@H](CC(C)C)C(=O)NCC(=O)N[C@@H](Cc4ccccc4)C(=O)N[C@@H](CCSC)C(=O)N[C@@H](CCCNC(=N)N)C(=O)N[C@@H](C)C(=O)N2)NC(=O)[C@H](CSSC[C@@H](C(=O)N[C@@H](CCCCN)C(=O)N[C@@H](Cc2ccc(O)cc2)C(=O)N[C@H](C(=O)N[C@@H](Cc2ccccc2)C(N)=O)C(C)C)NC(=O)[C@H](Cc2c[nH]c4ccccc24)NC(=O)[C@H](CCCCN)NC(=O)[C@H](Cc2cnc[nH]2)NC(=O)[C@H]([C@@H](C)O)NC(=O)[C@H](CCCNC(=N)N)NC(=O)[C@H](CO)NC3=O)NC(=O)[C@H](CCCCN)NC(=O)[C@H](CC(=O)O)NC(=O)[C@H](CC(N)=O)NC(=O)[C@H](CC(=O)O)NC(=O)[C@@H]2CCCN2C1=O,PubChem,,118734440,5.301029996,Train,1
CVDOMYFVLXCGDC-FYGGTUQOSA-N,CC[C@H](C)[C@@H]1NC(=O)[C@@H]2CSSC[C@@H]3NC(=O)[C@H](C(C)C)NC(=O)[C@H](CC(C)C)NC(=O)[C@H](CC(N)=O)NC(=O)[C@@H]4CCCN4C(=O)[C@H](CCCNC(=N)N)NC(=O)[C@H](CSSC[C@H](NC(=O)[C@@H](N)CC(=O)O)C(=O)N[C@@H](CC(C)C)C(=O)NCC(=O)N[C@@H](Cc4ccccc4)C(=O)N[C@@H](CCSC)C(=O)N[C@@H](CCCNC(=N)N)C(=O)N[C@@H](CCCCN)C(=O)N2)NC(=O)[C@H](CSSC[C@@H](C(=O)N[C@@H](CCCCN)C(=O)N[C@@H](Cc2ccc(O)cc2)C(=O)N[C@H](C(=O)N[C@@H](Cc2ccccc2)C(N)=O)C(C)C)NC(=O)[C@H](C)NC(=O)[C@H](CCCCN)NC(=O)[C@H](Cc2cnc[nH]2)NC(=O)[C@H]([C@@H](C)O)NC(=O)[C@H](CCCNC(=N)N)NC(=O)[C@H](CO)NC3=O)NC(=O)[C@H](CCCCN)NC(=O)[C@H](CC(=O)O)NC(=O)[C@H](CC(N)=O)NC(=O)[C@H](CC(=O)O)NC(=O)[C@@H]2CCCN2C1=O,PubChem,,118734456,5.301029996,Train,1
IQGCQUFDEPLZCU-RJAJYBRCSA-N,CC[C@H](C)[C@@H]1NC(=O)[C@@H]2CSSC[C@@H]3NC(=O)[C@H](C(C)C)NC(=O)[C@H](CC(C)C)NC(=O)[C@H](CC(N)=O)NC(=O)[C@@H]4CCCN4C(=O)[C@H](CCCNC(=N)N)NC(=O)[C@H](CSSC[C@H](NC(=O)[C@@H](N)CC(=O)O)C(=O)N[C@@H](CC(C)C)C(=O)NCC(=O)N[C@@H](Cc4ccccc4)C(=O)N[C@@H](CCSC)C(=O)N[C@@H](CCCNC(=N)N)C(=O)N[C@@H](CCCCN)C(=O)N2)NC(=O)[C@H](CSSC[C@@H](C(=O)N[C@@H](CCCCN)C(=O)N[C@@H](C)C(=O)N[C@H](C(=O)N[C@@H](Cc2ccccc2)C(N)=O)C(C)C)NC(=O)[C@H](Cc2c[nH]c4ccccc24)NC(=O)[C@H](CCCCN)NC(=O)[C@H](Cc2cnc[nH]2)NC(=O)[C@H]([C@@H](C)O)NC(=O)[C@H](CCCNC(=N)N)NC(=O)[C@H](CO)NC3=O)NC(=O)[C@H](CCCCN)NC(=O)[C@H](CC(=O)O)NC(=O)[C@H](CC(N)=O)NC(=O)[C@H](CC(=O)O)NC(=O)[C@@H]2CCCN2C1=O,PubChem,,118734458,5.301029996,Train,1
ZDYIMJLPMWNRHT-IXZYVUGMSA-N,CC[C@H](C)[C@@H]1NC(=O)[C@@H]2CSSC[C@@H]3NC(=O)[C@H](C(C)C)NC(=O)[C@H](CC(C)C)NC(=O)[C@H](CC(N)=O)NC(=O)[C@@H]4CCCN4C(=O)[C@H](CCCNC(=N)N)NC(=O)[C@H](CSSC[C@H](NC(=O)[C@@H](N)CC(=O)O)C(=O)N[C@@H](CC(C)C)C(=O)NCC(=O)N[C@@H](Cc4ccccc4)C(=O)N[C@@H](CCSC)C(=O)N[C@@H](CCCNC(=N)N)C(=O)N[C@@H](CCCCN)C(=O)N2)NC(=O)[C@H](CSSC[C@@H](C(=O)N[C@@H](CCCCN)C(=O)N[C@@H](Cc2ccc(O)cc2)C(=O)N[C@H](C(=O)N[C@@H](Cc2ccccc2)C(N)=O)C(C)C)NC(=O)[C@H](Cc2c[nH]c4ccccc24)NC(=O)[C@H](CCCCN)NC(=O)[C@H](Cc2c[nH]cn2)NC(=O)[C@H]([C@@H](C)O)NC(=O)[C@H](CCCNC(=N)N)NC(=O)[C@H](CO)NC3=O)NC(=O)[C@H](CCCCN)NC(=O)[C@H](CC(=O)O)NC(=O)[C@H](CC(N)=O)NC(=O)[C@H](Cc2cccc3ccccc23)NC(=O)[C@@H]2CCCN2C1=O,PubChem,,127047473,5.301029996,Train,1
UZMXZHDZRZXUHB-DTMZYCOSSA-N,CC[C@H](C)[C@@H]1NC(=O)[C@@H]2CSSC[C@@H]3NC(=O)[C@H](C(C)C)NC(=O)[C@H](CC(C)C)NC(=O)[C@H](CC(N)=O)NC(=O)[C@@H]4CCCN4C(=O)[C@H](CCCNC(=N)N)NC(=O)[C@H](CSSC[C@H](NC(=O)[C@@H](N)CC(=O)O)C(=O)N[C@@H](CC(C)C)C(=O)NCC(=O)N[C@@H](Cc4ccccc4)C(=O)N[C@@H](CCSC)C(=O)N[C@@H](CCCNC(=N)N)C(=O)N[C@@H](CCCCN)C(=O)N2)NC(=O)[C@@H](CSSC[C@@H](C(=O)N[C@@H](CCCCN)C(=O)N[C@@H](Cc2ccc(O)cc2)C(=O)N[C@H](C(=O)N[C@@H](Cc2ccccc2)C(N)=O)C(C)C)NC(=O)[C@H](Cc2c[nH]c4ccccc24)NC(=O)[C@H](CCCCN)NC(=O)[C@H](Cc2cnc[nH]2)NC(=O)[C@H](C)NC(=O)[C@H](CCCNC(=N)N)NC(=O)[C@H](CO)NC3=O)NC(=O)[C@H](CCCCN)NC(=O)[C@H](CC(=O)O)NC(=O)[C@H](CC(N)=O)NC(=O)[C@H](CC(=O)O)NC(=O)[C@@H]2CCCN2C1=O,PubChem,,127046919,5.301029996,Train,1
INICYOQKCZRPDQ-WHTSWOLXSA-N,CC[C@H](C)[C@@H]1NC(=O)[C@@H]2CSSC[C@@H]3NC(=O)[C@H](C(C)C)NC(=O)[C@H](CC(C)C)NC(=O)[C@H](CC(N)=O)NC(=O)[C@@H]4CCCN4C(=O)[C@H](CCCNC(=N)N)NC(=O)[C@H](CSSC[C@H](NC(=O)[C@@H](N)CC(=O)O)C(=O)N[C@@H](CC(C)C)C(=O)NCC(=O)N[C@@H](Cc4ccccc4)C(=O)N[C@@H](CCSC)C(=O)N[C@@H](CCCNC(=N)N)C(=O)N[C@@H](CCCCN)C(=O)N2)NC(=O)[C@H](CSSC[C@@H](C(=O)N[C@@H](CCCCN)C(=O)N[C@@H](Cc2ccc(O)cc2)C(=O)N[C@H](C(=O)N[C@@H](Cc2ccccc2)C(N)=O)C(C)C)NC(=O)[C@H](Cc2c[nH]c4ccccc24)NC(=O)[C@H](CCCCN)NC(=O)[C@H](Cc2c[nH]c4ccccc24)NC(=O)[C@H]([C@@H](C)O)NC(=O)[C@H](CCCNC(=N)N)NC(=O)[C@H](CO)NC3=O)NC(=O)[C@H](CCCCN)NC(=O)[C@H](CC(=O)O)NC(=O)[C@H](CC(N)=O)NC(=O)[C@H](CC(=O)O)NC(=O)[C@@H]2CCCN2C1=O,PubChem,,127046242,5.301029996,Train,1
JWBQWYNVKVZZLS-PPJXZUAQSA-N,CSCC[C@@H]1NC(=O)[C@H](Cc2ccccc2)NC(=O)CNC(=O)[C@H](CC(C)C)NC(=O)[C@@H](NC(=O)[C@@H](N)CC(=O)O)CSSC[C@@H]2NC(=O)[C@@H]3CSSC[C@@H](C(=O)N[C@@H](CCCCN)C(=O)N[C@@H](Cc4ccc(O)cc4)C(=O)N[C@H](C(=O)N[C@@H](Cc4ccccc4)C(N)=O)C(C)C)NC(=O)[C@H](Cc4c[nH]c5ccccc45)NC(=O)[C@H](CCCCN)NC(=O)[C@H](Cc4cnc[nH]4)NC(=O)[C@H]([C@@H](C)O)NC(=O)[C@H](CCCNC(=N)N)NC(=O)[C@H](CO)NC(=O)[C@H](CSSC[C@H](NC(=O)[C@H](CCCCN)NC(=O)[C@H](CCCNC(=N)N)NC1=O)C(=O)N[C@@H](Cc1ccccn1)C(=O)N1CCC[C@H]1C(=O)N[C@@H](CC(=O)O)C(=O)N[C@@H](CC(N)=O)C(=O)N[C@@H](CC(=O)O)C(=O)N[C@@H](CCCCN)C(=O)N3)NC(=O)[C@H](C(C)C)NC(=O)[C@H](CC(C)C)NC(=O)[C@H](CC(N)=O)NC(=O)[C@@H]1CCCN1C(=O)[C@H](CCCNC(=N)N)NC2=O,PubChem,,127046415,5.301029996,Train,1
VBDSKJYKONTJKC-NTNKISAPSA-N,CC[C@H](C)[C@@H]1NC(=O)[C@@H]2CSSC[C@@H]3NC(=O)[C@H](CCC(=O)O)NC(=O)[C@H](CC(C)C)NC(=O)[C@H](CC(N)=O)NC(=O)[C@@H]4CCCN4C(=O)[C@H](CCCNC(=N)N)NC(=O)[C@H](CSSC[C@H](NC(=O)[C@@H](N)CC(=O)O)C(=O)N[C@@H](CC(C)C)C(=O)NCC(=O)N[C@@H](Cc4ccccc4)C(=O)N[C@@H](CCSC)C(=O)N[C@@H](CCCNC(=N)N)C(=O)N[C@@H](CCCCN)C(=O)N2)NC(=O)[C@H](CSSC[C@@H](C(=O)N[C@@H](CCCCN)C(=O)N[C@@H](Cc2ccc(O)cc2)C(=O)N[C@H](C(=O)N[C@@H](Cc2ccccc2)C(N)=O)C(C)C)NC(=O)[C@H](Cc2c[nH]c4ccccc24)NC(=O)[C@H](CCCCN)NC(=O)[C@H](Cc2cnc[nH]2)NC(=O)[C@H]([C@@H](C)O)NC(=O)[C@H](CCCNC(=N)N)NC(=O)[C@H](CO)NC3=O)NC(=O)[C@H](CCCCN)NC(=O)[C@H](CC(=O)O)NC(=O)[C@H](CC(N)=O)NC(=O)[C@H](CC(=O)O)NC(=O)[C@@H]2CCCN2C1=O,PubChem,,127045829,5.301029996,Train,1
WDGQMBCDEVPOTR-CUVQYZNDSA-N,CC[C@H](C)[C@@H]1NC(=O)[C@@H]2CSSC[C@@H]3NC(=O)[C@H](C(C)C)NC(=O)[C@H](CC(C)C)NC(=O)[C@H](CC(N)=O)NC(=O)[C@@H]4CCCN4C(=O)[C@H](CCCNC(=N)N)NC(=O)[C@H](CSSC[C@H](NC(=O)[C@@H](N)CCCCN)C(=O)N[C@@H](CC(C)C)C(=O)NCC(=O)N[C@@H](Cc4ccccc4)C(=O)N[C@@H](CCSC)C(=O)N[C@@H](CCCNC(=N)N)C(=O)N[C@@H](CCCCN)C(=O)N2)NC(=O)[C@H](CSSC[C@@H](C(=O)N[C@@H](CCCCN)C(=O)N[C@@H](Cc2ccc(O)cc2)C(=O)N[C@H](C(=O)N[C@@H](Cc2ccccc2)C(N)=O)C(C)C)NC(=O)[C@H](Cc2c[nH]c4ccccc24)NC(=O)[C@H](CCCCN)NC(=O)[C@H](Cc2cnc[nH]2)NC(=O)[C@H]([C@@H](C)O)NC(=O)[C@H](CCCNC(=N)N)NC(=O)[C@H](CO)NC3=O)NC(=O)[C@H](CCCCN)NC(=O)[C@H](CC(=O)O)NC(=O)[C@H](CC(N)=O)NC(=O)[C@H](CC(=O)O)NC(=O)[C@@H]2CCCN2C1=O,PubChem,,127045830,5.301029996,Train,1
SJTJOTOGHZUADL-PHGCRLBGSA-N,CC[C@H](C)[C@@H]1NC(=O)[C@@H]2CSSC[C@@H]3NC(=O)[C@H](C(C)C)NC(=O)[C@H](CC(C)C)NC(=O)[C@H](CC(N)=O)NC(=O)[C@@H]4CCCN4C(=O)[C@H](CCCNC(=N)N)NC(=O)[C@H](CSSC[C@H](NC(=O)[C@@H](N)CC(=O)O)C(=O)N[C@@H](CC(C)C)C(=O)NCC(=O)N[C@@H](Cc4ccccc4)C(=O)N[C@@H](CCSC)C(=O)N[C@@H](CCCNC(=N)N)C(=O)N[C@@H](CCCCN)C(=O)N2)NC(=O)[C@H](CSSC[C@@H](C(=O)N[C@@H](CCCCN)C(=O)N[C@@H](Cc2ccc(O)cc2)C(=O)N[C@H](C(=O)N[C@@H](Cc2ccccc2)C(N)=O)C(C)C)NC(=O)[C@H](Cc2c[nH]c4ccccc24)NC(=O)[C@H](CCCCN)NC(=O)[C@H](Cc2cnc[nH]2)NC(=O)[C@H]([C@@H](C)O)NC(=O)[C@H](CCCCN)NC(=O)[C@H](CO)NC3=O)NC(=O)[C@H](CCCCN)NC(=O)[C@H](CC(=O)O)NC(=O)[C@H](CC(N)=O)NC(=O)[C@H](CC(=O)O)NC(=O)[C@@H]2CCCN2C1=O,PubChem,,127046022,5.301029996,Train,1
WPFACOPBNNBQDB-ORMNPGJBSA-N,CSCC[C@@H]1NC(=O)[C@H](Cc2ccccc2)NC(=O)CNC(=O)[C@H](CC(C)C)NC(=O)[C@@H](NC(=O)[C@@H](N)CC(=O)O)CSSC[C@@H]2NC(=O)[C@@H]3CSSC[C@@H](C(=O)N[C@@H](CCCCN)C(=O)N[C@@H](Cc4ccc(O)cc4)C(=O)N[C@H](C(=O)N[C@@H](Cc4ccccc4)C(N)=O)C(C)C)NC(=O)[C@H](Cc4c[nH]c5ccccc45)NC(=O)[C@H](CCCCN)NC(=O)[C@H](Cc4cnc[nH]4)NC(=O)[C@H]([C@@H](C)O)NC(=O)[C@H](CCCNC(=N)N)NC(=O)[C@H](CO)NC(=O)[C@H](CSSC[C@H](NC(=O)[C@H](CCCCN)NC(=O)[C@H](CCCNC(=N)N)NC1=O)C(=O)N[C@@H](CC(C)C)C(=O)N1CCC[C@H]1C(=O)N[C@@H](CC(=O)O)C(=O)N[C@@H](CC(N)=O)C(=O)N[C@@H](CC(=O)O)C(=O)N[C@@H](CCCCN)C(=O)N3)NC(=O)[C@H](C(C)C)NC(=O)[C@H](CC(C)C)NC(=O)[C@H](CC(N)=O)NC(=O)[C@@H]1CCCN1C(=O)[C@H](CCCNC(=N)N)NC2=O,PubChem,,127047990,5.301029996,Validation,1
QWDGXHKGDVPQSG-ZZFUMOBZSA-N,CC[C@H](C)[C@@H]1NC(=O)[C@@H]2CSSC[C@@H]3NC(=O)[C@H](C(C)C)NC(=O)[C@H](CC(C)C)NC(=O)[C@H](CC(N)=O)NC(=O)[C@@H]4CCCN4C(=O)[C@H](CCCNC(=N)N)NC(=O)[C@H](CSSC[C@H](NC(=O)[C@@H](N)CC(=O)O)C(=O)N[C@@H](CC(C)C)C(=O)NCC(=O)N[C@@H](Cc4ccccc4)C(=O)N[C@@H](CCSC)C(=O)N[C@@H](CCCNC(=N)N)C(=O)N[C@@H](CCCCN)C(=O)N2)NC(=O)[C@H](CSSC[C@@H](C(=O)N[C@@H](CCCCN)C(=O)N[C@@H](Cc2ccc(O)cc2)C(=O)N[C@H](C(=O)N[C@@H](Cc2ccccc2)C(N)=O)C(C)C)NC(=O)[C@H](Cc2c[nH]c4ccccc24)NC(=O)[C@H](CCCCN)NC(=O)[C@H](Cc2cnc[nH]2)NC(=O)[C@H]([C@@H](C)O)NC(=O)[C@H](C)NC(=O)[C@H](CO)NC3=O)NC(=O)[C@H](CCCCN)NC(=O)[C@H](CC(=O)O)NC(=O)[C@H](CC(N)=O)NC(=O)[C@H](CC(=O)O)NC(=O)[C@@H]2CCCN2C1=O,PubChem,,118734452,5.301029996,Train,1
RCRCHGWAFIYESR-PHGCRLBGSA-N,CC[C@H](C)[C@@H]1NC(=O)[C@@H]2CSSC[C@@H]3NC(=O)[C@H](C(C)C)NC(=O)[C@H](CC(C)C)NC(=O)[C@H](CC(N)=O)NC(=O)[C@@H]4CCCN4C(=O)[C@H](CCCNC(=N)N)NC(=O)[C@H](CSSC[C@H](NC(=O)[C@@H](N)CC(=O)O)C(=O)N[C@@H](CC(C)C)C(=O)NCC(=O)N[C@@H](Cc4ccccc4)C(=O)N[C@@H](CCCCN)C(=O)N[C@@H](CCCNC(=N)N)C(=O)N[C@@H](CCCCN)C(=O)N2)NC(=O)[C@H](CSSC[C@@H](C(=O)N[C@@H](CCCCN)C(=O)N[C@@H](Cc2ccc(O)cc2)C(=O)N[C@H](C(=O)N[C@@H](Cc2ccccc2)C(N)=O)C(C)C)NC(=O)[C@H](Cc2c[nH]c4ccccc24)NC(=O)[C@H](CCCCN)NC(=O)[C@H](Cc2cnc[nH]2)NC(=O)[C@H]([C@@H](C)O)NC(=O)[C@H](CCCNC(=N)N)NC(=O)[C@H](CO)NC3=O)NC(=O)[C@H](CCCCN)NC(=O)[C@H](CC(=O)O)NC(=O)[C@H](CC(N)=O)NC(=O)[C@H](CC(=O)O)NC(=O)[C@@H]2CCCN2C1=O,PubChem,,127045813,5.301029996,Train,1
OEDXJWJKZWZZTK-NLEDQVIFSA-N,CC[C@H](C)[C@@H]1NC(=O)[C@@H]2CSSC[C@@H]3NC(=O)[C@H](C(C)C)NC(=O)[C@H](CC(C)C)NC(=O)[C@H](CC(N)=O)NC(=O)[C@@H]4CCCN4C(=O)[C@H](CCCNC(=N)N)NC(=O)[C@H](CSSC[C@H](NC(=O)[C@@H](N)CC(=O)O)C(=O)N[C@@H](CC(C)C)C(=O)NCC(=O)N[C@@H](Cc4ccccc4)C(=O)N[C@@H](CCSC)C(=O)N[C@@H](CCCNC(=N)N)C(=O)N[C@@H](CCCCN)C(=O)N2)NC(=O)[C@H](CSSC[C@@H](C(=O)N[C@@H](CCCCN)C(=O)N[C@@H](Cc2ccc(O)cc2)C(=O)N[C@@H](Cc2cccc4ccccc24)C(=O)N[C@@H](Cc2ccccc2)C(N)=O)NC(=O)[C@H](Cc2c[nH]c4ccccc24)NC(=O)[C@H](CCCCN)NC(=O)[C@H](Cc2cnc[nH]2)NC(=O)[C@H]([C@@H](C)O)NC(=O)[C@H](CCCNC(=N)N)NC(=O)[C@H](CO)NC3=O)NC(=O)[C@H](CCCCN)NC(=O)[C@H](CC(=O)O)NC(=O)[C@H](CC(N)=O)NC(=O)[C@H](CC(=O)O)NC(=O)[C@@H]2CCCN2C1=O,PubChem,,127047633,5.301029996,Train,1
WMKXORHZJSVKKO-IOSWSZEXSA-N,CC[C@H](C)[C@@H]1NC(=O)[C@@H]2CSSC[C@@H]3NC(=O)[C@H](C(C)C)NC(=O)[C@H](CC(C)C)NC(=O)[C@H](CC(N)=O)NC(=O)[C@@H]4CCCN4C(=O)[C@H](CCCNC(=N)N)NC(=O)[C@H](CSSC[C@H](NC(=O)[C@@H](N)CC(=O)O)C(=O)N[C@@H](CC(C)C)C(=O)NCC(=O)N[C@@H](Cc4ccccc4)C(=O)N[C@@H](CCSC)C(=O)N[C@@H](CCCNC(=N)N)C(=O)N[C@@H](CCCCN)C(=O)N2)NC(=O)[C@H](CSSC[C@@H](C(=O)N[C@@H](CCCCN)C(=O)N[C@@H](Cc2ccc(O)cc2)C(=O)N[C@H](C(=O)N[C@@H](Cc2ccccc2)C(=O)N[C@H](CCC(=O)O)C(N)=O)C(C)C)NC(=O)[C@H](Cc2c[nH]c4ccccc24)NC(=O)[C@H](CCCCN)NC(=O)[C@H](Cc2cnc[nH]2)NC(=O)[C@H]([C@@H](C)O)NC(=O)[C@H](CCCNC(=N)N)NC(=O)[C@H](CO)NC3=O)NC(=O)[C@H](CCCCN)NC(=O)[C@H](CC(=O)O)NC(=O)[C@H](CC(N)=O)NC(=O)[C@H](CC(=O)O)NC(=O)[C@@H]2CCCN2C1=O,PubChem,,127047866,5.301029996,Validation,1
TVXAAHAZCZNPAQ-PRLWSTTGSA-N,CC[C@H](C)[C@@H]1NC(=O)[C@@H]2CSSC[C@@H]3NC(=O)[C@H](C(C)C)NC(=O)[C@H](CC(C)C)NC(=O)[C@H](CC(N)=O)NC(=O)[C@@H]4CCCN4C(=O)[C@H](CCCNC(=N)N)NC(=O)[C@H](CSSC[C@H](NC(=O)[C@@H](N)CC(=O)O)C(=O)N[C@@H](CC(C)C)C(=O)NCC(=O)N[C@@H](Cc4ccccc4)C(=O)N[C@@H](CCSC)C(=O)N[C@@H](CCCNC(=N)N)C(=O)N[C@@H](CCCCN)C(=O)N2)NC(=O)[C@H](CSSC[C@@H](C(=O)N[C@@H](CCCCN)C(=O)N[C@@H](Cc2ccc(O)cc2)C(=O)N[C@H](C(=O)N[C@@H](Cc2ccccc2)C(N)=O)C(C)C)NC(=O)[C@H](Cc2c[nH]c4ccccc24)NC(=O)[C@H](CCCCN)NC(=O)[C@H](Cc2cnc[nH]2)NC(=O)[C@H]([C@@H](C)O)NC(=O)[C@H](CCCNC(=N)N)NC(=O)[C@H](CCC(=O)O)NC3=O)NC(=O)[C@H](CCCCN)NC(=O)[C@H](CC(=O)O)NC(=O)[C@H](CC(N)=O)NC(=O)[C@H](CC(=O)O)NC(=O)[C@@H]2CCCN2C1=O,PubChem,,127047989,5.301029996,Train,1
WALWTPUMIITVRK-WPGXLXAISA-N,CC[C@H](C)[C@@H]1NC(=O)[C@@H]2CSSC[C@@H]3NC(=O)[C@H](C(C)C)NC(=O)[C@H](CC(C)C)NC(=O)[C@H](CC(N)=O)NC(=O)[C@@H]4CCCN4C(=O)[C@H](CCCNC(=N)N)NC(=O)[C@H](CSSC[C@H](NC(=O)[C@H](CC(=O)O)NC(=O)[C@@H](N)CCCNC(=N)N)C(=O)N[C@@H](CC(C)C)C(=O)NCC(=O)N[C@@H](Cc4ccccc4)C(=O)N[C@@H](CCSC)C(=O)N[C@@H](CCCNC(=N)N)C(=O)N[C@@H](CCCCN)C(=O)N2)NC(=O)[C@H](CSSC[C@@H](C(=O)N[C@@H](CCCCN)C(=O)N[C@@H](Cc2ccc(O)cc2)C(=O)N[C@H](C(=O)N[C@@H](Cc2ccccc2)C(N)=O)C(C)C)NC(=O)[C@H](Cc2c[nH]c4ccccc24)NC(=O)[C@H](CCCCN)NC(=O)[C@H](Cc2cnc[nH]2)NC(=O)[C@H]([C@@H](C)O)NC(=O)[C@H](CCCNC(=N)N)NC(=O)[C@H](CO)NC3=O)NC(=O)[C@H](CCCCN)NC(=O)[C@H](CC(=O)O)NC(=O)[C@H](CC(N)=O)NC(=O)[C@H](CC(=O)O)NC(=O)[C@@H]2CCCN2C1=O,PubChem,,127047322,5.301029996,Train,1
KLOJOBSHVATSEJ-VVFXKZSZSA-N,CC[C@H](C)[C@@H]1NC(=O)[C@H]2CSSC[C@H]3NC(=O)[C@H](C(C)C)NC(=O)[C@H](CC(C)C)NC(=O)[C@H](CC(N)=O)NC(=O)[C@@H]4CCCN4C(=O)[C@H](CCCNC(=N)N)NC(=O)[C@H](CSSC[C@H](NC(=O)[C@@H](N)CC(=O)O)C(=O)N[C@@H](CC(C)C)C(=O)NCC(=O)N[C@@H](Cc4ccccc4)C(=O)N[C@@H](CCSC)C(=O)N[C@@H](CCCNC(=N)N)C(=O)N[C@@H](CCCCN)C(=O)N2)NC(=O)[C@@H](CSSC[C@@H](C(=O)N[C@@H](C)C(=O)N[C@@H](Cc2ccc(O)cc2)C(=O)N[C@H](C(=O)N[C@@H](Cc2ccccc2)C(N)=O)C(C)C)NC(=O)[C@H](Cc2c[nH]c4ccccc24)NC(=O)[C@H](CCCCN)NC(=O)[C@H](Cc2cnc[nH]2)NC(=O)[C@H]([C@@H](C)O)NC(=O)[C@H](CCCNC(=N)N)NC(=O)[C@H](CO)NC3=O)NC(=O)[C@H](CCCCN)NC(=O)[C@H](CC(=O)O)NC(=O)[C@H](CC(N)=O)NC(=O)[C@H](CC(=O)O)NC(=O)[C@@H]2CCCN2C1=O,PubChem,,127047468,5.301029996,Train,1
VEQSFCLSWHQATG-OMIJNKKJSA-N,CC[C@H](C)[C@@H]1NC(=O)[C@@H]2CSSC[C@@H]3NC(=O)[C@H](C(C)C)NC(=O)[C@H](Cc4cccc5ccccc45)NC(=O)[C@H](CC(N)=O)NC(=O)[C@@H]4CCCN4C(=O)[C@H](CCCNC(=N)N)NC(=O)[C@H](CSSC[C@H](NC(=O)[C@@H](N)CC(=O)O)C(=O)N[C@@H](CC(C)C)C(=O)NCC(=O)N[C@@H](Cc4ccccc4)C(=O)N[C@@H](CCSC)C(=O)N[C@@H](CCCNC(=N)N)C(=O)N[C@@H](CCCCN)C(=O)N2)NC(=O)[C@H](CSSC[C@@H](C(=O)N[C@@H](CCCCN)C(=O)N[C@@H](Cc2ccc(O)cc2)C(=O)N[C@H](C(=O)N[C@@H](Cc2ccccc2)C(N)=O)C(C)C)NC(=O)[C@H](Cc2c[nH]c4ccccc24)NC(=O)[C@H](CCCCN)NC(=O)[C@H](Cc2c[nH]cn2)NC(=O)[C@H]([C@@H](C)O)NC(=O)[C@H](CCCNC(=N)N)NC(=O)[C@H](CO)NC3=O)NC(=O)[C@H](CCCCN)NC(=O)[C@H](CC(=O)O)NC(=O)[C@H](CC(N)=O)NC(=O)[C@H](CC(=O)O)NC(=O)[C@@H]2CCCN2C1=O,PubChem,,127047480,5.301029996,Train,1
VGRYEIIRDYDLIT-PWPPRMTHSA-N,CSCC[C@@H]1NC(=O)[C@H](Cc2ccccc2)NC(=O)CNC(=O)[C@H](CC(C)C)NC(=O)[C@@H](NC(=O)[C@@H](N)CC(=O)O)CSSC[C@@H]2NC(=O)[C@@H]3CSSC[C@@H](C(=O)N[C@@H](CCCCN)C(=O)N[C@@H](Cc4ccc(O)cc4)C(=O)N[C@H](C(=O)N[C@@H](Cc4ccccc4)C(N)=O)C(C)C)NC(=O)[C@H](Cc4c[nH]c5ccccc45)NC(=O)[C@H](CCCCN)NC(=O)[C@H](Cc4cnc[nH]4)NC(=O)[C@H]([C@@H](C)O)NC(=O)[C@H](CCCNC(=N)N)NC(=O)[C@H](CO)NC(=O)[C@H](CSSC[C@H](NC(=O)[C@H](CCCCN)NC(=O)[C@H](CCCNC(=N)N)NC1=O)C(=O)N[C@@H](Cc1ccc(O)cc1)C(=O)N1CCC[C@H]1C(=O)N[C@@H](CC(=O)O)C(=O)N[C@@H](CC(N)=O)C(=O)N[C@@H](CC(=O)O)C(=O)N[C@@H](CCCCN)C(=O)N3)NC(=O)[C@H](C(C)C)NC(=O)[C@H](CC(C)C)NC(=O)[C@H](CC(N)=O)NC(=O)[C@@H]1CCCN1C(=O)[C@H](CCCNC(=N)N)NC2=O,PubChem,,127047489,5.301029996,Train,1
OOHBAUIQIXZZPJ-QZZDFEHJSA-N,CC[C@H](C)[C@@H]1NC(=O)[C@@H]2CSSC[C@@H]3NC(=O)[C@H](C(C)C)NC(=O)[C@H](CC(C)C)NC(=O)[C@H](CC(N)=O)NC(=O)[C@@H]4CCCN4C(=O)[C@H](CCCNC(=N)N)NC(=O)[C@H](CSSC[C@H](NC(=O)[C@@H](N)CC(=O)O)C(=O)N[C@@H](CC(C)C)C(=O)NCC(=O)N[C@@H](CCCNC(=N)N)C(=O)N[C@@H](CCSC)C(=O)N[C@@H](CCCNC(=N)N)C(=O)N[C@@H](CCCCN)C(=O)N2)NC(=O)[C@H](CSSC[C@@H](C(=O)N[C@@H](CCCCN)C(=O)N[C@@H](Cc2ccc(O)cc2)C(=O)N[C@H](C(=O)N[C@@H](Cc2ccccc2)C(N)=O)C(C)C)NC(=O)[C@H](Cc2c[nH]c4ccccc24)NC(=O)[C@H](CCCCN)NC(=O)[C@H](Cc2cnc[nH]2)NC(=O)[C@H]([C@@H](C)O)NC(=O)[C@H](CCCNC(=N)N)NC(=O)[C@H](CO)NC3=O)NC(=O)[C@H](CCCCN)NC(=O)[C@H](CC(=O)O)NC(=O)[C@H](CC(N)=O)NC(=O)[C@H](CC(=O)O)NC(=O)[C@@H]2CCCN2C1=O,PubChem,,127047073,5.301029996,Validation,1
JLNQRKKMVFIJIG-YNJRXQHZSA-N,CC[C@H](C)[C@@H]1NC(=O)[C@@H]2CSSC[C@@H]3NC(=O)[C@H](C(C)C)NC(=O)[C@H](CC(C)C)NC(=O)[C@H](CC(N)=O)NC(=O)[C@@H]4CCCN4C(=O)[C@H](CCCNC(=N)N)NC(=O)[C@H](CSSC[C@H](NC(=O)[C@H](CC(=O)O)NC(C)=O)C(=O)N[C@@H](CC(C)C)C(=O)NCC(=O)N[C@@H](Cc4ccccc4)C(=O)N[C@@H](CCSC)C(=O)N[C@@H](CCCNC(=N)N)C(=O)N[C@@H](CCCCN)C(=O)N2)NC(=O)[C@H](CSSC[C@@H](C(=O)N[C@@H](CCCCN)C(=O)N[C@@H](Cc2ccc(O)cc2)C(=O)N[C@H](C(=O)N[C@@H](Cc2ccccc2)C(N)=O)C(C)C)NC(=O)[C@H](Cc2c[nH]c4ccccc24)NC(=O)[C@H](CCCCN)NC(=O)[C@H](Cc2cnc[nH]2)NC(=O)[C@H]([C@@H](C)O)NC(=O)[C@H](CCCNC(=N)N)NC(=O)[C@H](CO)NC3=O)NC(=O)[C@H](CCCCN)NC(=O)[C@H](CC(=O)O)NC(=O)[C@H](CC(N)=O)NC(=O)[C@H](CC(=O)O)NC(=O)[C@@H]2CCCN2C1=O,PubChem,,127047206,5.301029996,Train,1
AOIFWXCWSQVNHX-HBDPCMCWSA-N,CC[C@H](C)[C@H]1NC(=O)[C@H]2CSSC[C@H]3NC(=O)[C@H](C(C)C)NC(=O)[C@@H](CC(C)C)NC(=O)[C@H](CC(N)=O)NC(=O)[C@H]4CCCN4C(=O)[C@@H](CCCNC(=N)N)NC(=O)[C@@H](CSSC[C@H](NC(=O)[C@@H](N)CC(=O)O)C(=O)N[C@@H](CC(C)C)C(=O)NCC(=O)N[C@@H](Cc4ccccc4)C(=O)N[C@H](CCSC)C(=O)N[C@@H](CCCNC(=N)N)C(=O)N[C@H](CCCCN)C(=O)N2)NC(=O)[C@H](CSSC[C@H](C(=O)N[C@H](CCCCN)C(=O)N[C@@H](Cc2ccc(O)cc2)C(=O)N[C@H](C(=O)N[C@@H](Cc2ccccc2)C(N)=O)C(C)C)NC(=O)[C@H](Cc2c[nH]c4ccccc24)NC(=O)[C@@H](CCCCN)NC(=O)[C@@H](CCCNC(=N)N)NC(=O)[C@H]([C@H](C)O)NC(=O)[C@H](CCCNC(=N)N)NC(=O)[C@@H](CO)NC3=O)NC(=O)[C@@H](CCCCN)NC(=O)[C@@H](CC(=O)O)NC(=O)[C@@H](CC(N)=O)NC(=O)[C@H](CC(=O)O)NC(=O)[C@H]2CCCN2C1=O,PubChem,,145948712,5.301029996,Validation,1
REZDHPKOVBPAMP-IXZYVUGMSA-N,CC[C@H](C)[C@@H]1NC(=O)[C@@H]2CSSC[C@@H]3NC(=O)[C@H](C(C)C)NC(=O)[C@H](CC(C)C)NC(=O)[C@H](Cc4cccc5ccccc45)NC(=O)[C@@H]4CCCN4C(=O)[C@H](CCCNC(=N)N)NC(=O)[C@H](CSSC[C@H](NC(=O)[C@@H](N)CC(=O)O)C(=O)N[C@@H](CC(C)C)C(=O)NCC(=O)N[C@@H](Cc4ccccc4)C(=O)N[C@@H](CCSC)C(=O)N[C@@H](CCCNC(=N)N)C(=O)N[C@@H](CCCCN)C(=O)N2)NC(=O)[C@H](CSSC[C@@H](C(=O)N[C@@H](CCCCN)C(=O)N[C@@H](Cc2ccc(O)cc2)C(=O)N[C@H](C(=O)N[C@@H](Cc2ccccc2)C(N)=O)C(C)C)NC(=O)[C@H](Cc2c[nH]c4ccccc24)NC(=O)[C@H](CCCCN)NC(=O)[C@H](Cc2c[nH]cn2)NC(=O)[C@H]([C@@H](C)O)NC(=O)[C@H](CCCNC(=N)N)NC(=O)[C@H](CO)NC3=O)NC(=O)[C@H](CCCCN)NC(=O)[C@H](CC(=O)O)NC(=O)[C@H](CC(N)=O)NC(=O)[C@H](CC(=O)O)NC(=O)[C@@H]2CCCN2C1=O,PubChem,,127046587,5.301029996,Train,1
GYVIROCIRVGIHX-QTUWYBHWSA-N,CC[C@H](C)[C@@H]1NC(=O)[C@@H]2CSSC[C@@H]3NC(=O)[C@H](C(C)C)NC(=O)[C@H](CC(C)C)NC(=O)[C@H](CC(N)=O)NC(=O)[C@@H]4CCCN4C(=O)[C@H](CCCNC(=N)N)NC(=O)[C@H](CSSC[C@H](NC(=O)[C@@H](N)CC(=O)O)C(=O)N[C@@H](CC(C)C)C(=O)NCC(=O)N[C@@H](Cc4ccccc4)C(=O)N[C@@H](CCSC)C(=O)N[C@@H](CCCNC(=N)N)C(=O)N[C@@H](CCCCN)C(=O)N2)NC(=O)[C@H](CSSC[C@@H](C(=O)N[C@@H](CCCCN)C(=O)N[C@@H](Cc2ccc(O)cc2)C(=O)N[C@H](C(=O)N[C@@H](Cc2ccccc2)C(N)=O)C(C)C)NC(=O)[C@H](Cc2c[nH]c4ccccc24)NC(=O)[C@H](CCCCN(C)C)NC(=O)[C@H](Cc2cnc[nH]2)NC(=O)[C@H]([C@@H](C)O)NC(=O)[C@H](CCCNC(=N)N)NC(=O)[C@H](CO)NC3=O)NC(=O)[C@H](CCCCN)NC(=O)[C@H](CC(=O)O)NC(=O)[C@H](CC(N)=O)NC(=O)[C@H](CC(=O)O)NC(=O)[C@@H]2CCCN2C1=O,PubChem,,127046767,5.301029996,Validation,1
UGOYONMBZFCBPL-WFCNDGJPSA-N,CC[C@H](C)[C@@H]1NC(=O)[C@@H]2CSSC[C@@H]3NC(=O)[C@H](CCCNC(=N)N)NC(=O)[C@H](CC(C)C)NC(=O)[C@H](CC(N)=O)NC(=O)[C@@H]4CCCN4C(=O)[C@H](CCCNC(=N)N)NC(=O)[C@H](CSSC[C@H](NC(=O)[C@@H](N)CC(=O)O)C(=O)N[C@@H](CC(C)C)C(=O)NCC(=O)N[C@@H](Cc4ccccc4)C(=O)N[C@@H](CCSC)C(=O)N[C@@H](CCCNC(=N)N)C(=O)N[C@@H](CCCCN)C(=O)N2)NC(=O)[C@H](CSSC[C@@H](C(=O)N[C@@H](CCCCN)C(=O)N[C@@H](Cc2ccc(O)cc2)C(=O)N[C@H](C(=O)N[C@@H](Cc2ccccc2)C(N)=O)C(C)C)NC(=O)[C@H](Cc2c[nH]c4ccccc24)NC(=O)[C@H](CCCCN)NC(=O)[C@H](Cc2cnc[nH]2)NC(=O)[C@H]([C@@H](C)O)NC(=O)[C@H](CCCNC(=N)N)NC(=O)[C@H](CO)NC3=O)NC(=O)[C@H](CCCCN)NC(=O)[C@H](CC(=O)O)NC(=O)[C@H](CC(N)=O)NC(=O)[C@H](CC(=O)O)NC(=O)[C@@H]2CCCN2C1=O,PubChem,,127047988,5.301029996,Train,1
RYYSTLKCJVQNEV-KGHPBPKFSA-N,CC[C@H](C)[C@@H]1NC(=O)[C@@H]2CSSC[C@@H]3NC(=O)[C@H](C(C)C)NC(=O)[C@H](CC(C)C)NC(=O)[C@H](CC(N)=O)NC(=O)[C@@H]4CCCN4C(=O)[C@H](CCCNC(=N)N)NC(=O)[C@H](CSSC[C@H](NC(=O)[C@@H](N)CC(=O)O)C(=O)N[C@@H](CC(C)C)C(=O)NCC(=O)N[C@@H](Cc4ccccc4)C(=O)N[C@@H](CCSC)C(=O)N[C@@H](CCCNC(=N)N)C(=O)N[C@@H](CCCCN)C(=O)N2)NC(=O)[C@H](CSSC[C@@H](C(=O)N[C@@H](CCCCN)C(=O)N[C@@H](Cc2ccc(O)cc2)C(=O)N[C@H](C(=O)N[C@@H](Cc2c[nH]c4ccccc24)C(N)=O)C(C)C)NC(=O)[C@H](Cc2c[nH]c4ccccc24)NC(=O)[C@H](CCCCN)NC(=O)[C@H](Cc2c[nH]cn2)NC(=O)[C@H]([C@@H](C)O)NC(=O)[C@H](CCCNC(=N)N)NC(=O)[C@H](CO)NC3=O)NC(=O)[C@H](CCCCN)NC(=O)[C@H](CC(=O)O)NC(=O)[C@H](CC(N)=O)NC(=O)[C@H](CC(=O)O)NC(=O)[C@@H]2CCCN2C1=O,PubChem,,127048120,5.301029996,Validation,1
SSXYXSRXGWHQRP-HTFUMWKFSA-N,CC[C@H](C)[C@@H]1NC(=O)[C@@H]2CSSC[C@@H]3NC(=O)[C@H](C(C)C)NC(=O)[C@H](CC(C)C)NC(=O)[C@H](CC(N)=O)NC(=O)[C@@H]4CCCN4C(=O)[C@H](CCCNC(=N)N)NC(=O)[C@H](CSSC[C@H](NC(=O)[C@@H](N)CC(=O)O)C(=O)N[C@@H](CC(C)C)C(=O)NCC(=O)N[C@@H](Cc4ccccc4)C(=O)N[C@@H](CCSC)C(=O)N[C@@H](CCCNC(=N)N)C(=O)N[C@@H](CCC(=O)O)C(=O)N2)NC(=O)[C@H](CSSC[C@@H](C(=O)N[C@@H](CCCCN)C(=O)N[C@@H](Cc2ccc(O)cc2)C(=O)N[C@H](C(=O)N[C@@H](Cc2ccccc2)C(N)=O)C(C)C)NC(=O)[C@H](Cc2c[nH]c4ccccc24)NC(=O)[C@H](CCCCN)NC(=O)[C@H](Cc2cnc[nH]2)NC(=O)[C@H]([C@@H](C)O)NC(=O)[C@H](CCCNC(=N)N)NC(=O)[C@H](CO)NC3=O)NC(=O)[C@H](CCCCN)NC(=O)[C@H](CC(=O)O)NC(=O)[C@H](CC(N)=O)NC(=O)[C@H](CC(=O)O)NC(=O)[C@@H]2CCCN2C1=O,PubChem,,127048137,5.301029996,Validation,1
CIPSVVXGCSITNK-CUVQYZNDSA-N,CC[C@H](C)[C@@H]1NC(=O)[C@@H]2CSSC[C@@H]3NC(=O)[C@H](C(C)C)NC(=O)[C@H](CC(C)C)NC(=O)[C@H](CC(N)=O)NC(=O)[C@@H]4CCCN4C(=O)[C@H](CCCNC(=N)N)NC(=O)[C@H](CSSC[C@H](NC(=O)[C@@H](N)CC(=O)O)C(=O)N[C@@H](CC(C)C)C(=O)NCC(=O)N[C@@H](Cc4ccccc4)C(=O)N[C@@H](CCSC)C(=O)N[C@@H](CCCNC(=N)N)C(=O)N[C@@H](CCCCN)C(=O)N2)NC(=O)[C@H](CSSC[C@@H](C(=O)N[C@@H](CCCCN)C(=O)N[C@@H](Cc2ccc(O)cc2)C(=O)N[C@H](C(=O)N[C@@H](Cc2ccccc2)C(N)=O)C(C)C)NC(=O)[C@H](Cc2c[nH]c4ccccc24)NC(=O)[C@H](CCCCN)NC(=O)[C@H](Cc2cnc[nH]2)NC(=O)[C@H]([C@@H](C)O)NC(=O)[C@H](CCCNC(=N)N)NC(=O)[C@H](CO)NC3=O)NC(=O)[C@H](CCCCN)NC(=O)[C@H](CC(=O)O)NC(=O)[C@H](CCCCN)NC(=O)[C@H](CC(=O)O)NC(=O)[C@@H]2CCCN2C1=O,PubChem,,127047613,5.301029996,Validation,1
UBNUHHOJSITYOV-YUVWZOAKSA-N,CC[C@H](C)[C@@H]1NC(=O)[C@@H]2CSSC[C@@H]3NC(=O)[C@H](C(C)C)NC(=O)[C@H](CC(C)C)NC(=O)[C@H](CC(N)=O)NC(=O)[C@@H]4CCCN4C(=O)[C@H](CCCNC(=N)N)NC(=O)[C@H](CSSC[C@H](NC(=O)[C@@H](N)CC(=O)O)C(=O)N[C@@H](CC(C)C)C(=O)NCC(=O)N[C@@H](Cc4ccccc4)C(=O)N[C@@H](CCSC)C(=O)N[C@@H](CCCNC(=N)N)C(=O)N[C@@H](CCCCN)C(=O)N2)NC(=O)[C@H](CSSC[C@@H](C(=O)N[C@@H](CCCCN)C(=O)N[C@@H](CCCCN)C(=O)N[C@H](C(=O)N[C@@H](Cc2ccccc2)C(N)=O)C(C)C)NC(=O)[C@H](Cc2c[nH]c4ccccc24)NC(=O)[C@H](CCCCN)NC(=O)[C@H](Cc2cnc[nH]2)NC(=O)[C@H]([C@@H](C)O)NC(=O)[C@H](CCCNC(=N)N)NC(=O)[C@H](CO)NC3=O)NC(=O)[C@H](CCCCN)NC(=O)[C@H](CC(=O)O)NC(=O)[C@H](CC(N)=O)NC(=O)[C@H](CC(=O)O)NC(=O)[C@@H]2CCCN2C1=O,PubChem,,127047619,5.301029996,Train,1
RSVKRFJKRDUBHP-DFWGYUQTSA-N,CC[C@H](C)[C@@H]1NC(=O)[C@@H]2CSSC[C@@H]3NC(=O)[C@H](C(C)C)NC(=O)[C@H](CC(C)C)NC(=O)[C@H](CC(N)=O)NC(=O)[C@@H]4CCCN4C(=O)[C@H](CCCNC(=N)N)NC(=O)[C@H](CSSC[C@H](N)C(=O)N[C@@H](CC(C)C)C(=O)NCC(=O)N[C@@H](Cc4ccccc4)C(=O)N[C@@H](CCSC)C(=O)N[C@@H](CCCNC(=N)N)C(=O)N[C@@H](CCCCN)C(=O)N2)NC(=O)[C@H](CSSC[C@@H](C(=O)N[C@@H](CCCCN)C(=O)N[C@@H](Cc2ccc(O)cc2)C(=O)N[C@H](C(=O)N[C@@H](Cc2ccccc2)C(N)=O)C(C)C)NC(=O)[C@H](Cc2c[nH]c4ccccc24)NC(=O)[C@H](CCCCN)NC(=O)[C@H](Cc2cnc[nH]2)NC(=O)[C@H]([C@@H](C)O)NC(=O)[C@H](CCCNC(=N)N)NC(=O)[C@H](CO)NC3=O)NC(=O)[C@H](CCCCN)NC(=O)[C@H](CC(=O)O)NC(=O)[C@H](CC(N)=O)NC(=O)[C@H](CC(=O)O)NC(=O)[C@@H]2CCCN2C1=O,PubChem,,127047758,5.301029996,Train,1
QFAZXIPQSXRHIS-HLSSJACKSA-N,CC[C@H](C)[C@@H]1NC(=O)[C@@H]2CSSC[C@@H]3NC(=O)[C@H](C(C)C)NC(=O)[C@H](CC(C)C)NC(=O)[C@H](CC(N)=O)NC(=O)[C@@H]4CCCN4C(=O)[C@H](CCCNC(=N)N)NC(=O)[C@H](CSSC[C@H](NC(=O)[C@@H](N)CC(=O)O)C(=O)N[C@@H](CC(C)C)C(=O)NCC(=O)N[C@@H](Cc4ccccc4)C(=O)N[C@@H](CCSC)C(=O)N[C@@H](CCCNC(=N)N)C(=O)N[C@@H](CCCCN)C(=O)N2)NC(=O)[C@H](CSSC[C@@H](C(=O)N[C@@H](CCCCN)C(N)=O)NC(=O)[C@H](Cc2c[nH]c4ccccc24)NC(=O)[C@H](CCCCN)NC(=O)[C@H](Cc2cnc[nH]2)NC(=O)[C@H]([C@@H](C)O)NC(=O)[C@H](CCCNC(=N)N)NC(=O)[C@H](CO)NC3=O)NC(=O)[C@H](CCCCN)NC(=O)[C@H](CC(=O)O)NC(=O)[C@H](CC(N)=O)NC(=O)[C@H](CC(=O)O)NC(=O)[C@@H]2CCCN2C1=O,PubChem,,127046923,5.301029996,Train,1
QYUSDWYKDCQLGV-OGBBHCFHSA-N,CC[C@H](C)[C@@H]1NC(=O)[C@@H]2CSSC[C@@H]3NC(=O)[C@H](C(C)C)NC(=O)[C@H](CC(C)C)NC(=O)[C@H](CC(N)=O)NC(=O)[C@@H]4CCCN4C(=O)[C@H](CCCNC(=N)N)NC(=O)[C@H](CSSC[C@H](NC(=O)[C@H](CC(=O)O)NC(=O)[C@@H](N)CCC(=O)O)C(=O)N[C@@H](CC(C)C)C(=O)NCC(=O)N[C@@H](Cc4ccccc4)C(=O)N[C@@H](CCSC)C(=O)N[C@@H](CCCNC(=N)N)C(=O)N[C@@H](CCCCN)C(=O)N2)NC(=O)[C@H](CSSC[C@@H](C(=O)N[C@@H](CCCCN)C(=O)N[C@@H](Cc2ccc(O)cc2)C(=O)N[C@H](C(=O)N[C@@H](Cc2ccccc2)C(N)=O)C(C)C)NC(=O)[C@H](Cc2c[nH]c4ccccc24)NC(=O)[C@H](CCCCN)NC(=O)[C@H](Cc2cnc[nH]2)NC(=O)[C@H]([C@@H](C)O)NC(=O)[C@H](CCCNC(=N)N)NC(=O)[C@H](CO)NC3=O)NC(=O)[C@H](CCCCN)NC(=O)[C@H](CC(=O)O)NC(=O)[C@H](CC(N)=O)NC(=O)[C@H](CC(=O)O)NC(=O)[C@@H]2CCCN2C1=O,PubChem,,127047063,5.301029996,Train,1
ATTHIEMJGSSLNI-WPGXLXAISA-N,CC[C@H](C)[C@@H]1NC(=O)[C@@H]2CSSC[C@@H]3NC(=O)[C@H](C(C)C)NC(=O)[C@H](CC(C)C)NC(=O)[C@H](CC(N)=O)NC(=O)[C@@H]4CCCN4C(=O)[C@H](CCCNC(=N)N)NC(=O)[C@H](CSSC[C@H](NC(=O)[C@@H](N)CC(=O)O)C(=O)N[C@@H](CC(C)C)C(=O)NCC(=O)N[C@@H](Cc4ccccc4)C(=O)N[C@@H](CCSC)C(=O)N[C@@H](CCCNC(=N)N)C(=O)N[C@@H](CCCCN)C(=O)N2)NC(=O)[C@H](CSSC[C@@H](C(=O)N[C@@H](CCCCN)C(=O)N[C@@H](Cc2ccc(O)cc2)C(=O)N[C@H](C(=O)N[C@@H](Cc2ccccc2)C(=O)N[C@@H](CCCNC(=N)N)C(N)=O)C(C)C)NC(=O)[C@H](Cc2c[nH]c4ccccc24)NC(=O)[C@H](CCCCN)NC(=O)[C@H](Cc2cnc[nH]2)NC(=O)[C@H]([C@@H](C)O)NC(=O)[C@H](CCCNC(=N)N)NC(=O)[C@H](CO)NC3=O)NC(=O)[C@H](CCCCN)NC(=O)[C@H](CC(=O)O)NC(=O)[C@H](CC(N)=O)NC(=O)[C@H](CC(=O)O)NC(=O)[C@@H]2CCCN2C1=O,PubChem,,127047330,5.301029996,Train,1
XARMDOUOWNODSB-XVTOOIKBSA-N,CC[C@@H](C)[C@H]1NC(=O)[C@H]2CSSC[C@@H]3NC(=O)[C@@H](C(C)C)NC(=O)[C@H](CC(C)C)NC(=O)[C@H](CC(N)=O)NC(=O)[C@@H]4CCCN4C(=O)[C@H](CCCNC(=N)N)NC(=O)[C@H](CSSC[C@@H](NC(=O)[C@@H](N)CC(=O)O)C(=O)N[C@H](C)C(=O)NCC(=O)N[C@@H](Cc4ccccc4)C(=O)N[C@H](CCSC)C(=O)N[C@@H](CCCNC(=N)N)C(=O)N[C@@H](CCCCN)C(=O)N2)NC(=O)[C@@H](CSSC[C@@H](C(=O)N[C@@H](CCCCN)C(=O)N[C@@H](Cc2ccc(O)cc2)C(=O)N[C@H](C(=O)N[C@@H](Cc2ccccc2)C(N)=O)C(C)C)NC(=O)[C@@H](Cc2c[nH]c4ccccc24)NC(=O)[C@H](CCCCN)NC(=O)[C@H](Cc2cnc[nH]2)NC(=O)[C@@H]([C@H](C)O)NC(=O)[C@@H](CCCNC(=N)N)NC(=O)[C@H](CO)NC3=O)NC(=O)[C@@H](CCCCN)NC(=O)[C@H](CC(=O)O)NC(=O)[C@@H](CC(N)=O)NC(=O)[C@H](CC(=O)O)NC(=O)[C@@H]2CCCN2C1=O,PubChem,,145948711,5.301029996,Train,1
YVROFIHEQIYEOS-DSIWUQKISA-N,CC[C@H](C)[C@@H]1NC(=O)[C@@H]2CSSC[C@@H]3NC(=O)[C@H](C(C)C)NC(=O)[C@H](CC(C)C)NC(=O)[C@H](CC(N)=O)NC(=O)[C@@H]4CCCN4C(=O)[C@H](CCCNC(=N)N)NC(=O)[C@H](CSSC[C@H](NC(=O)[C@@H](N)CC(=O)O)C(=O)N[C@@H](CC(C)C)C(=O)NCC(=O)N[C@@H](Cc4ccccc4)C(=O)N[C@@H](CCC(=O)O)C(=O)N[C@@H](CCCNC(=N)N)C(=O)N[C@@H](CCCCN)C(=O)N2)NC(=O)[C@H](CSSC[C@@H](C(=O)N[C@@H](CCCCN)C(=O)N[C@@H](Cc2ccc(O)cc2)C(=O)N[C@H](C(=O)N[C@@H](Cc2ccccc2)C(N)=O)C(C)C)NC(=O)[C@H](Cc2c[nH]c4ccccc24)NC(=O)[C@H](CCCCN)NC(=O)[C@H](Cc2cnc[nH]2)NC(=O)[C@H]([C@@H](C)O)NC(=O)[C@H](CCCNC(=N)N)NC(=O)[C@H](CO)NC3=O)NC(=O)[C@H](CCCCN)NC(=O)[C@H](CC(=O)O)NC(=O)[C@H](CC(N)=O)NC(=O)[C@H](CC(=O)O)NC(=O)[C@@H]2CCCN2C1=O,PubChem,,127046770,5.301029996,Train,1
KQMXRQQDPACMRM-PVMFBFNOSA-N,CC[C@H](C)[C@@H]1NC(=O)[C@@H]2CSSC[C@@H]3NC(=O)[C@H](C(C)C)NC(=O)[C@H](CC(C)C)NC(=O)[C@H](CC(N)=O)NC(=O)[C@@H]4CCCN4C(=O)[C@H](CCCNC(N)=O)NC(=O)[C@H](CSSC[C@H](NC(=O)[C@@H](N)CC(=O)O)C(=O)N[C@@H](CC(C)C)C(=O)NCC(=O)N[C@@H](Cc4ccccc4)C(=O)N[C@@H](CCSC)C(=O)N[C@@H](CCCNC(=N)N)C(=O)N[C@@H](CCCCN)C(=O)N2)NC(=O)[C@H](CSSC[C@@H](C(=O)N[C@@H](CCCCN)C(=O)N[C@@H](Cc2ccc(O)cc2)C(=O)N[C@H](C(=O)N[C@@H](Cc2ccccc2)C(N)=O)C(C)C)NC(=O)[C@H](Cc2c[nH]c4ccccc24)NC(=O)[C@H](CCCCN)NC(=O)[C@H](Cc2cnc[nH]2)NC(=O)[C@H]([C@@H](C)O)NC(=O)[C@H](CCCNC(=N)N)NC(=O)[C@H](CO)NC3=O)NC(=O)[C@H](CCCCN)NC(=O)[C@H](CC(=O)O)NC(=O)[C@H](CC(N)=O)NC(=O)[C@H](CC(=O)O)NC(=O)[C@@H]2CCCN2C1=O,PubChem,,127048138,5.301029996,Train,1
WMSFVAOMEKKGKT-UPNGKJGNSA-N,CC[C@H](C)[C@@H]1NC(=O)[C@@H]2CSSC[C@@H]3NC(=O)[C@H](C(C)C)NC(=O)[C@H](CC(C)C)NC(=O)[C@H](CC(N)=O)NC(=O)[C@@H]4CCCN4C(=O)[C@H](CCCNC(=N)N)NC(=O)[C@H](CSSC[C@H](NC(=O)[C@@H](N)CC(=O)O)C(=O)N[C@@H](CC(C)C)C(=O)NCC(=O)N[C@@H](Cc4ccccc4)C(=O)N[C@@H](CCSC)C(=O)N[C@@H](CCCNC(=N)N)C(=O)N[C@@H](CCCCN)C(=O)N2)NC(=O)[C@@H](CSSC[C@@H](C(=O)N[C@@H](CCCCN)C(=O)N[C@@H](Cc2ccc(O)cc2)C(=O)N[C@H](C(=O)N[C@@H](Cc2ccccc2)C(N)=O)C(C)C)NC(=O)[C@H](Cc2c[nH]c4ccccc24)NC(=O)[C@H](CCCCN)NC(=O)[C@H](Cc2cnc[nH]2)NC(=O)[C@H]([C@@H](C)O)NC(=O)[C@H](CCC(=O)O)NC(=O)[C@H](CO)NC3=O)NC(=O)[C@H](CCCCN)NC(=O)[C@H](CC(=O)O)NC(=O)[C@H](CC(N)=O)NC(=O)[C@H](CC(=O)O)NC(=O)[C@@H]2CCCN2C1=O,PubChem,,127047476,5.301029996,Train,1
OFNFJDKVPLVJEB-PHGCRLBGSA-N,CC[C@H](C)[C@@H]1NC(=O)[C@@H]2CSSC[C@@H]3NC(=O)[C@H](C(C)C)NC(=O)[C@H](CC(C)C)NC(=O)[C@H](CC(N)=O)NC(=O)[C@@H]4CCCN4C(=O)[C@H](CCCNC(=N)N)NC(=O)[C@H](CSSC[C@H](NC(=O)[C@@H](N)CC(=O)O)C(=O)N[C@@H](CC(C)C)C(=O)NCC(=O)N[C@@H](Cc4ccccc4)C(=O)N[C@@H](CCSC)C(=O)N[C@@H](CCCNC(=N)N)C(=O)N[C@@H](CCCCN)C(=O)N2)NC(=O)[C@H](CSSC[C@@H](C(=O)N[C@@H](CCCCN)C(=O)N[C@@H](Cc2ccc(O)cc2)C(=O)N[C@H](C(=O)N[C@@H](Cc2ccccc2)C(N)=O)C(C)C)NC(=O)[C@H](Cc2c[nH]c4ccccc24)NC(=O)[C@H](CCCCN)NC(=O)[C@H](Cc2cnc[nH]2)NC(=O)[C@H]([C@@H](C)O)NC(=O)[C@H](CCCNC(=N)N)NC(=O)[C@H](CO)NC3=O)NC(=O)[C@H](CCCCN)NC(=O)[C@H](CC(=O)O)NC(=O)[C@H](CCC(=O)O)NC(=O)[C@H](CC(=O)O)NC(=O)[C@@H]2CCCN2C1=O,PubChem,,127047487,5.301029996,Train,1
UOJZYYJBMQPDCW-TYJAQSAPSA-N,CC[C@H](C)[C@@H]1NC(=O)[C@@H]2CSSC[C@@H]3NC(=O)[C@H](C(C)C)NC(=O)[C@H](CC(C)C)NC(=O)[C@H](CC(N)=O)NC(=O)[C@@H]4CCCN4C(=O)[C@H](CCCNC(=N)N)NC(=O)[C@H](CSSC[C@H](NC(=O)[C@@H](N)CC(=O)O)C(=O)N[C@@H](CC(C)C)C(=O)NCC(=O)N[C@@H](Cc4ccccc4)C(=O)N[C@@H](CCSC)C(=O)N[C@@H](CCCNC(=N)N)C(=O)N[C@@H](CCCCN)C(=O)N2)NC(=O)[C@H](CSSC[C@@H](C(=O)N[C@@H](CCCCN)C(=O)N[C@@H](Cc2ccc(O)cc2)C(=O)N[C@H](C(=O)N[C@@H](Cc2ccccc2)C(N)=O)C(C)C)NC(=O)[C@H](Cc2c[nH]c4ccccc24)NC(=O)[C@H](CCCCN)NC(=O)[C@H](Cc2cnc[nH]2)NC(=O)[C@H]([C@@H](C)O)NC(=O)[C@H](CCCNC(=N)N)NC(=O)[C@H](CO)NC3=O)NC(=O)[C@H](CCCCN)NC(=O)[C@H](CC(=O)O)NC(=O)[C@H](CCCNC(=N)N)NC(=O)[C@H](CC(=O)O)NC(=O)[C@@H]2CCCN2C1=O,PubChem,,127047757,5.301029996,Train,1
JQEJBJDNTGOPMJ-TYJAQSAPSA-N,CC[C@H](C)[C@@H]1NC(=O)[C@@H]2CSSC[C@@H]3NC(=O)[C@H](C(C)C)NC(=O)[C@H](CC(C)C)NC(=O)[C@H](CCCNC(=N)N)NC(=O)[C@@H]4CCCN4C(=O)[C@H](CCCNC(=N)N)NC(=O)[C@H](CSSC[C@H](NC(=O)[C@@H](N)CC(=O)O)C(=O)N[C@@H](CC(C)C)C(=O)NCC(=O)N[C@@H](Cc4ccccc4)C(=O)N[C@@H](CCSC)C(=O)N[C@@H](CCCNC(=N)N)C(=O)N[C@@H](CCCCN)C(=O)N2)NC(=O)[C@H](CSSC[C@@H](C(=O)N[C@@H](CCCCN)C(=O)N[C@@H](Cc2ccc(O)cc2)C(=O)N[C@H](C(=O)N[C@@H](Cc2ccccc2)C(N)=O)C(C)C)NC(=O)[C@H](Cc2c[nH]c4ccccc24)NC(=O)[C@H](CCCCN)NC(=O)[C@H](Cc2cnc[nH]2)NC(=O)[C@H]([C@@H](C)O)NC(=O)[C@H](CCCNC(=N)N)NC(=O)[C@H](CO)NC3=O)NC(=O)[C@H](CCCCN)NC(=O)[C@H](CC(=O)O)NC(=O)[C@H](CC(N)=O)NC(=O)[C@H](CC(=O)O)NC(=O)[C@@H]2CCCN2C1=O,PubChem,,127047333,5.301029996,Train,1
QMYZADXTQMQXQG-WQEBPMPLSA-N,CSCC[C@@H]1NC(=O)[C@H](Cc2ccccc2)NC(=O)CNC(=O)[C@H](CC(C)C)NC(=O)[C@@H](NC(=O)[C@@H](N)CC(=O)O)CSSC[C@@H]2NC(=O)[C@@H]3CSSC[C@@H](C(=O)N[C@@H](CCCCN)C(=O)N[C@@H](Cc4ccc(O)cc4)C(=O)N[C@H](C(=O)N[C@@H](Cc4ccccc4)C(N)=O)C(C)C)NC(=O)[C@H](Cc4c[nH]c5ccccc45)NC(=O)[C@H](CCCCN)NC(=O)[C@H](Cc4cnc[nH]4)NC(=O)[C@H]([C@@H](C)O)NC(=O)[C@H](CCCNC(=N)N)NC(=O)[C@H](CO)NC(=O)[C@H](CSSC[C@H](NC(=O)[C@H](CCCCN)NC(=O)[C@H](CCCNC(=N)N)NC1=O)C(=O)N[C@@H](C(C)C)C(=O)N1CCC[C@H]1C(=O)N[C@@H](CC(=O)O)C(=O)N[C@@H](CC(N)=O)C(=O)N[C@@H](CC(=O)O)C(=O)N[C@@H](CCCCN)C(=O)N3)NC(=O)[C@H](C(C)C)NC(=O)[C@H](CC(C)C)NC(=O)[C@H](CC(N)=O)NC(=O)[C@@H]1CCCN1C(=O)[C@H](CCCNC(=N)N)NC2=O,PubChem,,127047469,5.301029996,Train,1
MWWHQUCOFXWXMF-DEFNPPBPSA-N,CC[C@H](C)[C@@H]1NC(=O)[C@@H]2CSSC[C@@H]3NC(=O)[C@H](C(C)C)NC(=O)[C@H](CC(C)C)NC(=O)[C@H](CC(N)=O)NC(=O)[C@@H]4CCCN4C(=O)[C@H](CCCNC(=N)N)NC(=O)[C@H](CSSC[C@H](NC(=O)[C@@H](N)CC(=O)O)C(=O)N[C@@H](CC(C)C)C(=O)NCC(=O)N[C@@H](Cc4ccccc4)C(=O)N[C@@H](CCSC)C(=O)N[C@@H](CCCNC(=N)N)C(=O)N[C@@H](CCCCN)C(=O)N2)NC(=O)[C@H](CSSC[C@@H](C(=O)N[C@@H](CCCCN)C(=O)N[C@@H](Cc2ccc(O)cc2)C(=O)N[C@H](C(=O)N[C@@H](Cc2ccccc2)C(N)=O)C(C)C)NC(=O)[C@H](Cc2c[nH]c4ccccc24)NC(=O)[C@H](CCCCN)NC(=O)[C@H](CCC(=O)O)NC(=O)[C@H]([C@@H](C)O)NC(=O)[C@H](CCCNC(=N)N)NC(=O)[C@H](CO)NC3=O)NC(=O)[C@H](CCCCN)NC(=O)[C@H](CC(=O)O)NC(=O)[C@H](CC(N)=O)NC(=O)[C@H](CC(=O)O)NC(=O)[C@@H]2CCCN2C1=O,PubChem,,127047068,5.301029996,Train,1
WNNMUDVPSLVEAV-MIVUJJEESA-N,CSCC[C@@H]1NC(=O)[C@H](Cc2ccccc2)NC(=O)CNC(=O)[C@H](CC(C)C)NC(=O)[C@@H](NC(=O)[C@@H](N)CC(=O)O)CSSC[C@@H]2NC(=O)[C@@H]3CSSC[C@@H](C(=O)N[C@@H](CCCCN)C(=O)N[C@@H](Cc4ccc(O)cc4)C(=O)N[C@H](C(=O)N[C@@H](Cc4ccccc4)C(N)=O)C(C)C)NC(=O)[C@H](Cc4c[nH]c5ccccc45)NC(=O)[C@H](CCCCN)NC(=O)[C@H](Cc4cnc[nH]4)NC(=O)[C@H]([C@@H](C)O)NC(=O)[C@H](CCCNC(=N)N)NC(=O)[C@H](CO)NC(=O)[C@H](CSSC[C@H](NC(=O)[C@H](CCCCN)NC(=O)[C@H](CCCNC(=N)N)NC1=O)C(=O)N[C@@H](CCC(=O)O)C(=O)N1CCC[C@H]1C(=O)N[C@@H](CC(=O)O)C(=O)N[C@@H](CC(N)=O)C(=O)N[C@@H](CC(=O)O)C(=O)N[C@@H](CCCCN)C(=O)N3)NC(=O)[C@H](C(C)C)NC(=O)[C@H](CC(C)C)NC(=O)[C@H](CC(N)=O)NC(=O)[C@@H]1CCCN1C(=O)[C@H](CCCNC(=N)N)NC2=O,PubChem,,127047323,5.301029996,Validation,1
IMQQVRXQPMXLCR-RXVBLHJWSA-N,CC[C@H](C)[C@@H]1NC(=O)[C@@H]2CSSC[C@@H]3NC(=O)[C@H](C(C)C)NC(=O)[C@H](CC(C)C)NC(=O)[C@H](CC(N)=O)NC(=O)[C@@H]4CCCN4C(=O)[C@H](CCCNC(=N)N)NC(=O)[C@H](CSSC[C@H](NC(=O)[C@@H](N)CC(=O)O)C(=O)N[C@@H](CC(C)C)C(=O)NCC(=O)N[C@@H](Cc4ccccc4)C(=O)N[C@@H](CCSC)C(=O)N[C@@H](CCCNC(=N)N)C(=O)N[C@@H](CCCCN)C(=O)N2)NC(=O)[C@H](CSSC[C@@H](C(=O)N[C@@H](CCCCN)C(=O)N[C@@H](Cc2ccc(O)cc2)C(=O)N[C@H](C(=O)N[C@@H](Cc2ccccc2)C(N)=O)C(C)C)NC(=O)[C@H](Cc2c[nH]c4ccccc24)NC(=O)[C@H](CCCCN)NC(=O)[C@H](Cc2cnc[nH]2)NC(=O)[C@H]([C@@H](C)O)NC(=O)[C@H](CCCNC(=N)N)NC(=O)[C@H](CO)NC3=O)NC(=O)[C@H](CCCCN)NC(=O)[C@H](CC(=O)O)NC(=O)[C@H](Cc2c[nH]c3ccccc23)NC(=O)[C@H](CC(=O)O)NC(=O)[C@@H]2CCCN2C1=O,PubChem,,127046420,5.301029996,Train,1
YFRDMCXBZDPRIB-FXKQBWBBSA-N,CC[C@H](C)[C@@H]1NC(=O)[C@@H]2CSSC[C@@H]3NC(=O)[C@H](C(C)C)NC(=O)[C@H](CC(C)C)NC(=O)[C@H](CC(N)=O)NC(=O)[C@@H]4CCCN4C(=O)[C@H](CCCNC(=N)N)NC(=O)[C@H](CSSC[C@H](NC(=O)[C@@H](N)CC(=O)O)C(=O)N[C@@H](CCCNC(=N)N)C(=O)NCC(=O)N[C@@H](Cc4ccccc4)C(=O)N[C@@H](CCSC)C(=O)N[C@@H](CCCNC(=N)N)C(=O)N[C@@H](CCCCN)C(=O)N2)NC(=O)[C@H](CSSC[C@@H](C(=O)N[C@@H](CCCCN)C(=O)N[C@@H](Cc2ccc(O)cc2)C(=O)N[C@H](C(=O)N[C@@H](Cc2ccccc2)C(N)=O)C(C)C)NC(=O)[C@H](Cc2c[nH]c4ccccc24)NC(=O)[C@H](CCCCN)NC(=O)[C@H](Cc2cnc[nH]2)NC(=O)[C@H]([C@@H](C)O)NC(=O)[C@H](CCCNC(=N)N)NC(=O)[C@H](CO)NC3=O)NC(=O)[C@H](CCCCN)NC(=O)[C@H](CC(=O)O)NC(=O)[C@H](CC(N)=O)NC(=O)[C@H](CC(=O)O)NC(=O)[C@@H]2CCCN2C1=O,PubChem,,127046424,5.301029996,Train,1
OUBLGDYCWSVYKT-OUGHOVJPSA-N,CC[C@H](C)[C@@H]1NC(=O)[C@@H]2CSSC[C@@H]3NC(=O)[C@H](C(C)C)NC(=O)[C@H](CC(C)C)NC(=O)[C@H](CC(N)=O)NC(=O)[C@@H]4CCCN4C(=O)[C@H](CCCNC(=N)N)NC(=O)[C@H](CSSC[C@H](NC(=O)[C@@H](N)CC(=O)O)C(=O)N[C@@H](CC(C)C)C(=O)NCC(=O)N[C@@H](Cc4ccccc4)C(=O)N[C@@H](CCSC)C(=O)N[C@@H](CCCNC(=N)N)C(=O)N[C@@H](CCCCN)C(=O)N2)NC(=O)[C@H](CSSC[C@@H](C(=O)N[C@@H](CCCCN)C(=O)N[C@@H](Cc2ccc(O)cc2)C(=O)N[C@H](C(=O)N[C@@H](CCC(=O)O)C(N)=O)C(C)C)NC(=O)[C@H](Cc2c[nH]c4ccccc24)NC(=O)[C@H](CCCCN)NC(=O)[C@H](Cc2cnc[nH]2)NC(=O)[C@H]([C@@H](C)O)NC(=O)[C@H](CCCNC(=N)N)NC(=O)[C@H](CO)NC3=O)NC(=O)[C@H](CCCCN)NC(=O)[C@H](CC(=O)O)NC(=O)[C@H](CC(N)=O)NC(=O)[C@H](CC(=O)O)NC(=O)[C@@H]2CCCN2C1=O,PubChem,,127046433,5.301029996,Train,1
IKDNIKGLNOCRPB-PVMFBFNOSA-N,CC[C@H](C)[C@@H]1NC(=O)[C@@H]2CSSC[C@@H]3NC(=O)[C@H](C(C)C)NC(=O)[C@H](CC(C)C)NC(=O)[C@H](CC(N)=O)NC(=O)[C@H](CCCNC(=N)N)NC(=O)[C@H](CCCNC(=N)N)NC(=O)[C@H](CSSC[C@H](NC(=O)[C@@H](N)CC(=O)O)C(=O)N[C@@H](CC(C)C)C(=O)NCC(=O)N[C@@H](Cc4ccccc4)C(=O)N[C@@H](CCSC)C(=O)N[C@@H](CCCNC(=N)N)C(=O)N[C@@H](CCCCN)C(=O)N2)NC(=O)[C@H](CSSC[C@@H](C(=O)N[C@@H](CCCCN)C(=O)N[C@@H](Cc2ccc(O)cc2)C(=O)N[C@H](C(=O)N[C@@H](Cc2ccccc2)C(N)=O)C(C)C)NC(=O)[C@H](Cc2c[nH]c4ccccc24)NC(=O)[C@H](CCCCN)NC(=O)[C@H](Cc2cnc[nH]2)NC(=O)[C@H]([C@@H](C)O)NC(=O)[C@H](CCCNC(=N)N)NC(=O)[C@H](CO)NC3=O)NC(=O)[C@H](CCCCN)NC(=O)[C@H](CC(=O)O)NC(=O)[C@H](CC(N)=O)NC(=O)[C@H](CC(=O)O)NC(=O)[C@@H]2CCCN2C1=O,PubChem,,127046259,5.301029996,Validation,1
CTMJWXQTXSFYRF-GODGPPIMSA-N,CC[C@H](C)[C@@H]1NC(=O)[C@@H]2CSSC[C@@H]3NC(=O)[C@H](C(C)C)NC(=O)[C@H](CC(C)C)NC(=O)[C@H](CC(N)=O)NC(=O)[C@@H]4CCCN4C(=O)[C@H](CCCNC(=N)N)NC(=O)[C@H](CSSC[C@H](NC(=O)[C@@H](N)CC(=O)O)C(=O)N[C@@H](CC(C)C)C(=O)NCC(=O)N[C@@H](Cc4ccccc4)C(=O)N[C@@H](CCSC)C(=O)N[C@@H](CCCNC(=N)N)C(=O)N[C@@H](CCCCN)C(=O)N2)NC(=O)[C@H](CSSC[C@@H](C(=O)N[C@@H](CCCCN)C(=O)N[C@@H](Cc2ccc(O)cc2)C(=O)N[C@H](C(=O)N[C@@H](Cc2ccccc2)C(N)=O)C(C)C)NC(=O)[C@H](Cc2c[nH]c4ccccc24)NC(=O)[C@H](CCCCN)NC(=O)[C@H](Cc2cnc[nH]2)NC(=O)[C@H]([C@@H](C)O)NC(=O)[C@H](CCCNC(=N)N)NC(=O)[C@H](CO)NC3=O)NC(=O)[C@H](C)NC(=O)[C@H](CC(=O)O)NC(=O)[C@H](CC(N)=O)NC(=O)[C@H](CC(=O)O)NC(=O)[C@@H]2CCCN2C1=O,PubChem,,118734445,5.301029996,Validation,1
BHZZGFIUOTVMOR-XXWVQHFSSA-N,CC[C@H](C)[C@@H]1NC(=O)[C@@H]2CSSC[C@@H]3NC(=O)[C@H](C(C)C)NC(=O)[C@H](CC(C)C)NC(=O)[C@H](CC(N)=O)NC(=O)[C@@H]4CCCN4C(=O)[C@H](CCCNC(=N)N)NC(=O)[C@H](CSSC[C@H](NC(=O)[C@@H](N)CC(=O)O)C(=O)N[C@@H](CC(C)C)C(=O)NCC(=O)N[C@@H](Cc4ccccc4)C(=O)N[C@@H](CCSC)C(=O)N[C@@H](CCCNC(=N)N)C(=O)N[C@@H](CCCCN)C(=O)N2)NC(=O)[C@H](CSSC[C@@H](C(=O)N[C@@H](CCCCN)C(=O)N[C@@H](Cc2ccc(O)cc2)C(=O)N[C@H](C(=O)N[C@@H](C)C(N)=O)C(C)C)NC(=O)[C@H](Cc2c[nH]c4ccccc24)NC(=O)[C@H](CCCCN)NC(=O)[C@H](Cc2cnc[nH]2)NC(=O)[C@H]([C@@H](C)O)NC(=O)[C@H](CCCNC(=N)N)NC(=O)[C@H](CO)NC3=O)NC(=O)[C@H](CCCCN)NC(=O)[C@H](CC(=O)O)NC(=O)[C@H](CC(N)=O)NC(=O)[C@H](CC(=O)O)NC(=O)[C@@H]2CCCN2C1=O,PubChem,,118734460,5.301029996,Train,1
IXXSLXXUOAYZEZ-CYKKEKOVSA-N,CC[C@H](C)[C@@H]1NC(=O)[C@@H]2CSSC[C@@H]3NC(=O)[C@H](C(C)C)NC(=O)[C@H](CC(C)C)NC(=O)[C@H](CC(N)=O)NC(=O)[C@@H]4CCCN4C(=O)[C@H](CCCNC(=N)N)NC(=O)[C@H](CSSC[C@H](NC(=O)[C@@H](N)CC(=O)O)C(=O)N[C@@H](CC(C)C)C(=O)NCC(=O)N[C@@H](Cc4ccccc4)C(=O)N[C@@H](CCSC)C(=O)N[C@@H](CCCNC(=N)N)C(=O)N[C@@H](CCCCN)C(=O)N2)NC(=O)[C@H](CSSC[C@@H](C(=O)N[C@@H](CCCCN)C(=O)N[C@@H](Cc2ccc(O)cc2)C(=O)N[C@@H](Cc2c[nH]c4ccccc24)C(=O)N[C@@H](Cc2ccccc2)C(N)=O)NC(=O)[C@H](Cc2c[nH]c4ccccc24)NC(=O)[C@H](CCCCN)NC(=O)[C@H](Cc2c[nH]cn2)NC(=O)[C@H]([C@@H](C)O)NC(=O)[C@H](CCCNC(=N)N)NC(=O)[C@H](CO)NC3=O)NC(=O)[C@H](CCCCN)NC(=O)[C@H](CC(=O)O)NC(=O)[C@H](CC(N)=O)NC(=O)[C@H](CC(=O)O)NC(=O)[C@@H]2CCCN2C1=O,PubChem,,127046425,5.301029996,Train,1
UATYEIQOOVLJBK-IXZYVUGMSA-N,CC[C@H](C)[C@@H]1NC(=O)[C@@H]2CSSC[C@@H]3NC(=O)[C@H](C(C)C)NC(=O)[C@H](CC(C)C)NC(=O)[C@H](CC(N)=O)NC(=O)[C@@H]4CCCN4C(=O)[C@H](CCCNC(=N)N)NC(=O)[C@H](CSSC[C@H](NC(=O)[C@@H](N)Cc4cccc5ccccc45)C(=O)N[C@@H](CC(C)C)C(=O)NCC(=O)N[C@@H](Cc4ccccc4)C(=O)N[C@@H](CCSC)C(=O)N[C@@H](CCCNC(=N)N)C(=O)N[C@@H](CCCCN)C(=O)N2)NC(=O)[C@H](CSSC[C@@H](C(=O)N[C@@H](CCCCN)C(=O)N[C@@H](Cc2ccc(O)cc2)C(=O)N[C@H](C(=O)N[C@@H](Cc2ccccc2)C(N)=O)C(C)C)NC(=O)[C@H](Cc2c[nH]c4ccccc24)NC(=O)[C@H](CCCCN)NC(=O)[C@H](Cc2c[nH]cn2)NC(=O)[C@H]([C@@H](C)O)NC(=O)[C@H](CCCNC(=N)N)NC(=O)[C@H](CO)NC3=O)NC(=O)[C@H](CCCCN)NC(=O)[C@H](CC(=O)O)NC(=O)[C@H](CC(N)=O)NC(=O)[C@H](CC(=O)O)NC(=O)[C@@H]2CCCN2C1=O,PubChem,,127046429,5.301029996,Train,1
BHRVXBWEBPNQQD-AECBDVINSA-N,CC[C@H](C)[C@@H]1NC(=O)[C@@H]2CSSC[C@@H]3NC(=O)[C@H](C(C)C)NC(=O)[C@H](CC(C)C)NC(=O)[C@H](CC(N)=O)NC(=O)[C@@H]4CCCN4C(=O)[C@H](CCCNC(=N)N)NC(=O)[C@H](CSSC[C@H](NC(=O)[C@@H](N)CC(=O)O)C(=O)N[C@@H](CC(C)C)C(=O)NCC(=O)N[C@@H](Cc4ccccc4)C(=O)N[C@@H](CCSC)C(=O)N[C@@H](CCCNC(=N)N)C(=O)N[C@@H](CCCCN)C(=O)N2)NC(=O)[C@H](CSSC[C@@H](C(=O)N[C@@H](CCCCN)C(=O)N[C@@H](CCC(=O)O)C(=O)N[C@H](C(=O)N[C@@H](Cc2ccccc2)C(N)=O)C(C)C)NC(=O)[C@H](Cc2c[nH]c4ccccc24)NC(=O)[C@H](CCCCN)NC(=O)[C@H](Cc2cnc[nH]2)NC(=O)[C@H]([C@@H](C)O)NC(=O)[C@H](CCCNC(=N)N)NC(=O)[C@H](CO)NC3=O)NC(=O)[C@H](CCCCN)NC(=O)[C@H](CC(=O)O)NC(=O)[C@H](CC(N)=O)NC(=O)[C@H](CC(=O)O)NC(=O)[C@@H]2CCCN2C1=O,PubChem,,127046583,5.301029996,Train,1
FOXHBDLHQXLGGN-LSWKWRIQSA-N,CC[C@H](C)[C@@H]1NC(=O)[C@@H]2CSSC[C@@H]3NC(=O)[C@H](C(C)C)NC(=O)[C@H](CC(C)C)NC(=O)[C@H](CC(N)=O)NC(=O)[C@@H]4CCCN4C(=O)[C@H](CCCNC(=N)N)NC(=O)[C@H](CSSC[C@H](NC(=O)[C@@H](N)CC(=O)O)C(=O)N[C@@H](CC(C)C)C(=O)NCC(=O)N[C@@H](Cc4ccccc4)C(=O)N[C@@H](CCSC)C(=O)N[C@@H](CCCNC(=N)N)C(=O)N[C@@H](CCCCN)C(=O)N2)NC(=O)[C@H](CSSC[C@@H](C(=O)N[C@@H](CCCCN)C(=O)N[C@@H](Cc2ccc(O)cc2)C(=O)N[C@H](C(=O)N[C@@H](Cc2ccccc2)C(N)=O)C(C)C)NC(=O)[C@H](Cc2c[nH]c4ccccc24)NC(=O)[C@H](CCCCN)NC(=O)[C@H](Cc2cnc[nH]2)NC(=O)[C@H]([C@@H](C)O)NC(=O)[C@H](CCCNC(=N)N)NC(=O)[C@H](CO)NC3=O)NC(=O)[C@H](CCCCN)NC(=O)[C@H](CC(=O)O)NC(=O)[C@H](CC(N)=O)NC(=O)[C@H](C)NC(=O)[C@@H]2CCCN2C1=O,PubChem,,118734443,5.301029996,Train,1
QRNSMWNGRGMRRH-ZOJDNTKOSA-N,CC[C@H](C)[C@@H]1NC(=O)[C@@H]2CSSC[C@@H]3NC(=O)[C@H](C(C)C)NC(=O)[C@H](CC(C)C)NC(=O)[C@H](CC(N)=O)NC(=O)[C@@H]4CCCN4C(=O)[C@H](CCCNC(=N)N)NC(=O)[C@H](CSSC[C@H](NC(=O)[C@@H](N)CC(=O)O)C(=O)N[C@@H](CC(C)C)C(=O)NCC(=O)N[C@@H](Cc4ccccc4)C(=O)N[C@@H](CCSC)C(=O)N[C@@H](CCCNC(=N)N)C(=O)N[C@@H](CCCCN)C(=O)N2)NC(=O)[C@H](CSSC[C@@H](C(=O)N[C@@H](Cc2c[nH]c4ccccc24)C(=O)N[C@@H](Cc2ccc(O)cc2)C(=O)N[C@H](C(=O)N[C@@H](Cc2ccccc2)C(N)=O)C(C)C)NC(=O)[C@H](Cc2c[nH]c4ccccc24)NC(=O)[C@H](CCCCN)NC(=O)[C@H](Cc2c[nH]cn2)NC(=O)[C@H]([C@@H](C)O)NC(=O)[C@H](CCCNC(=N)N)NC(=O)[C@H](CO)NC3=O)NC(=O)[C@H](CCCCN)NC(=O)[C@H](CC(=O)O)NC(=O)[C@H](CC(N)=O)NC(=O)[C@H](CC(=O)O)NC(=O)[C@@H]2CCCN2C1=O,PubChem,,127046025,5.301029996,Train,1
BETFEHHPEATPLJ-KBJZMBIFSA-N,CC[C@H](C)[C@@H]1NC(=O)[C@@H]2CSSC[C@@H]3NC(=O)[C@H](C(C)C)NC(=O)[C@H](CC(C)C)NC(=O)[C@H](CC(N)=O)NC(=O)[C@@H]4CCCN4C(=O)[C@H](CCCNC(=N)N)NC(=O)[C@H](CSSC[C@H](NC(=O)[C@H](C)N)C(=O)N[C@@H](CC(C)C)C(=O)NCC(=O)N[C@@H](Cc4ccccc4)C(=O)N[C@@H](CCSC)C(=O)N[C@@H](CCCNC(=N)N)C(=O)N[C@@H](CCCCN)C(=O)N2)NC(=O)[C@H](CSSC[C@@H](C(=O)N[C@@H](CCCCN)C(=O)N[C@@H](Cc2ccc(O)cc2)C(=O)N[C@H](C(=O)N[C@@H](Cc2ccccc2)C(N)=O)C(C)C)NC(=O)[C@H](Cc2c[nH]c4ccccc24)NC(=O)[C@H](CCCCN)NC(=O)[C@H](Cc2cnc[nH]2)NC(=O)[C@H]([C@@H](C)O)NC(=O)[C@H](CCCNC(=N)N)NC(=O)[C@H](CO)NC3=O)NC(=O)[C@H](CCCCN)NC(=O)[C@H](CC(=O)O)NC(=O)[C@H](CC(N)=O)NC(=O)[C@H](CC(=O)O)NC(=O)[C@@H]2CCCN2C1=O,PubChem,,118734434,5.301029996,Train,1
YGBKXTZJVQTBHB-CHOVULSUSA-N,CC[C@H](C)[C@@H]1NC(=O)[C@@H]2CSSC[C@@H]3NC(=O)[C@H](C(C)C)NC(=O)[C@H](CC(C)C)NC(=O)[C@H](CC(N)=O)NC(=O)[C@@H]4CCCN4C(=O)[C@H](CCCNC(=N)N)NC(=O)[C@H](CSSC[C@H](NC(=O)[C@@H](N)CC(=O)O)C(=O)N[C@@H](CC(C)C)C(=O)NCC(=O)N[C@@H](Cc4ccccc4)C(=O)N[C@@H](CCSC)C(=O)N[C@@H](CCCNC(=N)N)C(=O)N[C@@H](CCCCN)C(=O)N2)NC(=O)[C@@H](CSSC[C@@H](C(=O)N[C@@H](CCCCN)C(=O)N[C@@H](Cc2ccc(O)cc2)C(=O)N[C@H](C(=O)N[C@@H](Cc2ccccc2)C(N)=O)C(C)C)NC(=O)[C@H](Cc2c[nH]c4ccccc24)NC(=O)[C@H](CCCCN)NC(=O)[C@H](Cc2cnc[nH]2)NC(=O)[C@H]([C@@H](C)O)NC(=O)[C@H](CCCNC(=N)N)NC(=O)[C@H](CO)NC3=O)NC(=O)[C@H](CCC(=O)O)NC(=O)[C@H](CC(=O)O)NC(=O)[C@H](CC(N)=O)NC(=O)[C@H](CC(=O)O)NC(=O)[C@@H]2CCCN2C1=O,PubChem,,127045825,5.301029996,Train,1
OHXHNDYXJIQSLJ-DSIWUQKISA-N,CC[C@H](C)[C@@H]1NC(=O)[C@@H]2CSSC[C@@H]3NC(=O)[C@H](C(C)C)NC(=O)[C@H](CC(C)C)NC(=O)[C@H](CC(N)=O)NC(=O)[C@@H]4CCCN4C(=O)[C@H](CCCNC(=N)N)NC(=O)[C@H](CSSC[C@H](NC(=O)[C@@H](N)CC(=O)O)C(=O)N[C@@H](CC(C)C)C(=O)NCC(=O)N[C@@H](Cc4ccccc4)C(=O)N[C@@H](CCSC)C(=O)N[C@@H](CCC(=O)O)C(=O)N[C@@H](CCCCN)C(=O)N2)NC(=O)[C@H](CSSC[C@@H](C(=O)N[C@@H](CCCCN)C(=O)N[C@@H](Cc2ccc(O)cc2)C(=O)N[C@H](C(=O)N[C@@H](Cc2ccccc2)C(N)=O)C(C)C)NC(=O)[C@H](Cc2c[nH]c4ccccc24)NC(=O)[C@H](CCCCN)NC(=O)[C@H](Cc2cnc[nH]2)NC(=O)[C@H]([C@@H](C)O)NC(=O)[C@H](CCCNC(=N)N)NC(=O)[C@H](CO)NC3=O)NC(=O)[C@H](CCCCN)NC(=O)[C@H](CC(=O)O)NC(=O)[C@H](CC(N)=O)NC(=O)[C@H](CC(=O)O)NC(=O)[C@@H]2CCCN2C1=O,PubChem,,127046231,5.301029996,Train,1
XSDFMPFYIVEUAO-UHFFFAOYSA-N,Cc1ncc(-c2ccccc2CCNC(=O)c2ccc(OCCC(F)(F)F)nc2)cn1,ChEMBL,CHEMBL2147214,,5.300000202,Train,1
NPIKEZWFBYZTMG-KRWDZBQOSA-N,CN1CCN(c2cccc3c2C[C@H](NC(=O)c2ccc(OCCC(F)(F)F)nc2)CO3)CC1,ChEMBL,CHEMBL2069402,,5.300000202,Train,1
MKVIWRSKGWYSJK-UHFFFAOYSA-N,COc1ncc(-c2cccc(Cl)c2CCNC(=O)c2ccc(OCCC(F)(F)F)nc2)cn1,ChEMBL,CHEMBL2147223,,5.300000202,Validation,1
WHKCHEYISYPOKV-INIZCTEOSA-N,Cc1ncc(-c2cccc3c2C[C@H](NC(=O)c2ccc(OCC(F)(F)F)nc2)CO3)cn1,ChEMBL,CHEMBL2069424,,5.300000202,Train,1
ZFXRHMDWEZEBTB-IBGZPJMESA-N,Cc1cc(-c2cccc3c2C[C@H](NC(=O)c2ccc(OCCOCC(F)(F)F)nc2)CO3)cnc1CO,PubChem,,70695046,5.300000202,Train,1
WHEVXUDXFKTGQS-SFHVURJKSA-N,Cc1nn(-c2ccccc2)nc1C(=O)N[C@@H]1COc2cccc(N3CCN(C)CC3)c2C1,PubChem,,25056788,5.300000202,Train,1
JLXLGAWMGQDXPH-INIZCTEOSA-N,CN1CCN(c2cccc3c2C[C@H](NC(=O)c2ccc(OCC(F)(F)F)nc2)CO3)CC1,PubChem,,70690866,5.300000202,Train,1
KBVZVELFNIGUIP-UHFFFAOYSA-N,Cc1cnn2ccc(-c3ccc(OC(F)(F)F)cc3)nc12,PubChem,,127044562,5.296536658,Train,1
MYSWDWTYUYBQPI-UHFFFAOYSA-N,COc1ccc(C(F)(F)F)cc1N1CCOc2cc(S(=O)(=O)Nc3nccs3)ccc21,ChEMBL,CHEMBL3927096,,5.295849483,Validation,1
LUJWSORPNUIQGG-UHFFFAOYSA-N,N#Cc1cc(N2CCOc3cc(S(=O)(=O)Nc4nccs4)ccc32)ccc1F,ChEMBL,CHEMBL3944898,,5.294136288,Train,1
CSKBUSCMROLBGJ-UHFFFAOYSA-N,Cc1cc(C(F)(F)F)ccc1-c1cccc2cc(S(=O)(=O)Nc3ncns3)ccc12,ChEMBL,CHEMBL3682622,,5.293709043,Train,1
XQNPGEXHLFHSFB-UHFFFAOYSA-N,O=S(=O)(Nc1nccs1)c1cc(Cl)c(NCC2(CN3CCCC3)CC2)cc1F,ChEMBL,CHEMBL4092078,,5.292429824,Validation,1
RUOURBQWRICTBV-UHFFFAOYSA-N,CC(C)COc1ncc(-c2cn(C)c3cc(C(=O)NS(=O)(=O)C4CC4)c(F)cc23)cc1Cl,ChEMBL,CHEMBL4447807,,5.292429824,Validation,1
OHLMDPKLAJGXPT-UHFFFAOYSA-N,CC(C)COc1ncc(-c2c(F)cc(C(=O)NS(C)(=O)=O)cc2F)cc1Cl,ChEMBL,CHEMBL4470095,,5.283996656,Validation,1
OCGIYHGXHMLCPX-UKRRQHHQSA-N,O=S(=O)(Nc1ncns1)c1cc(F)c(OC[C@H]2CNCC[C@@H]2c2ccc(Cl)cc2)cc1F,ChEMBL,CHEMBL3325526,,5.283996656,Train,1
NNRBEHWLAFGHPH-UHFFFAOYSA-N,O=C(c1ccccc1)c1ccccc1OCC(O)CN1CCC(N2C(=O)COc3ccccc32)CC1,PubChem,,122196013,5.283996656,Train,1
XZCRAVKAEMKHRX-UHFFFAOYSA-N,Cc1cc(OC(F)F)cnc1N1CCOc2cc(S(=O)(=O)Nc3nccs3)ccc21,ChEMBL,CHEMBL3978706,,5.282329497,Train,1
TXCVJBLHIKCNRG-UHFFFAOYSA-N,CS(=O)(=O)NC(=O)c1cc(C2CC2)c(OCC2CCC(F)(F)CC2)cc1F,PubChem,,86702864,5.281498311,Train,1
ZRPKAFVKHPVXSB-UHFFFAOYSA-N,Cc1ccc(C(=O)NC(=N)NCCCc2ccccc2)cc1,ChEMBL,CHEMBL105997,,5.279840697,Train,1
YSNZMBYZTBLRKF-UHFFFAOYSA-N,[N-]=[N+]=Nc1ccc(N2CCOc3cc(S(=O)(=O)Nc4nccs4)ccc32)c(C2=CCNCC2)c1,PubChem,,71711624,5.277366078,Train,1
IPLBYUOAYWBSGB-UHFFFAOYSA-N,COc1cc(-c2nnc(S(=O)(=O)C3CCC3)[nH]2)ccc1-c1cnc(OCC(C)C)c(Cl)c1,ChEMBL,CHEMBL4128578,,5.27572413,Train,1
VKMKKIYMKYLZLL-UHFFFAOYSA-N,Cc1ccc(Cl)c(N2CCOc3cc(S(=O)(=O)Nc4nccs4)ccc32)c1,ChEMBL,CHEMBL3944914,,5.273272791,Validation,1
ZNZCGEXKQOUCKF-UHFFFAOYSA-N,CC(=O)Nc1cccc(Nc2ncnc(N3CCc4ccccc4C3)n2)c1,ChEMBL,CHEMBL1813015,,5.26760624,Train,1
LSTKSEATDGHIEL-QWHCGFSZSA-N,C[C@H]1CC[C@@H](c2cn(C)c3cc(C(=O)NS(=O)(=O)C4CC4)ccc23)C1,PubChem,,155538889,5.26760624,Train,1
SIMFEAOIHXDPFG-UHFFFAOYSA-N,O=S(=O)(Nc1ncns1)c1ccc2c(c1)OCCN2c1ccc(C(F)(F)F)cc1-c1cncnc1,ChEMBL,CHEMBL3937730,,5.266802735,Train,1
CDLLYPQXLGNEQR-UHFFFAOYSA-N,Cc1onc(-c2c(Cl)cccc2Cl)c1NC(=O)OCc1c(F)cccc1Cl,PubChem,,2804997,5.2599999,Train,1
DTSNBUNQRWNESH-UHFFFAOYSA-N,O=S(=O)(Nc1nccs1)c1ccc2c(c1)OCCN2c1ccccc1N1CCNCC1,ChEMBL,CHEMBL3982796,,5.254144805,Validation,1
IVDUSXLIMOPNIQ-UHFFFAOYSA-N,COc1cc(F)ccc1N1CCOc2cc(S(=O)(=O)Nc3nccs3)ccc21,ChEMBL,CHEMBL3922625,,5.253365801,Validation,1
OKIOQHRDFOXEBF-DZCCDHAISA-N,Nc1nc2c(s1)CC[C@H]2C(=O)Nc1ccc(C[C@@H]2CC[C@H]([C@H](O)c3ccccc3)N2)cc1,ChEMBL,CHEMBL3128194,,5.251811973,Train,1
DNIXDOZXANWHOL-UHFFFAOYSA-N,Cc1ccc(C(=O)NC(N)=NCCCOc2ccccc2)cc1,PubChem,,22149207,5.251811973,Train,1
YALYZRWQAGAROS-UHFFFAOYSA-N,COc1cc(C(F)(F)F)ccc1OCC(O)CN1CCC(N2Cc3ccccc3C2=O)CC1,PubChem,,122194671,5.251811973,Train,1
BXNORRGHXDHNQQ-UHFFFAOYSA-N,Cc1ccc(Cl)cc1N1CCOc2cc(S(=O)(=O)Nc3nccs3)ccc21,PubChem,,89761917,5.251811973,Train,1
NIIIYJIOHFNWRI-UHFFFAOYSA-N,O=S(=O)(Nc1ncns1)c1cc(F)c(OC2OCCNC2c2cc(Cl)cc(Cl)c2)cc1F,PubChem,,145977501,5.251811973,Train,1
SDNRGNTWXJZKMN-UHFFFAOYSA-N,CC(C)(C)OC(=O)N1CC=C(c2cc(C(F)(F)F)ccc2-c2cccc3c2CCN(S(=O)(=O)Nc2ncns2)C3)CC1,PubChem,,71737520,5.249491605,Train,1
ONOCEJCKMCHONY-UHFFFAOYSA-N,Cc1ccc(F)c(N2CCOc3cc(S(=O)(=O)Nc4nccs4)ccc32)c1,ChEMBL,CHEMBL3928626,,5.248720896,Validation,1
PYBRTGXYASJLCG-UHFFFAOYSA-N,O=S(=O)(Nc1nccs1)c1ccc2c(c1)OCCN2c1ccccc1OC(F)F,PubChem,,71711982,5.248720896,Validation,1
ZVURELUSYUBEQF-UHFFFAOYSA-N,Cc1ccc(C(=O)NC(N)=NCCc2ccccc2)cc1,PubChem,,22149251,5.247951552,Validation,1
PMZAJXSRPAMGQD-UHFFFAOYSA-N,CCS(=O)(=O)NC(=O)c1ccc2c(-c3cnc(OCC(C)C)c(Cl)c3)cn(C)c2c1,ChEMBL,CHEMBL4294322,,5.245154957,Train,1
OAHDIZLUMALIAR-UHFFFAOYSA-N,Cc1cc(Cl)ccc1N1CCOc2cc(S(=O)(=O)Nc3nccs3)ccc21,ChEMBL,CHEMBL3960275,,5.244125144,Validation,1
CYADIXZUNKDWSB-APPDUMDISA-N,O=S(=O)(Nc1nccs1)c1cc(Cl)c(NC[C@]23CCCN2C[C@@H](F)C3)cc1F,PubChem,,118109014,5.244125144,Train,1
YAKWOONSXDDYMF-UHFFFAOYSA-N,CCCCCCCC(O)(C(N)=O)c1cccc(Cl)c1,ChEMBL,CHEMBL1958460,,5.238072162,Train,1
OPZAQYSOXZKYOS-UHFFFAOYSA-N,O=S(=O)(Nc1nccs1)c1ccc2c(c1)OCCN2c1ccc(OC(F)(F)C(F)F)cc1,PubChem,,89762067,5.235823868,Train,1
WSDDORJHYGSRLF-UHFFFAOYSA-N,Cn1nccc1-c1cc(C(F)(F)F)ccc1-c1cccc2cc(S(=O)(=O)Nc3nccs3)ccc12,ChEMBL,CHEMBL3682657,,5.235077015,Train,1
YFSZQDGGAJYUCS-UHFFFAOYSA-N,Cc1onc(-c2c(Cl)cccc2Cl)c1N(C)C(=O)NCc1ccc(OC2CCOCC2)nc1,ChEMBL,CHEMBL1797402,,5.229999746,Train,1
GGGNZWFRACLHHE-UHFFFAOYSA-N,CC(C)COc1ncc(-c2nn(C)c3cc(C(=O)NS(=O)(=O)C4CC4)ccc23)cc1Cl,ChEMBL,CHEMBL4587465,,5.229147988,Train,1
XSBUZAIFXFCWIN-ZFWWWQNUSA-N,O=S(=O)(Nc1ncns1)c1cc(F)c(OC[C@@H]2CCNC[C@H]2c2ccc(F)cc2)cc1F,ChEMBL,CHEMBL3325532,,5.229147988,Validation,1
OENDLOFFFZMFBL-UHFFFAOYSA-N,O=S(=O)(Nc1ncns1)c1ccc2c(-c3ccc(Cl)cc3)cccc2c1,ChEMBL,CHEMBL3682645,,5.22475374,Train,1
MNRWYZJQBAAMKH-UHFFFAOYSA-N,COc1cc(C(=O)NS(C)(=O)=O)ccc1-c1cnc(Oc2cc(Cl)cc(Cl)c2)c(Cl)c1,ChEMBL,CHEMBL4459717,,5.22184875,Train,1
KJJSJXRRMHWDBJ-UHFFFAOYSA-N,COc1cc2nnc(C(N)=O)c(Nc3ccc(C)cc3F)c2cc1N1CCN(C)CC1,ChEMBL,CHEMBL1683036,,5.22184875,Train,1
NASMQJIAKMAEMO-MSOLQXFVSA-N,CC1(C)CN[C@H](c2cc(Cl)cc(Cl)c2)[C@@H](Oc2cc(F)c(S(=O)(=O)Nc3ncns3)cc2F)O1,PubChem,,145969142,5.22184875,Train,1
FKXZJNGFUIIZEB-UHFFFAOYSA-N,N#Cc1ccc(N2CCOc3cc(S(=O)(=O)Nc4nccs4)ccc32)cc1,ChEMBL,CHEMBL3939449,,5.219682688,Validation,1
ZACMRIYLOCZVHJ-UHFFFAOYSA-N,O=S(=O)(Nc1nccs1)c1ccc2c(c1)OCCN2c1ccc(Cl)c(Cl)c1,PubChem,,71711766,5.216096421,Train,1
BAQUUINKTMAUEY-WLHGVMLRSA-N,COc1cc(C(F)(F)F)ccc1COCC(O)CN1CCC(N2Cc3ccccc3C2=O)CC1.O=C(O)/C=C/C(=O)O,ChEMBL,CHEMBL3632695,,5.214670165,Train,1
KMTIXSIYMVUSCD-UHFFFAOYSA-N,O=S(=O)(Nc1nccs1)c1cc(Cl)c(NCC2CCCC3(C2)OCCO3)cc1F,ChEMBL,CHEMBL4074392,,5.214670165,Train,1
QMUDOESFACZEJE-UHFFFAOYSA-N,O=C(NCc1ccc(OC(F)(F)F)cc1)C1c2ccccc2C(=O)N1CCc1ccncc1,PubChem,,44544644,5.214670165,Validation,1
LBDXGWAJBUSGFW-UHFFFAOYSA-N,N#CC1CCC(N2C(=O)c3ccccc3C2C(=O)NCc2ccc(OC(F)(F)F)cc2)CC1,PubChem,,44543891,5.214670165,Train,1
NBZFIESBMJFTOQ-UHFFFAOYSA-N,O=S(=O)(Nc1nccs1)c1ccc2c(c1)OCCN2c1ccc(Cl)cc1CC(O)CO,ChEMBL,CHEMBL3949355,,5.21395879,Validation,1
VXQQFMOPVFWSMR-UHFFFAOYSA-N,O=S(=O)(Nc1nccs1)c1ccc2c(c1)OCCN2c1cncc(Cl)c1,ChEMBL,CHEMBL3929996,,5.207608311,Train,1
GGGZIQKBLHEAFX-UHFFFAOYSA-N,CC(C)COc1ncc(-c2cn(C)c3cc(C(=O)NS(=O)(=O)N(C)C)ccc23)cc1Cl,ChEMBL,CHEMBL4442002,,5.200659451,Train,1
VYQQWWDZSIBMCE-UHFFFAOYSA-N,N#Cc1ccccc1N1CCOc2cc(S(=O)(=O)Nc3nccs3)ccc21,PubChem,,71711627,5.200659451,Train,1
FBOUYBDGKBSUES-VXKWHMMOSA-N,O=C(O[C@H]1CN2CCC1CC2)N1CCc2ccccc2[C@@H]1c1ccccc1,ChEMBL,CHEMBL1734,,5.200000237,Train,1
LZKLBAZPICSBPE-UHFFFAOYSA-N,O=C(NCCc1ccccc1-c1cccnc1)c1ccc(OCCC(F)(F)F)nc1,ChEMBL,CHEMBL2147213,,5.200000237,Train,1
BEZZRZYETXKPJS-HNNXBMFYSA-N,COc1ncc(-c2cccc3c2C[C@H](NC(=O)c2ccc(OCC(F)(F)F)nc2)CO3)cn1,ChEMBL,CHEMBL2069421,,5.200000237,Train,1
DXYBEOOKXLMROC-KRWDZBQOSA-N,O=C(N[C@@H]1COc2cccc(-c3ccc(CO)nc3)c2C1)c1ccc(OCC(F)(F)F)nc1,PubChem,,66813470,5.200000237,Validation,1
DEYZGKXTVSBRIY-KRWDZBQOSA-N,O=C(N[C@@H]1COc2cccc(-c3ccnc(CO)c3)c2C1)c1ccc(OCC(F)(F)F)nc1,PubChem,,70684544,5.200000237,Validation,1
DASYNINSCRABIO-UHFFFAOYSA-N,COc1cnc(-c2ccccc2CCNC(=O)c2ccc(OCCC(F)(F)F)nc2)cn1,PubChem,,71449283,5.200000237,Train,1
NWLYBHCVXZLMIC-UHFFFAOYSA-N,COc1ncc(-c2cccc(OC)c2CCNC(=O)c2ccc(OCCC(F)(F)F)nc2)cn1,PubChem,,71449284,5.200000237,Validation,1
KMGNGWXHHXJMEM-UHFFFAOYSA-N,COc1ncc(-c2cccc(C)c2CCNC(=O)c2ccc(OCCC(F)(F)F)nc2)cn1,PubChem,,71451078,5.200000237,Train,1
SJCKKJUEVXMIOE-UHFFFAOYSA-N,O=C(NCCc1ccccc1-c1cnc(OC(F)F)cn1)c1ccc(OCCC(F)(F)F)nc1,PubChem,,71456401,5.200000237,Train,1
QHVBHCXARAVYMC-UHFFFAOYSA-N,Cc1ncc(-c2ccccc2CCNC(=O)c2ccc(C(=O)NCCCC(F)(F)F)nc2)cn1,PubChem,,71456403,5.200000237,Train,1
OOGJQPCLVADCPB-HXUWFJFHSA-N,Cc1ccc(O)c([C@H](CCN(C(C)C)C(C)C)c2ccccc2)c1,PubChem,,443879,5.200000237,Train,1
FJRDLZMPXZFWKP-FQEVSTJZSA-N,CCCCOc1ccc(C(=O)N[C@@H]2COc3cccc(N4CCN(C)CC4)c3C2)cc1,PubChem,,53802926,5.200000237,Train,1
MHBUODPLSLVOII-UHFFFAOYSA-N,O=S1(=O)CCC(Nc2cc(F)c(S(=O)(=O)Nc3nccs3)cc2Cl)CC1,ChEMBL,CHEMBL4071739,,5.193820026,Validation,1
VQSVXNBRYCHOIV-UHFFFAOYSA-N,Cn1nc(-c2ccc(C(F)(F)F)cc2)c2cc(F)c(C(=O)NS(=O)(=O)C3CC3)cc21,PubChem,,155520010,5.193820026,Train,1
JDTAXQKHOVGSGN-UHFFFAOYSA-N,O=S(=O)(Nc1nccs1)c1ccc2c(c1)OCCN2c1cccc(Cl)c1Cl,ChEMBL,CHEMBL3922776,,5.191114133,Train,1
DJBNUMBKLMJRSA-UHFFFAOYSA-N,O=C(NCC1CCCCN1)c1cc(OCC(F)(F)F)ccc1OCC(F)(F)F,PubChem,,3356,5.187086643,Train,1
MMKDIMGMOCXHAH-RUZDIDTESA-N,N#Cc1ccc([C@H](C(=O)NCc2ccccc2)N2CCN(C(=O)c3cc(F)cc(F)c3)CC2)cc1,PubChem,,145979881,5.187086643,Train,1
LAGKKGKWRZUUSJ-UHFFFAOYSA-N,CC(C)COc1ncc(-c2nn(C)c3cc(C(=O)NS(C)(=O)=O)ccc23)cc1Cl,PubChem,,132020571,5.186552456,Train,1
CXTXHKHJPVBDLZ-UHFFFAOYSA-N,O=S(=O)(Nc1nccs1)c1ccc2c(c1)OCCN2c1ccc(Cl)c(C(F)(F)F)c1,ChEMBL,CHEMBL3925263,,5.1837587,Train,1
SPWABNDAVLLPTM-UHFFFAOYSA-N,COc1cc(-c2cccc(F)c2)c(Cl)cc1-c1ncnc2cc(S(=O)(=O)Nc3ccncn3)ccc12,ChEMBL,CHEMBL3687747,,5.181114585,Train,1
TWIGTYPIVYUKQQ-UHFFFAOYSA-N,Cc1cc(OC(F)(F)F)ccc1N1CCOc2cc(S(=O)(=O)Nc3nccs3)ccc21,PubChem,,71711767,5.180456065,Train,1
SUDPJHWRLKPICV-WPQVOQTLSA-N,C#CC[C@H](NC(=O)[C@@H](N)CCC(=O)O)C(=O)N[C@H]1CSSC[C@@H]2NC(=O)[C@@H]3CSSC[C@@H](C(=O)N[C@@H](CCCNC(=N)N)C(=O)N[C@@H](CCCCN)C(=O)N[C@@H](CCC(=O)O)C(=O)N[C@H](C(N)=O)[C@@H](C)CC)NC(=O)[C@H](Cc4c[nH]c5ccc(Br)cc45)NC(=O)[C@H](CC(C)C)NC(=O)[C@H](CCCCN)NC(=O)[C@H](CSSC[C@H](NC(=O)[C@H]([C@@H](C)O)NC(=O)[C@H](Cc4c[nH]c5ccccc45)NC(=O)[C@H](CCCC)NC(=O)[C@H](Cc4c[nH]c5ccccc45)NC(=O)[C@H](CCCCN)NC(=O)[C@H](CCC(N)=O)NC1=O)C(=O)N[C@@H](CC(=O)O)C(=O)N[C@@H](CO)C(=O)N[C@@H](C)C(=O)N[C@@H](CCCNC(=N)N)C(=O)N[C@@H](C)C(=O)N3)NC(=O)[C@H](CCCNC(=N)N)NC(=O)[C@H](CC(C)C)NC(=O)CNC(=O)[C@H](CCC(=O)O)NC2=O,PubChem,,145958837,5.177831921,Validation,1
KTYPXYDRNKHYHU-GFCCVEGCSA-N,C[C@@H]1CN(c2ccc(C(F)(F)F)cc2C#N)c2ccc(S(=O)(=O)Nc3nccs3)cc2O1,PubChem,,89761476,5.175874166,Train,1
JDTSMWBMEDXGCW-UHFFFAOYSA-N,O=S(=O)(Nc1ncc(F)s1)N1CCc2c(cccc2-c2ccc(C(F)(F)F)cc2C2=CCNCC2)C1,PubChem,,71736589,5.175223538,Train,1
CBTDKGZSTNRDNG-UHFFFAOYSA-N,CCOc1cc(C(F)(F)F)ccc1-c1cccc2cc(S(=O)(=O)Nc3ncns3)ccc12,PubChem,,71585928,5.175223538,Train,1
OWAOZVCTSHPEAF-UHFFFAOYSA-N,N#Cc1ccccc1N1CCOc2cc(S(=O)(=O)Nc3ncns3)ccc21,ChEMBL,CHEMBL3974790,,5.173925197,Train,1
LPSDMXDLKVIDRB-UHFFFAOYSA-N,Cn1cc(C2CCC2)c2ccc(C(=O)NS(=O)(=O)C3CC3)cc21,ChEMBL,CHEMBL4443673,,5.173925197,Train,1
IYJDANACVOOHGI-OAQYLSRUSA-N,O=C(NCC(F)(F)C1CC1)[C@@H](c1ccccc1)N1CCN(C(=O)c2cc(F)cc(F)c2)CC1,ChEMBL,CHEMBL4294045,,5.173925197,Train,1
XKLMZUWKNUAPSZ-UHFFFAOYSA-N,COc1ccccc1OCC(O)CN1CCN(CC(=O)Nc2c(C)cccc2C)CC1,ChEMBL,CHEMBL1404,,5.173925197,Train,1
UNKLXLHKQLTRFB-UHFFFAOYSA-N,CC(=O)Nc1cccc(Nc2ncnc(N3CCC(OCc4ccc(C(F)(F)F)cc4)CC3)n2)c1C,PubChem,,53362500,5.167491087,Train,1
HZTAEIFNSFFSPA-UHFFFAOYSA-N,O=C(Nc1cccc(C(F)(F)F)c1-c1cccnn1)c1cccc(-c2ncccc2C(F)(F)F)c1,PubChem,,137648536,5.167491087,Train,1
LOUPRKONTZGTKE-LHHVKLHASA-N,C=C[C@H]1CN2CC[C@H]1C[C@@H]2[C@@H](O)c1ccnc2ccc(OC)cc12,ChEMBL,CHEMBL1294,,5.161150909,Train,1
NUQYRGDJLRTYKO-UHFFFAOYSA-N,O=S(=O)(Nc1nccs1)c1ccc2c(c1)OCCN2c1cc(Cl)ccc1Cl,ChEMBL,CHEMBL3978865,,5.15864053,Validation,1
MHLRCMFPPMHTPN-UHFFFAOYSA-N,COc1ccc2c(c1)NC1(CCN(C(=O)c3ccc(C)cc3)CC1)c1cccn1-2,PubChem,,53025902,5.158452835,Validation,1
QVTFMRCALHRROQ-UHFFFAOYSA-N,O=C1COc2c(cccc2C2CCN(CC(O)COc3ccccc3C(=O)c3ccccc3)CC2)N1,ChEMBL,CHEMBL3634322,,5.15490196,Train,1
LNEPOXFFQSENCJ-UHFFFAOYSA-N,O=C(CCCN1CCC(O)(c2ccc(Cl)cc2)CC1)c1ccc(F)cc1,ChEMBL,CHEMBL54,,5.15490196,Validation,1
GUYOKNBONQDXMG-UHFFFAOYSA-N,COc1cc2nnc(C(N)=O)c(Nc3ccc(C)cc3F)c2cc1C1CCN(C(C)C)CC1,PubChem,,25001553,5.15490196,Train,1
WZNLAFQIYMDZMY-UHFFFAOYSA-N,O=S(=O)(Nc1nccs1)c1ccc2c(c1)OCCN2c1ccc(C(F)(F)F)nc1,PubChem,,89761794,5.153044675,Validation,1
WTALDRGXRVYDCW-UHFFFAOYSA-N,COc1ccc(OC)c(N2CCOc3cc(S(=O)(=O)Nc4nccs4)ccc32)c1,PubChem,,89761430,5.152427341,Train,1
UMNHBQRHGQYCEP-UHFFFAOYSA-N,O=C1c2ccccc2CN1C1CCN(CC(O)COc2ccccc2C(F)(F)F)CC1,ChEMBL,CHEMBL3634337,,5.148741651,Validation,1
KOHIRBRYDXPAMZ-UHFFFAOYSA-N,OC(CNCC(O)C1CCc2cc(F)ccc2O1)C1CCc2cc(F)ccc2O1,ChEMBL,CHEMBL434394,,5.147128281,Train,1
HNEFBEDRUBCBPJ-UHFFFAOYSA-N,COc1ccc2c(c1)NC1(CCN(C(=O)c3cccc(C)c3)CC1)c1cccn1-2,PubChem,,53025901,5.144359719,Validation,1
QJPLTUQPUCZJMX-UHFFFAOYSA-N,O=S(=O)(Nc1ncns1)c1cc(Cl)c(NCC23CCCN2CCC3)cc1F,PubChem,,91799666,5.142667504,Train,1
FVUIYPLOVITXKN-UHFFFAOYSA-N,CC(C)COc1ncc(-c2cn(C)c3cc(C(=O)NS(C)(=O)=O)c(F)cc23)cc1Cl,PubChem,,132020584,5.142667504,Train,1
NPVSPCROJQFODK-UHFFFAOYSA-N,COc1ccc2c(c1)NC1(CCN(C(=O)c3ccc(C#N)c(OC)c3)CC1)c1cccn1-2,PubChem,,118710325,5.140261434,Train,1
ROTJCNMAIOYHGG-UHFFFAOYSA-N,CCc1onc(-c2c(Cl)cccc2Cl)c1NC(=O)OCc1c(F)cccc1Cl,ChEMBL,CHEMBL1797395,,5.139999976,Train,1
LKAXTXRXNLOAHP-UHFFFAOYSA-N,Cn1nccc1-c1cc(C(F)(F)F)ccc1-c1cccc2c1CCN(S(=O)(=O)Nc1ncccn1)C2,ChEMBL,CHEMBL3683232,,5.139063379,Train,1
HKTBYIOKLBPJIO-UHFFFAOYSA-N,CC(C)COc1ncc(-c2cc(F)c(-c3n[nH]c(S(=O)(=O)NC4CC4)n3)cc2F)cc1Cl,PubChem,,145963182,5.13667714,Train,1
CUJLQDZKFKZKNS-UHFFFAOYSA-N,Cc1cc(N2CCOc3cc(S(=O)(=O)Nc4nccs4)ccc32)ccc1C#N,PubChem,,89761667,5.133122186,Train,1
QMGBTMBWRBQIJM-UHFFFAOYSA-N,Cc1cccc(N2CCOc3cc(S(=O)(=O)Nc4nccs4)ccc32)c1,PubChem,,71711695,5.132532512,Train,1
OWRSUSYZFMGANM-UHFFFAOYSA-N,COc1ncc(C(F)(F)F)cc1N1CCOc2cc(S(=O)(=O)Nc3nccs3)ccc21,PubChem,,89761694,5.131943638,Train,1
VHKBTPQDHDSBSP-UHFFFAOYSA-N,COc1cc(NC(=O)c2ccc(-c3ccc(Cl)cc3)o2)cc(OC)c1,ChEMBL,CHEMBL250699,,5.131355562,Train,1
YAKWOONSXDDYMF-OAHLLOKOSA-N,CCCCCCC[C@](O)(C(N)=O)c1cccc(Cl)c1,PubChem,,24883322,5.129011186,Train,1
QVPSPVFPJRSFHP-UHFFFAOYSA-N,COc1cc(C(F)F)c(Cl)cc1-c1ncnc2cc(S(=O)(=O)Nc3nccs3)ccc12,PubChem,,89613553,5.128427065,Validation,1
GVIUFNMEIARVCL-UHFFFAOYSA-N,Cn1cc(-c2ccc(C(F)(F)F)cc2)c2ccc(C(=O)NS(=O)(=O)C(F)(F)F)cc21,ChEMBL,CHEMBL4462085,,5.124938737,Train,1
LATHVTUYKGMIPI-UHFFFAOYSA-N,O=C(NS(=O)(=O)N1CCC1)c1cnc(OCC23CC4CC(CC(C4)C2)C3)c(C2CC2)c1,PubChem,,90025849,5.124938737,Validation,1
LLTKLHAFFHWEJG-UHFFFAOYSA-N,COc1ccc(C#N)c(N2CCOc3cc(S(=O)(=O)Nc4nccs4)ccc32)c1,PubChem,,89762612,5.119758224,Train,1
DYAKEYAYGSFEFE-UHFFFAOYSA-N,COc1ccc2c(c1)NC1(CCN(C(=O)c3ccccc3Br)CC1)c1cccn1-2,ChEMBL,CHEMBL3322768,,5.119129268,Train,1
FSKVHUQOQAWOFU-UHFFFAOYSA-N,O=S(=O)(Nc1nccs1)c1ccc2c(c1)OCCN2c1cccc(OC(F)(F)F)c1,PubChem,,89762605,5.118045029,Train,1
KTOMKDFWHADMOY-UHFFFAOYSA-N,Cn1cc(-c2ccc(F)c(C#N)c2)c2ccc(S(=O)(=O)Nc3ncns3)cc21,PubChem,,71259226,5.117475462,Train,1
PDZFTSNLQQQGTI-OAQYLSRUSA-N,O=C(NCC1CC1)[C@@H](c1ccccc1)N1CCN(C(=O)c2cc(F)cc(F)c2)CC1,ChEMBL,CHEMBL4283471,,5.113509275,Train,1
UFNHEMMGOKSYOD-UHFFFAOYSA-N,COc1cc(Cl)ccc1N1CCOc2cc(S(=O)(=O)Nc3nccs3)ccc21,ChEMBL,CHEMBL3977812,,5.1123827,Validation,1
QYOWGSRYYUWDGK-UHFFFAOYSA-N,Cc1ccc(N2CCOc3cc(S(=O)(=O)Nc4nccs4)ccc32)cc1C#N,PubChem,,89761988,5.111820506,Train,1
OHNPMEHVPMTGTH-UHFFFAOYSA-N,Cc1cccc(C)c1-c1noc(C)c1NC(=O)OCc1c(F)cccc1Cl,ChEMBL,CHEMBL1797399,,5.110000065,Validation,1
DGYIRDPNHVOGMY-UHFFFAOYSA-N,O=S(=O)(Nc1ncns1)c1ccc2c(-c3ccc(Cl)cc3C(F)(F)F)cccc2c1,PubChem,,89614550,5.109578981,Validation,1
NFEIBWMZVIVJLQ-UHFFFAOYSA-N,Cc1cccc(C)c1OCC(C)N.Cl,ChEMBL,CHEMBL1200606,,5.107905397,Train,1
IPOBOOXFSRWSHL-UHFFFAOYSA-N,c1ccc(C2(c3ccccc3)CC2C2=NCCN2)cc1,ChEMBL,CHEMBL87045,,5.107905397,Validation,1
KFSUDIJCOCIUMS-UHFFFAOYSA-N,NC(=NCCCCc1ccccc1)NC(=O)c1cc(Cl)ccc1Cl,PubChem,,22149278,5.102922997,Train,1
GJIRLHHTNZRIPN-UHFFFAOYSA-N,O=C(NCc1ccc(OC(F)(F)F)cc1)C1c2ccccc2C(=O)N1CCCc1ccccn1,ChEMBL,CHEMBL2164357,,5.102372909,Train,1
LUBXXVBEWNTQCJ-HSZRJFAPSA-N,O=C(NCc1ccc(C(F)(F)F)nc1)[C@@H](c1ccccc1)N1CCN(C(=O)c2cc(F)cc(F)c2)CC1,PubChem,,145986895,5.102372909,Validation,1
JRFSHEFJMJFXNE-UHFFFAOYSA-N,Fc1ccc(-c2ccc3nnc(C(F)(F)F)n3c2)cc1,ChEMBL,CHEMBL3808631,,5.101549081,Train,1
VVHADYQIYMCRPU-UHFFFAOYSA-N,O=S(=O)(Nc1ccncn1)c1ccc2c(c1)OCCN2c1ccc(C(F)(F)F)cc1Br,PubChem,,89761474,5.100726813,Train,1
ZEUITGRIYCTCEM-KRWDZBQOSA-N,CNCC[C@H](Oc1cccc2ccccc12)c1cccs1,ChEMBL,CHEMBL1175,,5.100000128,Train,1
MYWFFPRATNYWJR-UHFFFAOYSA-N,COc1ncc(-c2cccc(OC(F)F)c2CCNC(=O)c2ccc(OCCC(F)(F)F)nc2)cn1,ChEMBL,CHEMBL2147304,,5.100000128,Train,1
KEOOQQCPBYZSRM-IBGZPJMESA-N,O=C(N[C@@H]1COc2cccc(-c3ccc(CO)nc3)c2C1)c1ccc(OCCOCC(F)(F)F)nc1,ChEMBL,CHEMBL2069413,,5.100000128,Train,1
HLFHSIACIXFZGW-UHFFFAOYSA-N,COc1ccc(C(=O)N2CCC3(CC2)Nc2cc(OC)ccc2-n2cccc23)cc1,PubChem,,53025906,5.095122233,Train,1
ZCNYUKXXGYHXIO-UHFFFAOYSA-N,COc1ccc2c(c1)NC1(CCN(C(=O)c3cc(C)cc(C)c3)CC1)c1cccn1-2,ChEMBL,CHEMBL3322779,,5.091944126,Train,1
AIEVKOCLFIDVGB-UHFFFAOYSA-N,N#Cc1ccc(C(=O)N2CCC3(CC2)Nc2ccc(Cl)cc2-n2cccc23)cc1,ChEMBL,CHEMBL3322672,,5.089162235,Validation,1
CJDRUOGAGYHKKD-FUIWMBJSSA-N,CCC1C2CC3C4N(C)c5ccccc5C45CC(C2[C@H]5O)N3C1O,ChEMBL,CHEMBL2105617,,5.086186148,Validation,1
JJLSSXDRZXKYRS-UHFFFAOYSA-N,CN(C)CCn1ccc(NS(=O)(=O)c2ccc3c(c2)OCCN3c2ccc(C(F)(F)F)cc2Cl)n1,PubChem,,89761731,5.083546052,Train,1
GVMZTZRNFWLQBF-UHFFFAOYSA-N,N#Cc1ccc(C(=O)N2CCC3(CC2)Nc2cc(Cl)ccc2-n2cccc23)cc1,PubChem,,70814238,5.08149786,Validation,1
MRGFDPDQMSJIJC-UHFFFAOYSA-N,O=C(NCc1ccc(OC(F)(F)F)cc1)C1c2ccccc2C(=O)N1CCc1ncccn1,PubChem,,44544853,5.080921908,Train,1
UARIXUNDPOKGDV-UHFFFAOYSA-N,Cn1cc(C2C3CC4CC(C3)CC2C4)c2ccc(C(=O)NS(=O)(=O)C3CC3)cc21,PubChem,,155519060,5.075720714,Train,1
HGPYCSZDDXUPFB-UHFFFAOYSA-N,Cn1cc(-c2ccc(C(F)(F)F)cc2)c2ccc(C(=O)NS(=O)(=O)C3CC3)cc21,PubChem,,132020544,5.075720714,Validation,1
PENOKWBKAHLQSK-HNNXBMFYSA-N,CC[C@H]1CN(c2ccc(C(F)(F)F)cc2C#N)c2ccc(S(=O)(=O)Nc3nccs3)cc2O1,ChEMBL,CHEMBL3910936,,5.070581074,Validation,1
DNOVKLUWPXHIRA-UHFFFAOYSA-N,COc1cccc2c1C(=O)N(CCc1ccccn1)C2C(=O)NCc1ccc(OC(F)(F)F)cc1,PubChem,,44544548,5.070581074,Train,1
SOTPTWMXUTVXIV-UHFFFAOYSA-N,Cc1onc(-c2c(Cl)cccc2Cl)c1NC(=O)NCc1c(F)cccc1Cl,PubChem,,25204600,5.07000002,Train,1
GNYBHKXPQGYGCV-UHFFFAOYSA-N,FC(F)(F)c1ccc2c(Nc3ccc(Cl)nc3)n[nH]c2c1,PubChem,,9883254,5.069560405,Validation,1
GEYNDDQMIPWMAY-UHFFFAOYSA-N,Cn1nccc1-c1cc(C(F)(F)F)ccc1-c1c[nH]c2nc(S(=O)(=O)Nc3ncns3)ccc12,PubChem,,71259444,5.068033885,Train,1
LAMJMZUYCZYKNH-UHFFFAOYSA-N,Cn1cc(-c2ccc(C(F)(F)F)cc2Cl)c2ccc(C(=O)NS(C)(=O)=O)cc21,PubChem,,132020480,5.065501549,Validation,1
AMKPKSZQHZTGRM-UHFFFAOYSA-N,CC(C)COc1ncc(Oc2nccc3cc(C(=O)NS(C)(=O)=O)ccc23)cc1Cl,ChEMBL,CHEMBL4462738,,5.060480747,Train,1
BKVFCMNILFLKCW-UHFFFAOYSA-N,O=C(NCc1ccc(Br)cc1)C1c2ccccc2C(=O)N1CCc1ccccn1,PubChem,,44543784,5.060480747,Train,1
HUDOROMBACNRCG-UHFFFAOYSA-N,Cc1onc(-c2c(Cl)cccc2Cl)c1NC(=O)OCc1ccccc1Cl,ChEMBL,CHEMBL1797388,,5.059999796,Train,1
KHTOJAKOSMDONB-UHFFFAOYSA-N,Cc1onc(-c2c(Cl)cccc2Cl)c1NC(=O)OCc1ccc(OC(C)C)nc1,PubChem,,25204472,5.059999796,Validation,1
JKTHEHVHKZOFOB-FXKQBWBBSA-N,CC[C@H](C)[C@@H]1NC(=O)[C@@H]2CSSC[C@@H]3NC(=O)[C@H](C(C)C)NC(=O)[C@H](CC(C)C)NC(=O)[C@H](CC(N)=O)NC(=O)[C@@H]4CCCN4C(=O)[C@H](CCCNC(=N)N)NC(=O)[C@H](CSSC[C@H](NC(=O)[C@@H](N)CC(=O)O)C(=O)N[C@@H](CC(C)C)C(=O)NCC(=O)N[C@@H](Cc4ccccc4)C(=O)N[C@@H](CCSC)C(=O)N[C@@H](CCCNC(=N)N)C(=O)N[C@@H](CCCCN)C(=O)N2)NC(=O)[C@H](CSSC[C@@H](C(=O)N[C@@H](CCCCN)C(=O)N[C@@H](Cc2ccc(O)cc2)C(=O)N[C@H](C(=O)N[C@@H](Cc2ccccc2)C(N)=O)C(C)C)NC(=O)[C@H](Cc2c[nH]c4ccccc24)NC(=O)[C@H](CCCNC(=N)N)NC(=O)[C@H](Cc2cnc[nH]2)NC(=O)[C@H]([C@@H](C)O)NC(=O)[C@H](CCCNC(=N)N)NC(=O)[C@H](CO)NC3=O)NC(=O)[C@H](CCCCN)NC(=O)[C@H](CC(=O)O)NC(=O)[C@H](CC(N)=O)NC(=O)[C@H](CC(=O)O)NC(=O)[C@@H]2CCCN2C1=O,PubChem,,118734547,5.055517328,Train,1
PZIKWOQKFKXXSK-UHFFFAOYSA-N,O=C(NCc1ccc(OCC(F)(F)F)cc1)C1c2ccccc2C(=O)N1CCc1ccccn1,PubChem,,44544546,5.050609993,Train,1
PJLIHYXPEOMIMJ-HXUWFJFHSA-N,c1ccc([C@]2(CCNCc3cccs3)CCOC3(CCCC3)C2)nc1,ChEMBL,CHEMBL2443278,,5.045757491,Train,1
KOGCUICFFHZSOM-UHFFFAOYSA-N,CCOc1cc2ncc(C(N)=O)c(Nc3cccc(Cl)c3Cl)c2cc1N1CCN(C)CC1,ChEMBL,CHEMBL481008,,5.045757491,Train,1
HSUGRBWQSSZJOP-RTWAWAEBSA-N,COc1ccc([C@@H]2Sc3ccccc3N(CCN(C)C)C(=O)[C@@H]2OC(C)=O)cc1,PubChem,,39186,5.045757491,Train,1
HPIUHDCRVYDAEJ-UHFFFAOYSA-N,CNC(=O)c1ccc(-c2cc(Cl)cc(Cl)c2Cl)c(N)n1,PubChem,,11659955,5.045757491,Validation,1
AUTJOPRJESGHDP-JOCHJYFZSA-N,O=C(NCc1ccccc1)[C@@H](c1ccccc1)N1CCN(C(=O)c2cc(F)cnc2Cl)CC1,PubChem,,145987154,5.040958608,Train,1
KRJOUGOTSWPYDG-UHFFFAOYSA-N,Cc1cc(-c2cc(OC(F)(F)F)ccc2Cl)cc(C)c1OCCCC(=O)O,ChEMBL,CHEMBL3909872,,5.039338993,Train,1
OPJWBGURYRRFOL-UHFFFAOYSA-N,N#Cc1ccc(C(=O)N2CCC3(CC2)Nc2ccc(Br)cc2-n2cccc23)cc1,PubChem,,70814244,5.037441264,Train,1
FEXHXWRNUZRBAW-UHFFFAOYSA-N,N#Cc1ccc(C(=O)N2CCC3(CC2)Nc2ccc(F)cc2-n2cccc23)cc1,PubChem,,70814333,5.03193754,Train,1
LYZQTGXFFVJDIS-UHFFFAOYSA-N,COc1cc(C(=O)NS(C)(=O)=O)ccc1-c1cnc(OCC2(C)CC2)c(Cl)c1,PubChem,,155557620,5.031517051,Validation,1
BUFOXSJYCUEBSN-UHFFFAOYSA-N,N#Cc1cc(C(F)(F)F)ccc1N1CCOc2cc(S(=O)(=O)Nc3cscn3)ccc21,ChEMBL,CHEMBL3952857,,5.025949097,Train,1
NNADSLVSDJYYAU-UHFFFAOYSA-N,CC(C)COc1ncc(-c2ccc(C(=O)NS(C)(=O)=O)cc2Cl)cc1Cl,PubChem,,155517129,5.022276395,Train,1
UDKBNVUPZAZNQZ-UHFFFAOYSA-N,Cc1cc(Cl)ccc1-c1cccc2cc(S(=O)(=O)Nc3ncns3)ccc12,ChEMBL,CHEMBL3682644,,5.018634491,Train,1
JVAMQXMYGZEAKW-UHFFFAOYSA-N,COc1cc(Cl)cnc1N1CC(C)Oc2cc(S(=O)(=O)Nc3nccs3)ccc21,PubChem,,117919190,5.018181393,Train,1
RVSALGOKOXAXER-XMMPIXPASA-N,N#Cc1ccc([C@H](C(=O)Nc2ccc(OCC(F)(F)F)nc2)N2CCN(C(=O)c3cc(F)cc(F)c3)CC2)cc1,PubChem,,145990677,5.017728767,Train,1
ZDFIRHIJKVNVDY-UHFFFAOYSA-N,Cn1cc(-c2ccc(C(F)F)cc2)c2cc(F)c(C(=O)NS(=O)(=O)C3CC3)cc21,PubChem,,132020526,5.014753209,Train,1
HLRYIKVEQMWFJE-UHFFFAOYSA-N,O=C(NCc1ccc(OC(F)(F)F)cc1)C1c2ccccc2C(=O)N1CCOc1ccccn1,ChEMBL,CHEMBL2164358,,5.013228266,Train,1
MZAQJHDDZQLINS-UHFFFAOYSA-N,COc1ccc2c(c1)NC1(CCN(C(=O)c3cccc(C#N)c3)CC1)c1cccn1-2,ChEMBL,CHEMBL3322760,,5.012512494,Validation,1
KLUCCKVPFWSDCC-UHFFFAOYSA-N,O=S(=O)(Nc1ncns1)c1ccc2c(-c3ccc(Cl)cc3F)cccc2c1,ChEMBL,CHEMBL3682646,,5.000434512,Train,1
YZNPWMPXSONUQZ-UHFFFAOYSA-N,O=S(=O)(Nc1ncns1)N1CCc2c(cccc2-c2ccc(C(F)(F)F)cc2N2CCOCC2)C1,ChEMBL,CHEMBL3683220,,5,Train,1
FLEKOYVKGHAPNA-UHFFFAOYSA-N,Cc1nsc(NS(=O)(=O)c2ccc3c(c2)OCCN3c2ccc(C(F)(F)F)cc2Cl)n1,ChEMBL,CHEMBL3960217,,5,Train,1
ZHHIPNNUKPHVSZ-UHFFFAOYSA-N,O=S(=O)(Nc1nccs1)c1ccc2c(c1)OCCN2c1ccccc1C(F)(F)F,ChEMBL,CHEMBL3915316,,5,Train,1
DYFABLQXRYQFMC-UHFFFAOYSA-N,COc1cnccc1N1CCOc2cc(S(=O)(=O)Nc3nccs3)ccc21,ChEMBL,CHEMBL3939862,,5,Train,1
HBUNZGRXAYAWTR-UHFFFAOYSA-N,O=S(=O)(Nc1nccs1)c1ccc2c(c1)OCCN2c1cccc(C(F)(F)F)c1,ChEMBL,CHEMBL3937896,,5,Train,1
TYWNGSSFIGWHOV-ZDUSSCGKSA-N,COc1cc(C#N)ccc1N1C[C@H](C)Oc2cc(S(=O)(=O)Nc3nccs3)ccc21,ChEMBL,CHEMBL3903688,,5,Train,1
RMUPSBAQLQQJFP-UHFFFAOYSA-N,Cc1cc(F)cnc1N1CCOc2cc(S(=O)(=O)Nc3nccs3)ccc21,ChEMBL,CHEMBL3912701,,5,Validation,1
AMFPUGRHESXCNA-WLXCVKOTSA-N,CC[C@H](C)[C@@H]1NC(=O)[C@@H]2CSSC[C@@H]3NC(=O)[C@H](C(C)C)NC(=O)[C@H](CC(C)C)NC(=O)[C@H](CC(N)=O)NC(=O)[C@@H]4CCCN4C(=O)[C@H](CCCNC(=N)N)NC(=O)[C@H](CSSC[C@H](NC(=O)[C@@H](N)CC(=O)O)C(=O)N[C@@H](CC(C)C)C(=O)NCC(=O)N[C@@H](C)C(=O)N[C@@H](Cc4c[nH]c5ccccc45)C(=O)N[C@@H](CCCNC(=N)N)C(=O)N[C@@H](CCCCN)C(=O)N2)NC(=O)[C@H](CSSC[C@@H](C(=O)N[C@@H](CCCCN)C(=O)N[C@@H](Cc2ccc(O)cc2)C(=O)N[C@H](C(=O)N[C@@H](Cc2ccccc2)C(N)=O)C(C)C)NC(=O)[C@H](Cc2c[nH]c4ccccc24)NC(=O)[C@H](CCCCN)NC(=O)[C@H](Cc2cnc[nH]2)NC(=O)[C@H]([C@@H](C)O)NC(=O)[C@H](CCCNC(=N)N)NC(=O)[C@H](CO)NC3=O)NC(=O)[C@H](CCCCN)NC(=O)[C@H](CC(=O)O)NC(=O)[C@H](CC(N)=O)NC(=O)[C@H](CC(=O)O)NC(=O)[C@@H]2CCCN2C1=O,ChEMBL,CHEMBL3416941,,5,Train,1
NCXDTLQDEJVDKO-UHFFFAOYSA-N,O=S(=O)(Nc1ccon1)c1ccc2c(c1)OCCN2c1ccc(C(F)(F)F)cc1Cl,ChEMBL,CHEMBL3889642,,5,Train,1
FEAISHMOPQHDTA-UHFFFAOYSA-N,O=S(=O)(Nc1ncns1)c1ccc2c(c1)NCCN2c1ccc(C(F)(F)F)cc1Cl,ChEMBL,CHEMBL3891509,,5,Validation,1
PWMPNOYSUCPJPO-UHFFFAOYSA-N,O=S(=O)(Nc1ncns1)c1cc(F)c(Oc2ccc(Cl)cc2-c2cnc3n2CCNC3)cc1F,ChEMBL,CHEMBL3805199,,5,Train,1
OXIKMOBJZKGNHO-UHFFFAOYSA-N,O=S(=O)(Nc1ncns1)c1cc(F)c(Oc2ccc(Cl)cc2-c2ccc3nccnc3c2)cc1F,ChEMBL,CHEMBL3805347,,5,Train,1
VOINGHQJWLVWMC-KRWDZBQOSA-N,COc1ncc(-c2cccc3c2C[C@H](NC(=O)c2ccc(COCC(F)(F)F)nc2)CO3)cn1,ChEMBL,CHEMBL2069423,,5,Validation,1
YFPFSPWJNLLSJF-HOKQNVOBSA-N,CC[C@H](C)[C@@H]1NC(=O)[C@@H]2CSSC[C@@H]3NC(=O)[C@H](C(C)C)NC(=O)[C@H](CC(C)C)NC(=O)[C@H](CC(N)=O)NC(=O)[C@@H]4CCCN4C(=O)[C@H](CCCNC(=N)N)NC(=O)[C@H](CSSC[C@H](NC(=O)[C@@H](N)CC(=O)O)C(=O)N[C@@H](CC(C)C)C(=O)NCC(=O)N[C@@H](CC(C)C)C(=O)N[C@@H](CCSC)C(=O)N[C@@H](CCCNC(=N)N)C(=O)N[C@@H](CCCCN)C(=O)N2)NC(=O)[C@H](CSSC[C@@H](C(=O)N[C@@H](CCCCN)C(=O)N[C@@H](Cc2ccc(O)cc2)C(=O)N[C@H](C(=O)N[C@@H](Cc2ccccc2)C(N)=O)C(C)C)NC(=O)[C@H](Cc2c[nH]c4ccccc24)NC(=O)[C@H](CCCCN)NC(=O)[C@H](Cc2cnc[nH]2)NC(=O)[C@H]([C@@H](C)O)NC(=O)[C@H](CCCNC(=N)N)NC(=O)[C@H](CO)NC3=O)NC(=O)[C@H](CCCCN)NC(=O)[C@H](CC(=O)O)NC(=O)[C@H](CC(N)=O)NC(=O)[C@H](CC(=O)O)NC(=O)[C@@H]2CCCN2C1=O,ChEMBL,CHEMBL3416923,,5,Train,1
IFOFQYZJHRNQLW-QZZDFEHJSA-N,CC[C@H](C)[C@@H]1NC(=O)[C@@H]2CSSC[C@@H]3NC(=O)[C@H](C(C)C)NC(=O)[C@H](CC(C)C)NC(=O)[C@H](CC(N)=O)NC(=O)[C@@H]4CCCN4C(=O)[C@H](CCCNC(=N)N)NC(=O)[C@H](CSSC[C@H](NC(=O)[C@@H](N)CC(=O)O)C(=O)N[C@@H](CC(C)C)C(=O)NCC(=O)N[C@@H](CCSC)C(=O)N[C@@H](CCSC)C(=O)N[C@@H](CCCNC(=N)N)C(=O)N[C@@H](CCCCN)C(=O)N2)NC(=O)[C@H](CSSC[C@@H](C(=O)N[C@@H](CCCCN)C(=O)N[C@@H](Cc2ccc(O)cc2)C(=O)N[C@H](C(=O)N[C@@H](Cc2ccccc2)C(N)=O)C(C)C)NC(=O)[C@H](Cc2c[nH]c4ccccc24)NC(=O)[C@H](CCCCN)NC(=O)[C@H](Cc2cnc[nH]2)NC(=O)[C@H]([C@@H](C)O)NC(=O)[C@H](CCCNC(=N)N)NC(=O)[C@H](CO)NC3=O)NC(=O)[C@H](CCCCN)NC(=O)[C@H](CC(=O)O)NC(=O)[C@H](CC(N)=O)NC(=O)[C@H](CC(=O)O)NC(=O)[C@@H]2CCCN2C1=O,ChEMBL,CHEMBL3416921,,5,Train,1
VJCACPMAAVZCPB-UHFFFAOYSA-N,O=C(NC1CC1c1ccccc1)N1CCC(c2nc(-c3cccnc3)no2)CC1,ChEMBL,CHEMBL564757,,5,Train,1
RPEDWPSRPWEPAU-UHFFFAOYSA-N,O=C(CCC1(c2ccccc2)CCCN(C(=O)Nc2ccc(Cl)cc2)C1)N1CCOCC1,ChEMBL,CHEMBL1078232,,5,Train,1
BQDOZGKXAAMRRI-UHFFFAOYSA-N,COc1cc(C(F)(F)F)ccc1-c1cccc2c1C(C)CN(S(=O)(=O)Nc1ncns1)C2,ChEMBL,CHEMBL3683231,,5,Validation,1
PLHSQQYMUHVCKT-UHFFFAOYSA-N,O=S(=O)(Nc1ncns1)N1CCc2c(cccc2-c2ccc(C(F)(F)F)cc2Br)C1,ChEMBL,CHEMBL3683196,,5,Train,1
GHVKHDJQMCSVLZ-UHFFFAOYSA-N,CC1(c2ccccc2)CCCN(C(=O)Nc2ccncc2)C1,ChEMBL,CHEMBL1079362,,5,Train,1
NVBFTRZZWVPMOO-UHFFFAOYSA-N,Cn1cc(-c2ccc(C(F)(F)F)cc2-c2cn[nH]c2)c2ccc(S(=O)(=O)Nc3ncns3)cc21,ChEMBL,CHEMBL3341979,,5,Train,1
VYZUCTQKKZZUIO-UHFFFAOYSA-N,Cn1cc(-c2ccc(Br)cc2C(F)(F)F)c2ccc(S(=O)(=O)Nc3ncns3)cc21,ChEMBL,CHEMBL3704434,,5,Validation,1
ZGBOGHHZYOLAIZ-LBPRGKRZSA-N,C[C@H]1COc2cc(S(=O)(=O)Nc3nccs3)ccc2N1c1ccc(C(F)(F)F)cc1C#N,ChEMBL,CHEMBL3897290,,5,Train,1
DTCIPHMJDPIDLP-UHFFFAOYSA-N,Cn1cc(-c2ccc(C(F)(F)F)cc2C#N)c2ccc(S(=O)(=O)Nc3ncns3)cc21,ChEMBL,CHEMBL3704411,,5,Train,1
UJZLVHLXANKMAQ-UHFFFAOYSA-N,Cn1nccc1-c1cc(C(F)(F)F)ccc1-c1cn(C)c2nc(S(=O)(=O)Nc3ncns3)ccc12,ChEMBL,CHEMBL3704418,,5,Train,1
CIYPGEZJBSEFKR-UHFFFAOYSA-N,O=S(=O)(Nc1nncs1)c1ccc2c(c1)OCCN2c1ccc(C(F)(F)F)cc1Cl,ChEMBL,CHEMBL3937046,,5,Train,1
MLHVNNQJJGKNCL-GFCCVEGCSA-N,COc1cc(Cl)ccc1N1C[C@@H](C)Oc2cc(S(=O)(=O)Nc3nccs3)ccc21,ChEMBL,CHEMBL4106723,,5,Train,1
SSHUJNUARSWDGM-UHFFFAOYSA-N,COc1cc(C(F)(F)F)ccc1-c1ncnc2c1CCN(S(=O)(=O)Nc1nccs1)C2,ChEMBL,CHEMBL3683248,,5,Train,1
RAXMESLBZRICRQ-UHFFFAOYSA-N,O=S(=O)(Nc1ncns1)N1CCc2c(cccc2-c2ccc(C(F)(F)F)cc2C2=CCNCC2)C1,ChEMBL,CHEMBL3341982,,5,Train,1
RUMNCJSUPKAMTM-UHFFFAOYSA-N,O=C(NC1CC1c1ccccc1)N1CCC(c2nc(-c3cnccn3)no2)CC1,ChEMBL,CHEMBL557032,,5,Train,1
VWTOOZUTLQWOPP-UHFFFAOYSA-N,O=C(NC1CC1c1ccccc1)N1CCC(c2ncon2)CC1,ChEMBL,CHEMBL561259,,5,Train,1
IKFYRPAVBWJTAF-UHFFFAOYSA-N,Cn1cc(-c2cccc(S(C)(=O)=O)c2)c2ccc(S(=O)(=O)Nc3ncns3)cc21,ChEMBL,CHEMBL3704430,,5,Validation,1
CSWYUBWEAKUYRC-UHFFFAOYSA-N,O=S(=O)(Nc1ncns1)N1CCc2c(cccc2-c2ccc(C(F)(F)F)cc2-c2cncnc2)C1,ChEMBL,CHEMBL3683212,,5,Validation,1
SQMRZYILEJFWLA-UHFFFAOYSA-N,CN(C)CCC1(c2ccccc2)CCCN(C(=O)Nc2ccc(Cl)cc2)C1,ChEMBL,CHEMBL1079140,,5,Validation,1
WODRVGVVTPASNM-UHFFFAOYSA-N,O=C(O)CCC1(c2ccccc2)CCCN(C(=O)Nc2ccc(Cl)cc2)C1,ChEMBL,CHEMBL1079256,,5,Train,1
IXTGDXLZCDARRX-UHFFFAOYSA-N,O=C(O)CCC1(c2ccccn2)CCCN(C(=O)Nc2ccc(Cl)cc2)C1,ChEMBL,CHEMBL1077963,,5,Train,1
MXXHOLJNGWPXGB-UHFFFAOYSA-N,O=S(=O)(Nc1ncns1)N1CCc2c(cccc2-c2ccc(Cl)cc2Cl)C1,ChEMBL,CHEMBL3683201,,5,Train,1
HDKYZDGIFIKTBX-UHFFFAOYSA-N,Cn1nccc1-c1cn(C)c2cc(S(=O)(=O)Nc3ncns3)ccc12,ChEMBL,CHEMBL3704443,,5,Train,1
XYUXKLIBMZUWSB-UHFFFAOYSA-N,Cc1ccc(N2CCOc3cc(S(=O)(=O)Nc4nccs4)ccc32)c(C)n1,ChEMBL,CHEMBL3905774,,5,Train,1
KHIZJQPJSVHSAW-UHFFFAOYSA-N,O=S(=O)(Nc1nccs1)c1ccc2c(c1)OCCN2c1ccc(F)cc1F,ChEMBL,CHEMBL3920490,,5,Validation,1
NZZBOICLIUBLLK-MJGOQNOKSA-N,O=C(N[C@H]1C[C@@H]1c1ccccc1)N1CCC2(CCc3ncccc3O2)CC1,ChEMBL,CHEMBL522211,,5,Train,1
SCQHVECWBAHHHV-UHFFFAOYSA-N,O=C(O)CC1(c2ccccc2)CCCN(C(=O)Nc2ccc(Cl)cc2)C1,ChEMBL,CHEMBL1077781,,5,Train,1
ANRFQNJNXPRQGM-UHFFFAOYSA-N,CNC(=O)CCC1(c2ccccc2)CCCN(C(=O)Nc2ccc(Cl)cc2)C1,ChEMBL,CHEMBL1079246,,5,Train,1
DIYUAKHOKKCOEE-UHFFFAOYSA-N,O=C(NC1CC1c1ccccc1)N1CCC(c2nc(-c3ncccn3)no2)CC1,ChEMBL,CHEMBL551517,,5,Train,1
PLHSBHYVGMRRQD-UHFFFAOYSA-N,N#CCCC1(c2ccccc2)CCCN(C(=O)Nc2ccc(Cl)cc2)C1,ChEMBL,CHEMBL1078755,,5,Train,1
DAHUROVPPIYTLI-UHFFFAOYSA-N,O=C(Nc1ccc(Cl)cc1)N1CCCC(CCC2=NNNN2)(c2ccccc2)C1,ChEMBL,CHEMBL1079244,,5,Train,1
JIXUFNPVCLBVDU-UHFFFAOYSA-N,O=C(O)CCC1(c2ccncc2)CCCN(C(=O)Nc2ccc(Cl)cc2)C1,ChEMBL,CHEMBL1078336,,5,Train,1
PGDZKICIZRFRTP-UHFFFAOYSA-N,O=C(NC1CC1c1ccccc1)N1CCC(n2cccn2)CC1,ChEMBL,CHEMBL559101,,5,Train,1
HRXSTBZYYQOBSY-UHFFFAOYSA-N,O=C(NC1CCc2ccccc2CC1)N1CCC(c2nc(-c3ccccn3)no2)CC1,ChEMBL,CHEMBL562926,,5,Train,1
LPYVYKODQLEZSQ-UHFFFAOYSA-N,CC(C)(C)OC(=O)N1CC=C(c2cc(C(F)(F)F)ccc2-c2cccc3c2CCN(S(=O)(=O)Nc2ccncn2)C3)CC1,ChEMBL,CHEMBL3683225,,5,Train,1
QZKFAPZUVJIKCJ-UHFFFAOYSA-N,O=S(=O)(Nc1ccncn1)c1ccc2c(c1)OCCN2c1ncc(C(F)(F)F)cc1Cl,ChEMBL,CHEMBL3934231,,5,Validation,1
PVTFEAGMCGMRRS-UHFFFAOYSA-N,CNc1nc(C)nc(N2CCC(C(=O)NCc3ccc(Br)cc3OC(F)(F)F)CC2)n1,ChEMBL,CHEMBL2392692,,5,Train,1
LHEOWNKLIIFUNR-UHFFFAOYSA-N,Cc1ccc2cnccc2c1N1CCOc2cc(S(=O)(=O)Nc3nccs3)ccc21,ChEMBL,CHEMBL3935962,,5,Train,1
DUDKRHAXPSSRTL-HRYLBCQNSA-N,CC[C@H](C)[C@@H]1NC(=O)[C@@H]2CSSC[C@@H]3NC(=O)[C@H](C(C)C)NC(=O)[C@H](CC(C)C)NC(=O)[C@H](CC(N)=O)NC(=O)[C@@H]4CCCN4C(=O)[C@H](CCCNC(=N)N)NC(=O)[C@H](CSSC[C@H](NC(=O)[C@@H](N)CC(=O)O)C(=O)N[C@@H](CC(C)C)C(=O)NCC(=O)N[C@@H](Cc4ccc(I)cc4)C(=O)N[C@@H](CCSC)C(=O)N[C@@H](CCCNC(=N)N)C(=O)N[C@@H](CCCCN)C(=O)N2)NC(=O)[C@H](CSSC[C@@H](C(=O)N[C@@H](CCCCN)C(=O)N[C@@H](Cc2ccc(O)cc2)C(=O)N[C@H](C(=O)N[C@@H](Cc2ccccc2)C(N)=O)C(C)C)NC(=O)[C@H](Cc2c[nH]c4ccccc24)NC(=O)[C@H](CCCCN)NC(=O)[C@H](Cc2cnc[nH]2)NC(=O)[C@H]([C@@H](C)O)NC(=O)[C@H](CCCNC(=N)N)NC(=O)[C@H](CO)NC3=O)NC(=O)[C@H](CCCCN)NC(=O)[C@H](CC(=O)O)NC(=O)[C@H](CC(N)=O)NC(=O)[C@H](CC(=O)O)NC(=O)[C@@H]2CCCN2C1=O,ChEMBL,CHEMBL3416929,,5,Train,1
VAXBNOQDKPWVQN-UHFFFAOYSA-N,O=S(=O)(Nc1ncns1)c1ccc2c(c1)OCCN2c1cccc2ccccc12,ChEMBL,CHEMBL3944754,,5,Train,1
CNPAHNLJPBKWCH-NQIWTSOKSA-N,CC[C@H](C)[C@@H]1NC(=O)[C@@H]2CSSC[C@@H]3NC(=O)[C@H](C(C)C)NC(=O)[C@H](CC(C)C)NC(=O)[C@H](CC(N)=O)NC(=O)[C@@H]4CCCN4C(=O)[C@H](CCCNC(=N)N)NC(=O)[C@H](CSSC[C@H](NC(=O)[C@@H](N)CC(=O)O)C(=O)N[C@@H](CC(C)C)C(=O)NCC(=O)N[C@@H](Cc4ccccc4)C(=O)N[C@@H](Cc4ccc(O)cc4)C(=O)N[C@@H](CCCNC(=N)N)C(=O)N[C@@H](CCCCN)C(=O)N2)NC(=O)[C@H](CSSC[C@@H](C(=O)N[C@@H](CCCCN)C(=O)N[C@@H](Cc2ccc(O)cc2)C(=O)N[C@H](C(=O)N[C@@H](Cc2ccccc2)C(N)=O)C(C)C)NC(=O)[C@H](Cc2c[nH]c4ccccc24)NC(=O)[C@H](CCCCN)NC(=O)[C@H](Cc2cnc[nH]2)NC(=O)[C@H]([C@@H](C)O)NC(=O)[C@H](CCCNC(=N)N)NC(=O)[C@H](CO)NC3=O)NC(=O)[C@H](CCCCN)NC(=O)[C@H](CC(=O)O)NC(=O)[C@H](CC(N)=O)NC(=O)[C@H](CC(=O)O)NC(=O)[C@@H]2CCCN2C1=O,ChEMBL,CHEMBL3416935,,5,Validation,1
WDHGVVHBXWTZEI-HAPDRIAZSA-N,CC[C@H](C)[C@@H]1NC(=O)[C@@H]2CSSC[C@@H]3NC(=O)[C@H](C(C)C)NC(=O)[C@H](CC(C)C)NC(=O)[C@H](CC(N)=O)NC(=O)[C@@H]4CCCN4C(=O)[C@H](CCCNC(=N)N)NC(=O)[C@H](CSSC[C@H](NC(=O)[C@@H](N)CC(=O)O)C(=O)N[C@@H](CC(C)C)C(=O)NCC(=O)N[C@@H](C4CCCCC4)C(=O)N[C@@H](CCSC)C(=O)N[C@@H](CCCNC(=N)N)C(=O)N[C@@H](CCCCN)C(=O)N2)NC(=O)[C@H](CSSC[C@@H](C(=O)N[C@@H](CCCCN)C(=O)N[C@@H](Cc2ccc(O)cc2)C(=O)N[C@H](C(=O)N[C@@H](Cc2ccccc2)C(N)=O)C(C)C)NC(=O)[C@H](Cc2c[nH]c4ccccc24)NC(=O)[C@H](CCCCN)NC(=O)[C@H](Cc2cnc[nH]2)NC(=O)[C@H]([C@@H](C)O)NC(=O)[C@H](CCCNC(=N)N)NC(=O)[C@H](CO)NC3=O)NC(=O)[C@H](CCCCN)NC(=O)[C@H](CC(=O)O)NC(=O)[C@H](CC(N)=O)NC(=O)[C@H](CC(=O)O)NC(=O)[C@@H]2CCCN2C1=O,ChEMBL,CHEMBL3416928,,5,Train,1
FYISQNWWCJCJBP-QTUWYBHWSA-N,CC[C@H](C)[C@@H]1NC(=O)[C@@H]2CSSC[C@@H]3NC(=O)[C@H](C(C)C)NC(=O)[C@H](CC(C)C)NC(=O)[C@H](CC(N)=O)NC(=O)[C@@H]4CCCN4C(=O)[C@H](CCCN/C(=N/C)NC)NC(=O)[C@H](CSSC[C@H](NC(=O)[C@@H](N)CC(=O)O)C(=O)N[C@@H](CC(C)C)C(=O)NCC(=O)N[C@@H](Cc4ccccc4)C(=O)N[C@@H](CCSC)C(=O)N[C@@H](CCCNC(=N)N)C(=O)N[C@@H](CCCCN)C(=O)N2)NC(=O)[C@H](CSSC[C@@H](C(=O)N[C@@H](CCCCN)C(=O)N[C@@H](Cc2ccc(O)cc2)C(=O)N[C@H](C(=O)N[C@@H](Cc2ccccc2)C(N)=O)C(C)C)NC(=O)[C@H](Cc2c[nH]c4ccccc24)NC(=O)[C@H](CCCCN)NC(=O)[C@H](Cc2cnc[nH]2)NC(=O)[C@H]([C@@H](C)O)NC(=O)[C@H](CCCNC(=N)N)NC(=O)[C@H](CO)NC3=O)NC(=O)[C@H](CCCCN)NC(=O)[C@H](CC(=O)O)NC(=O)[C@H](CC(N)=O)NC(=O)[C@H](CC(=O)O)NC(=O)[C@@H]2CCCN2C1=O,ChEMBL,CHEMBL3799378,,5,Train,1
IQOLDUIYVMZEKG-VWNXMTODSA-N,O=C1CC2(CCN(C(=O)N[C@H]3C[C@@H]3c3ccccc3)CC2)Oc2ccc(-c3ccncc3)cc21,ChEMBL,CHEMBL495992,,5,Train,1
KMQZBSVCYFOFTL-WOJBJXKFSA-N,CS(=O)(=O)c1ccc2c(c1)C(=O)CC1(CCN(C(=O)N[C@@H]3CC[C@@H](c4ccccc4)C3)CC1)O2,ChEMBL,CHEMBL495586,,5,Train,1
AJOXHXYQBXGWPM-UHFFFAOYSA-N,O=S(=O)(Nc1cscn1)c1ccc2c(c1)OCCN2c1ccc(C(F)(F)F)cc1Cl,ChEMBL,CHEMBL3961261,,5,Train,1
YTDWKPSJWUXUKF-UHFFFAOYSA-N,O=C(O)CCCC1(c2ccccc2)CCCN(C(=O)Nc2ccc(Cl)cc2)C1,ChEMBL,CHEMBL1078565,,5,Train,1
YWSWCOZFNGPLJG-UHFFFAOYSA-N,CCN(CC)C(=O)CCC1(c2ccccc2)CCCN(C(=O)Nc2ccc(Cl)cc2)C1,ChEMBL,CHEMBL1078628,,5,Validation,1
UPGHKRVRAAZFBI-UHFFFAOYSA-N,Cn1cc(-c2ccc(C(F)(F)F)cc2Cl)c2ccc(S(=O)(=O)Nc3ncns3)cc21,ChEMBL,CHEMBL3704415,,5,Train,1
TVLJBXAGJSXECA-UHFFFAOYSA-N,O=S(=O)(Nc1nccs1)c1ccc2c(c1)OCCN2c1ncc(F)cc1F,ChEMBL,CHEMBL3983393,,5,Train,1
AONTVBFGKYHVMG-UVQARLOGSA-N,CC[C@H](C)[C@@H]1NC(=O)[C@@H]2CSSC[C@@H]3NC(=O)[C@H](C(C)C)NC(=O)[C@H](CC(C)C)NC(=O)[C@H](CC(N)=O)NC(=O)[C@@H]4CCCN4C(=O)[C@H](CCCNC(=N)N)NC(=O)[C@H](CSSC[C@H](NC(=O)[C@@H](N)CC(=O)O)C(=O)N[C@@H](CC(C)C)C(=O)NCC(=O)N[C@@H](Cc4ccccc4)C(=O)N[C@@H](CCSC)C(=O)N[C@@H](CCCNC(=N)N)C(=O)N[C@@H](CCCCN)C(=O)N2)NC(=O)[C@H](CSSC[C@@H](C(=O)N[C@@H](CCCCN)C(=O)N[C@@H](Cc2ccc(O)cc2)C(=O)N[C@H](C(=O)N[C@@H](Cc2ccccc2)C(N)=O)C(C)C)NC(=O)[C@H](Cc2cccc4ccccc24)NC(=O)[C@H](CCCCN)NC(=O)[C@H](Cc2cnc[nH]2)NC(=O)[C@H]([C@@H](C)O)NC(=O)[C@H](CCCNC(=N)N)NC(=O)[C@H](CO)NC3=O)NC(=O)[C@H](CCCCN)NC(=O)[C@H](CC(=O)O)NC(=O)[C@H](CC(N)=O)NC(=O)[C@H](CC(=O)O)NC(=O)[C@@H]2CCCN2C1=O,ChEMBL,CHEMBL3800477,,5,Train,1
BGUFQRBNZSKULL-UHFFFAOYSA-N,O=S(=O)(Nc1cnccn1)c1ccc2c(c1)OCCN2c1ccc(C(F)(F)F)cc1C1=CCNCC1,ChEMBL,CHEMBL3966862,,5,Train,1
LUSHMDSHIUJETJ-UHFFFAOYSA-N,Cn1cc(-c2ccc(C(F)(F)F)c(Cl)c2)c2ccc(S(=O)(=O)Nc3ncns3)cc21,ChEMBL,CHEMBL3704416,,5,Train,1
RIFYAWGYIHDAHH-UHFFFAOYSA-N,O=C(Nc1ccc(Cl)cc1)N1CCCC(CCO)(c2ccccc2)C1,ChEMBL,CHEMBL1079290,,5,Train,1
BWXROXUWWCGLRM-SNRWAQOTSA-N,CC[C@H](C)[C@@H]1NC(=O)[C@@H]2CSSC[C@@H]3NC(=O)[C@H](C(C)C)NC(=O)[C@H](CC(C)C)NC(=O)[C@H](CC(N)=O)NC(=O)[C@@H]4CCCN4C(=O)[C@H](CCCNC(=N)N)NC(=O)[C@H](CSSC[C@H](NC(=O)[C@@H](N)CC(=O)O)C(=O)N[C@@H](CC(C)C)C(=O)NCC(=O)N[C@@H](C4CCCC4)C(=O)N[C@@H](CCSC)C(=O)N[C@@H](CCCNC(=N)N)C(=O)N[C@@H](CCCCN)C(=O)N2)NC(=O)[C@H](CSSC[C@@H](C(=O)N[C@@H](CCCCN)C(=O)N[C@@H](Cc2ccc(O)cc2)C(=O)N[C@H](C(=O)N[C@@H](Cc2ccccc2)C(N)=O)C(C)C)NC(=O)[C@H](Cc2c[nH]c4ccccc24)NC(=O)[C@H](CCCCN)NC(=O)[C@H](Cc2cnc[nH]2)NC(=O)[C@H]([C@@H](C)O)NC(=O)[C@H](CCCNC(=N)N)NC(=O)[C@H](CO)NC3=O)NC(=O)[C@H](CCCCN)NC(=O)[C@H](CC(=O)O)NC(=O)[C@H](CC(N)=O)NC(=O)[C@H](CC(=O)O)NC(=O)[C@@H]2CCCN2C1=O,ChEMBL,CHEMBL3416927,,5,Train,1
RQDRWTLKQRNDSG-UHFFFAOYSA-N,Cn1cc(C2CCN(C(=O)NC3CC3c3ccccc3)CC2)nn1,ChEMBL,CHEMBL562869,,5,Train,1
MTISEOQZAIKNFX-CVMIBEPCSA-N,CC(O)c1ccc(-c2cccc3c2C[C@H](NC(=O)c2ccc(OCCOCC(F)(F)F)nc2)CO3)cn1,ChEMBL,CHEMBL2069414,,5,Train,1
HMVLRCNDXJZNLV-UHFFFAOYSA-N,N#Cc1c(F)cccc1N1CCOc2cc(S(=O)(=O)Nc3nccs3)ccc21,ChEMBL,CHEMBL3924938,,5,Train,1
CUMLPSALSFWUDE-UHFFFAOYSA-N,O=S(=O)(Nc1ncns1)N1CCc2c(cccc2-c2cccc3ccccc23)C1,ChEMBL,CHEMBL3683213,,5,Validation,1
IUTAFCQVIUFADT-UXHICEINSA-N,O=C(N[C@H]1C[C@@H]1c1ccccc1)N1CCC2(CCc3cc(F)ccc3O2)CC1,ChEMBL,CHEMBL483876,,5,Train,1
IIPPFWIHUHXQNA-PKOBYXMFSA-N,O=C(N[C@@H]1C[C@H]1c1ccccc1)N1CCC(c2nc(-c3ccccn3)no2)CC1,ChEMBL,CHEMBL562822,,5,Validation,1
ROFVBVAZSSHEPL-LGHJLPLWSA-N,CC[C@H](C)[C@@H]1NC(=O)[C@@H]2CSSC[C@@H]3NC(=O)[C@H](C(C)C)NC(=O)[C@H](CC(C)C)NC(=O)[C@H](CC(N)=O)NC(=O)[C@@H]4CCCN4C(=O)[C@H](CCCNC(=N)N)NC(=O)[C@H](CSSC[C@H](NC(=O)[C@@H](N)CC(=O)O)C(=O)N[C@@H](CC(C)C)C(=O)NCC(=O)N[C@@H](C(C)(C)C)C(=O)N[C@@H](CCSC)C(=O)N[C@@H](CCCNC(=N)N)C(=O)N[C@@H](CCCCN)C(=O)N2)NC(=O)[C@H](CSSC[C@@H](C(=O)N[C@@H](CCCCN)C(=O)N[C@@H](Cc2ccc(O)cc2)C(=O)N[C@H](C(=O)N[C@@H](Cc2ccccc2)C(N)=O)C(C)C)NC(=O)[C@H](Cc2c[nH]c4ccccc24)NC(=O)[C@H](CCCCN)NC(=O)[C@H](Cc2cnc[nH]2)NC(=O)[C@H]([C@@H](C)O)NC(=O)[C@H](CCCNC(=N)N)NC(=O)[C@H](CO)NC3=O)NC(=O)[C@H](CCCCN)NC(=O)[C@H](CC(=O)O)NC(=O)[C@H](CC(N)=O)NC(=O)[C@H](CC(=O)O)NC(=O)[C@@H]2CCCN2C1=O,ChEMBL,CHEMBL3416925,,5,Validation,1
AEUILRDAXLSTHQ-UHFFFAOYSA-N,O=C(NC1CC1c1ccccc1)N1CCC(c2nc(-c3ccccc3C(F)(F)F)no2)CC1,ChEMBL,CHEMBL561788,,5,Train,1
OCGIYHGXHMLCPX-ZFWWWQNUSA-N,O=S(=O)(Nc1ncns1)c1cc(F)c(OC[C@@H]2CNCC[C@H]2c2ccc(Cl)cc2)cc1F,ChEMBL,CHEMBL3325524,,5,Train,1
OZHJKBUBNACKJW-UHFFFAOYSA-N,O=S(=O)(Nc1ncns1)c1ccc2c(c1)OCCN2c1ccc(C(F)(F)F)cc1Br,ChEMBL,CHEMBL3962721,,5,Train,1
DQMMXAIHRCDFHS-UHFFFAOYSA-N,N#Cc1cc(S(=O)(=O)Nc2ncns2)ccc1Oc1ccc(Cl)cc1-c1cn[nH]c1N,ChEMBL,CHEMBL2325038,,5,Train,1
KONKYTZJYGLHBT-UHFFFAOYSA-N,O=S(=O)(Nc1cc(Cl)ncn1)c1ccc2c(c1)OCCN2c1ccc(C(F)(F)F)cc1Cl,ChEMBL,CHEMBL3896276,,5,Train,1
LPKQBMDZULLYLI-UHFFFAOYSA-N,Cn1ccc(NS(=O)(=O)c2ccc3c(c2)OCCN3c2ccc(C(F)(F)F)cc2Cl)n1,ChEMBL,CHEMBL3912273,,5,Train,1
KIZNPFJROFALGR-UHFFFAOYSA-N,CN1CC=C(c2cc(C(F)(F)F)ccc2N2CCOc3cc(S(=O)(=O)Nc4ncns4)ccc32)CC1,ChEMBL,CHEMBL3912959,,5,Train,1
ZETMOAGOQXDKOL-UHFFFAOYSA-N,O=S(=O)(Nc1ncns1)c1ccc2c(c1)OCCN2c1ccccc1,ChEMBL,CHEMBL3931583,,5,Train,1
MDUMLNKWTWMUSR-UHFFFAOYSA-N,O=S(=O)(Nc1cccnn1)c1ccc2c(c1)OCCN2c1ccc(C(F)(F)F)cc1C1=CCNCC1,ChEMBL,CHEMBL3940662,,5,Validation,1
FCRCEFKHUVZZBD-UHFFFAOYSA-N,O=S(=O)(Nc1ncns1)N1CCc2c(cccc2-c2cncc3ccccc23)C1,ChEMBL,CHEMBL3683214,,5,Train,1
FHZKYXNABGEJIH-UHFFFAOYSA-N,O=S(=O)(Nc1nccs1)c1ccc2c(c1)OCCN2c1cccc2cccnc12,ChEMBL,CHEMBL3974688,,5,Validation,1
RTYLJDUZJLKAPJ-UHFFFAOYSA-N,COc1ccc(N2CCOc3cc(S(=O)(=O)Nc4nccs4)ccc32)c(OC)c1,ChEMBL,CHEMBL3921824,,5,Train,1
NLTQZTZBFNPMDH-UHFFFAOYSA-N,Nc1nc2cc(-c3cc(Cl)ccc3Oc3cc(F)c(S(=O)(=O)Nc4ncns4)cc3F)ccc2[nH]1,ChEMBL,CHEMBL3617063,,5,Train,1
MVOYXQLNULAYDH-UHFFFAOYSA-N,Cc1cn(-c2cc(C(F)(F)F)ccc2-c2cccc3c2CCN(S(=O)(=O)Nc2ncc(F)s2)C3)cn1,ChEMBL,CHEMBL3683254,,5,Validation,1
JIHSVBWAKKLMNO-UHFFFAOYSA-N,CN1CC=C(c2cc(C(F)(F)F)ccc2-c2cccc3c2CCN(S(=O)(=O)Nc2ncc(F)s2)C3)CC1,ChEMBL,CHEMBL3683251,,5,Train,1
BWIJRPIRWUTHTB-UHFFFAOYSA-N,Cc1ccc(C(C)C)c(N2CCOc3cc(S(=O)(=O)Nc4nccs4)ccc32)c1,ChEMBL,CHEMBL3913628,,5,Train,1
KXOKFISPPHXYNG-UHFFFAOYSA-N,O=S(=O)(Nc1nccs1)c1ccc2c(c1)OCCN2c1ccc2ncccc2c1,ChEMBL,CHEMBL3926715,,5,Train,1
FQTVFOLTSKXZQS-UHFFFAOYSA-N,O=S(=O)(Nc1nccs1)c1ccc2c(c1)OCCN2c1ccc2ncsc2c1,ChEMBL,CHEMBL3930549,,5,Train,1
AAPROJRWTYDYSB-UHFFFAOYSA-N,O=S(=O)(Nc1nccs1)c1ccc2c(c1)OCCN2c1cccc2scnc12,ChEMBL,CHEMBL3958044,,5,Train,1
JXGJTODYQBRZDL-RTIVMORXSA-N,CS(=O)(=O)c1ccc2c(c1)CCC1(CCCN(C(=O)N[C@H]3C[C@@H]3c3ccccc3)CC1)O2,ChEMBL,CHEMBL482637,,5,Train,1
HOQGUPIDKRMGMW-UHFFFAOYSA-N,COc1ccc(F)cc1N1CCOc2cc(S(=O)(=O)Nc3nccs3)ccc21,ChEMBL,CHEMBL3895556,,5,Train,1
QXSKCQSXBLWLMF-UHFFFAOYSA-N,Cn1nccc1-c1cc(C(F)(F)F)ccc1-c1cn(C)c2cc(S(=O)(=O)Nc3ccncn3)ccc12,ChEMBL,CHEMBL3704407,,5,Train,1
CXNGEEDJNMVYAE-UHFFFAOYSA-N,Cn1cc(-c2cccc(C(F)(F)F)c2)c2ccc(S(=O)(=O)Nc3ncns3)cc21,ChEMBL,CHEMBL3704439,,5,Train,1
AWBYAYUKLRKMTA-UHFFFAOYSA-N,Cn1cc(-c2ccccc2OC(F)(F)F)c2ccc(S(=O)(=O)Nc3ncns3)cc21,ChEMBL,CHEMBL3704448,,5,Train,1
KBRQYSPRGQSWGH-UHFFFAOYSA-N,N#Cc1cccc(Cl)c1N1CCOc2cc(S(=O)(=O)Nc3nccs3)ccc21,ChEMBL,CHEMBL3958187,,5,Train,1
LDZNFFGWKHAEMM-HOCLYGCPSA-N,CN1CC[C@@H](c2ccc(Cl)cc2)[C@H](COc2cc(F)c(S(=O)(=O)Nc3ncns3)cc2F)C1,ChEMBL,CHEMBL3325536,,5,Train,1
AYYNSJQIJFSWRU-PHGCRLBGSA-N,CC[C@H](C)[C@@H]1NC(=O)[C@@H]2CSSC[C@@H]3NC(=O)[C@H](C(C)C)NC(=O)[C@H](CC(C)C)NC(=O)[C@H](CC(N)=O)NC(=O)[C@@H]4CCCN4C(=O)[C@H](CCCNC(=N)N)NC(=O)[C@H](CSSC[C@H](NC(=O)[C@@H](N)CC(=O)O)C(=O)N[C@@H](CC(C)C)C(=O)NCC(=O)N[C@@H](Cc4ccccc4)C(=O)N[C@@H](CC(C)C)C(=O)N[C@@H](CCCNC(=N)N)C(=O)N[C@@H](CCCCN)C(=O)N2)NC(=O)[C@H](CSSC[C@@H](C(=O)N[C@@H](CCCCN)C(=O)N[C@@H](Cc2ccc(O)cc2)C(=O)N[C@H](C(=O)N[C@@H](Cc2ccccc2)C(N)=O)C(C)C)NC(=O)[C@H](Cc2c[nH]c4ccccc24)NC(=O)[C@H](CCCCN)NC(=O)[C@H](Cc2cnc[nH]2)NC(=O)[C@H]([C@@H](C)O)NC(=O)[C@H](CCCNC(=N)N)NC(=O)[C@H](CO)NC3=O)NC(=O)[C@H](CCCCN)NC(=O)[C@H](CC(=O)O)NC(=O)[C@H](CC(N)=O)NC(=O)[C@H](CC(=O)O)NC(=O)[C@@H]2CCCN2C1=O,ChEMBL,CHEMBL3416932,,5,Train,1
BGYNZTFWBOFPBC-UHFFFAOYSA-N,Cn1cc(-c2cc(C(F)(F)F)ccc2-c2cccc3c2CCN(S(=O)(=O)Nc2ncns2)C3)cn1,ChEMBL,CHEMBL3683205,,5,Validation,1
PHYULFZHOXGPDH-UHFFFAOYSA-N,Cn1nccc1-c1cc(C(F)(F)F)ccc1-c1c[nH]c2cc(S(=O)(=O)Nc3ncns3)ccc12,ChEMBL,CHEMBL3704401,,5,Train,1
RTJQABCNNLMCJF-UHFFFAOYSA-N,CS(=O)(=O)c1ccc(-c2cnc(N)c(-c3ccc(C(F)(F)F)nc3)c2)cc1,ChEMBL,CHEMBL2041980,,5,Train,1
PUINHTIQEGQFLQ-UHFFFAOYSA-N,Cn1nccc1-c1cc(Cl)ccc1Oc1cc(F)c(S(=O)(=O)Nc2ccc(F)cn2)cc1Cl,ChEMBL,CHEMBL2324388,,5,Train,1
LBOOCFIPRBEDBL-UHFFFAOYSA-N,COc1cc(C#N)ccc1CN1CCOc2cc(S(=O)(=O)Nc3nccs3)ccc21,ChEMBL,CHEMBL3933266,,5,Validation,1
BDYASZPNXBPNKB-UHFFFAOYSA-N,Cn1nccc1-c1cc(Cl)ccc1-c1c[nH]c2cc(S(=O)(=O)Nc3ncns3)ccc12,ChEMBL,CHEMBL3704399,,5,Train,1
OOEYOHKNFCDVAN-UHFFFAOYSA-N,O=S(=O)(Nc1ncns1)N1CCc2c(cccc2-c2ccc(C(F)(F)F)cc2F)C1,ChEMBL,CHEMBL3683197,,5,Train,1
ARRVBLHOZYTNSM-IUFJOMBNSA-N,CCN[C@@H]1CCC=C(c2ccc(F)cc2)[C@H]1COc1cc(F)c(S(=O)(=O)Nc2cscn2)cc1Cl.Cl,ChEMBL,CHEMBL4203948,,5,Train,1
ZGGIJMCPNRQCOM-UHFFFAOYSA-N,O=S(=O)(Nc1ncns1)N1CCc2c(cccc2-c2cccc3[nH]ncc23)C1,ChEMBL,CHEMBL3683234,,5,Train,1
WMYHFLJZNYAPJW-UHFFFAOYSA-N,CC#Cc1cncc(-c2cn(C)c3cc(S(=O)(=O)Nc4ncns4)ccc23)c1,ChEMBL,CHEMBL3704409,,5,Train,1
NZVPKFNBCUVMIZ-UHFFFAOYSA-N,O=S(=O)(Nc1ncc(F)s1)N1CCc2c(cccc2-c2ccc(C(F)(F)F)cc2C2CCNCC2)C1,ChEMBL,CHEMBL3683223,,5,Train,1
QXDAPNSKMSNPFQ-UHFFFAOYSA-N,Cc1cncc(C)c1N1CCOc2cc(S(=O)(=O)Nc3nccs3)ccc21,ChEMBL,CHEMBL3927048,,5,Validation,1
CVOCTPVLHFXKLG-UHFFFAOYSA-N,COc1cnc(N2CCOc3cc(S(=O)(=O)Nc4nccs4)ccc32)c(OC)c1,ChEMBL,CHEMBL3972706,,5,Train,1
VGNVENCBQWXHQE-UHFFFAOYSA-N,COc1cc(-c2cc(OC)c(-n3c(=O)ccc4cc(S(=O)(=O)Nc5cccnn5)ccc43)cc2F)ccc1Cl,ChEMBL,CHEMBL3954639,,5,Train,1
ZHGZIHUZNQBPHC-UHFFFAOYSA-N,COc1cc(-c2cc(OC)c(-n3c(=O)ccc4cc(S(=O)(=O)Nc5ncccn5)ccc43)cc2F)ccc1Cl,ChEMBL,CHEMBL3937744,,5,Validation,1
QNGMWIGUDUIKOI-UHFFFAOYSA-N,O=S(=O)(Nc1ncns1)c1ccc2c(c1)OCCN2c1ccc(C(F)(F)F)cc1Cl,ChEMBL,CHEMBL3341981,,5,Train,1
DYVALQXCCQVXRJ-UHFFFAOYSA-N,O=S(=O)(Nc1ncccn1)c1ccc2c(c1)OCCN2c1ccc(C(F)(F)F)cc1Cl,ChEMBL,CHEMBL3982207,,5,Train,1
MREGFIWMZXOFAZ-UHFFFAOYSA-N,Cc1cc(C#N)ccc1-c1cn(C)c2cc(S(=O)(=O)Nc3ncns3)ccc12,ChEMBL,CHEMBL3704437,,5,Train,1
QTDLNCWVZXZPRJ-UHFFFAOYSA-N,Cc1noc(C2CCN(C(=O)NC3CC3c3ccccc3)CC2)n1,ChEMBL,CHEMBL564547,,5,Train,1
FVLWULJPDVDJPT-UHFFFAOYSA-N,Cn1cc(-c2cccc3ncccc23)c2ccc(S(=O)(=O)Nc3ncns3)cc21,ChEMBL,CHEMBL3704429,,5,Train,1
GXFYWBNJNQIMEU-UHFFFAOYSA-N,O=S(=O)(Nc1cscn1)c1ccc2c(c1)OCCN2c1ccc(C(F)(F)F)cc1Br,ChEMBL,CHEMBL3890316,,5,Train,1
RXUODJMQFRVNSY-UHFFFAOYSA-N,CC(C)n1cc(CN2CCC3(CC2)CC(=O)N(c2ccc(C(=O)O)cc2)C3)c2c(C3CC3)cccc21,ChEMBL,CHEMBL4278328,,5,Train,1
BUYFCULGRQRAFN-UHFFFAOYSA-N,Cn1nccc1-c1ccccc1N1CCOc2cc(S(=O)(=O)Nc3nccs3)ccc21,ChEMBL,CHEMBL3910221,,5,Train,1
PENOKWBKAHLQSK-UHFFFAOYSA-N,CCC1CN(c2ccc(C(F)(F)F)cc2C#N)c2ccc(S(=O)(=O)Nc3nccs3)cc2O1,ChEMBL,CHEMBL3909869,,5,Validation,1
AFDQTHBFWDABQO-UHFFFAOYSA-N,O=S(=O)(Nc1cncs1)c1ccc2c(c1)OCCN2c1ccc(C(F)(F)F)cc1C1=CCNCC1,ChEMBL,CHEMBL3901597,,5,Train,1
MHVVQGCDRSPVRZ-RNCFNFMXSA-N,C[C@@H](C(N)=O)[C@H](N)c1cn2cc(C(C)(C)C)ccc2n1,ChEMBL,CHEMBL4452291,,5,Train,1
OTKTZEZTFCAULO-DEOSSOPVSA-N,O=C(O)C[C@]1(CC(F)(F)F)CCc2cc(-c3cnc(NC(=O)Nc4ccc(F)c(F)c4)cn3)ccc2C1=O,ChEMBL,CHEMBL4173715,,5,Train,1
GUJMFDUXYXYBIE-RDJZCZTQSA-N,O=S(=O)(Nc1ncccn1)c1cc(F)c(OC[C@@H]2CNCC[C@H]2c2ccc(Cl)cc2)cc1F,ChEMBL,CHEMBL3325549,,5,Train,1
SWKNAMZCGMPKQA-UHFFFAOYSA-N,COc1cc(-c2cc(F)cnc2OC)c(F)cc1-c1nccc2cc(S(=O)(=O)Nc3ccon3)ccc12,ChEMBL,CHEMBL4104224,,5,Train,1
HIEJKXMLHXPHRC-UHFFFAOYSA-N,COc1cc(-c2cccc(F)c2)c(Cl)cc1-c1nn(C)c(=O)c2cc(S(=O)(=O)Nc3ccon3)ccc12,ChEMBL,CHEMBL4097970,,5,Train,1
PLEDPBLRULDFLA-UHFFFAOYSA-N,COc1cc(-c2cccc(F)c2)c(Cl)cc1-c1nccc2cc(S(=O)(=O)Nc3ccon3)ccc12,ChEMBL,CHEMBL3687608,,5,Train,1
ILPSOBRQTOEPKG-UHFFFAOYSA-N,COc1cccc(OC)c1-c1cccc2c1CCN(S(=O)(=O)Nc1ncns1)C2,ChEMBL,CHEMBL3683217,,5,Train,1
ONJGBZBANVUIIM-UHFFFAOYSA-N,Cn1cc(-c2ccc(C(F)(F)F)cc2C2=CCNCC2)c2ccc(S(=O)(=O)Nc3nccs3)cc21,ChEMBL,CHEMBL3704454,,5,Validation,1
VNGPUXDFCYCCNK-UHFFFAOYSA-N,Cn1nccc1-c1cc(Cl)ccc1-c1cn(C)c2cc(S(=O)(=O)Nc3ncns3)ccc12,ChEMBL,CHEMBL2409207,,5,Train,1
UVTSXNPIYUUCLV-UHFFFAOYSA-N,COc1cc(-c2cn(C)c3cc(S(=O)(=O)Nc4ncns4)ccc23)c(F)cn1,ChEMBL,CHEMBL3704446,,5,Train,1
WLHJAUMZXRWNNH-UHFFFAOYSA-N,Cn1cc(-c2cccc3c2CNCC3)c2ccc(S(=O)(=O)Nc3ncns3)cc21,ChEMBL,CHEMBL3704444,,5,Train,1
BCQVFSKMBDJDOF-UHFFFAOYSA-N,COc1cncc(-c2cc(C(F)(F)F)ccc2-c2cccc3c2CCN(S(=O)(=O)Nc2ncns2)C3)c1,ChEMBL,CHEMBL3683209,,5,Train,1
VIKCAELOKQWDBV-YJBOKZPZSA-N,O=S(=O)(Nc1ccc(F)cn1)c1cc(F)c(OC[C@@H]2CNCC[C@H]2c2ccc(Cl)cc2)cc1F,ChEMBL,CHEMBL3325546,,5,Train,1
JLXFCNWPMMNUMM-YOEHRIQHSA-N,O=S(=O)(Nc1ncc(F)cn1)c1cc(F)c(OC[C@@H]2CNCC[C@H]2c2ccc(Cl)cc2)cc1F,ChEMBL,CHEMBL3325550,,5,Validation,1
YFTWJMJJNTUAPW-UHFFFAOYSA-N,CN(C)c1cccc(-c2cn(C)c3cc(S(=O)(=O)Nc4ncns4)ccc23)c1,ChEMBL,CHEMBL3704438,,5,Validation,1
UUBSWOVGENYAEX-UHFFFAOYSA-N,Cn1cc(-c2cc(F)ccc2F)c2ccc(S(=O)(=O)Nc3ncns3)cc21,ChEMBL,CHEMBL3704405,,5,Train,1
OBDBXEXADWBFBG-UHFFFAOYSA-N,COc1cc(C(F)(F)F)ccc1-c1cccc2c1CN(S(=O)(=O)Nc1ncns1)CC2,ChEMBL,CHEMBL3683238,,5,Train,1
GYNDRZDRTRXCFQ-UHFFFAOYSA-N,Cn1nccc1-c1cc(C(F)(F)F)ccc1-c1cn(C)c2cc(S(=O)(=O)Nc3nccs3)ccc12,ChEMBL,CHEMBL3704406,,5,Train,1
IREQBUJZOZCNNO-UHFFFAOYSA-N,COc1ccc(-c2cn(C)c3cc(S(=O)(=O)Nc4ncns4)ccc23)c(Cl)c1,ChEMBL,CHEMBL3704432,,5,Train,1
OSFBKXXIDNUQDG-UHFFFAOYSA-N,O=S(=O)(Nc1ccncn1)N1CCc2c(cccc2-c2ccc(C(F)(F)F)cc2Br)C1,ChEMBL,CHEMBL3683239,,5,Train,1
NQZAAMMOPYGFGF-UHFFFAOYSA-N,O=S(=O)(Nc1nccs1)N1CCc2c(cccc2-c2ccc(C(F)(F)F)cc2C2=CCNCC2)C1,ChEMBL,CHEMBL3683224,,5,Validation,1
XOUCTLNHPHHKIJ-UHFFFAOYSA-N,COc1ccc(-c2cn(C)c3cc(S(=O)(=O)Nc4ncns4)ccc23)c2ccccc12,ChEMBL,CHEMBL3704431,,5,Train,1
WHYLNEOTAFIROI-UHFFFAOYSA-N,N#Cc1cccc(F)c1N1CCOc2cc(S(=O)(=O)Nc3nccs3)ccc21,ChEMBL,CHEMBL3902869,,5,Train,1
PCZYFTWNHASLMV-UHFFFAOYSA-N,COc1ccc(N2CCOc3cc(S(=O)(=O)Nc4nccs4)ccc32)cc1OC,ChEMBL,CHEMBL3949608,,5,Train,1
RWYCUHJGKOFPKA-UHFFFAOYSA-N,COc1ccc(OC)c(-c2cccc3c2CCN(S(=O)(=O)Nc2ncns2)C3)c1,ChEMBL,CHEMBL3683216,,5,Train,1
LXZJEDQMTJCHFZ-RDJZCZTQSA-N,O=S(=O)(Nc1ncns1)c1cc(F)c(OC[C@@H]2CN(CCF)CC[C@H]2c2ccc(Cl)cc2)cc1F,ChEMBL,CHEMBL3325538,,5,Train,1
OSFGOCXQCSHRKH-UHFFFAOYSA-N,O=S(=O)(Nc1ncns1)N1CCc2c(cccc2-c2ccc(C(F)(F)F)cc2-c2ccncc2)C1,ChEMBL,CHEMBL3683195,,5,Train,1
GPFJATGTAHFICK-UHFFFAOYSA-N,CN1CC=C(c2ccc(C(F)(F)F)cc2-c2cccc3c2CCN(S(=O)(=O)Nc2ncc(F)s2)C3)CC1,ChEMBL,CHEMBL3683252,,5,Train,1
CEKBSYAAPZUBEG-UHFFFAOYSA-N,COc1cc(F)ccc1-c1cn(C)c2cc(S(=O)(=O)Nc3ncns3)ccc12,ChEMBL,CHEMBL3704420,,5,Validation,1
WNPQUCQKSFDNDS-GJZGRUSLSA-N,O=S(=O)(Nc1ncns1)c1cc(F)c(OC[C@@H]2CNCC[C@H]2c2ccccc2)cc1F,ChEMBL,CHEMBL3325522,,5,Train,1
GDKHSAWBQQKHMF-UHFFFAOYSA-N,Cn1cc(-c2ccccc2)c2ccc(S(=O)(=O)Nc3ncns3)cc21,ChEMBL,CHEMBL3704427,,5,Train,1
NLIZQKLZXHHDPX-UHFFFAOYSA-N,O=S(=O)(Nc1nccs1)c1ccc2c(c1)OCCN2c1ccccc1C1CCOCC1,ChEMBL,CHEMBL3946933,,5,Train,1
VBIWEXRYPSYCFG-UHFFFAOYSA-N,O=S(=O)(Nc1nccs1)c1ccc2c(c1)OCCN2c1ccc(Cl)c(F)c1,ChEMBL,CHEMBL3973123,,5,Validation,1
NWPMOHMWNSDRJH-UHFFFAOYSA-N,Cc1c(Cl)cccc1N1CCOc2cc(S(=O)(=O)Nc3nccs3)ccc21,ChEMBL,CHEMBL3928200,,5,Train,1
IJASFADUIAWVTI-UHFFFAOYSA-N,COc1ccncc1N1CCOc2cc(S(=O)(=O)Nc3nccs3)ccc21,ChEMBL,CHEMBL3963974,,5,Train,1
XMHOASOCNUSOPA-UHFFFAOYSA-N,N#Cc1cncc(N2CCOc3cc(S(=O)(=O)Nc4nccs4)ccc32)c1,ChEMBL,CHEMBL3958250,,5,Train,1
CFSTZRGKPAIBIX-UHFFFAOYSA-N,CCOc1cccc(N2CCOc3cc(S(=O)(=O)Nc4nccs4)ccc32)c1,ChEMBL,CHEMBL3909976,,5,Train,1
BSLPKPPAMRXZEA-UHFFFAOYSA-N,O=S(=O)(Nc1nccs1)c1ccc2c(c1)OCCN2Cc1ccccc1,ChEMBL,CHEMBL3957302,,5,Train,1
IIAJEEOXJXLMDF-UHFFFAOYSA-N,NCc1nsc(NS(=O)(=O)c2ccc3c(c2)OCCN3c2ccc(C(F)(F)F)cc2Cl)n1,ChEMBL,CHEMBL3948091,,5,Train,1
VRWOEUUAURVITI-UHFFFAOYSA-N,CN1CC=C(c2cc(C(F)(F)F)ccc2N2CCOc3cc(S(=O)(=O)Nc4ccncn4)ccc32)CC1,ChEMBL,CHEMBL3929862,,5,Train,1
QSQYNDMXCIJFJF-UHFFFAOYSA-N,O=S(=O)(Nc1ccccn1)c1ccc2c(c1)OCCN2c1ccc(C(F)(F)F)cc1Br,ChEMBL,CHEMBL3950672,,5,Train,1
GGHBVUAXMMWOPA-UHFFFAOYSA-N,N#Cc1cc(S(=O)(=O)Nc2ncns2)ccc1Oc1ccc(Cl)cc1-c1ccnc(N)c1,ChEMBL,CHEMBL2325013,,5,Train,1
PGQPVUNTRHYZJA-UHFFFAOYSA-N,O=S(=O)(Nc1nccs1)c1ccc2c(c1)OCCN2c1ccc(C(F)(F)F)c(Cl)c1,ChEMBL,CHEMBL3900718,,5,Train,1
GEZQWAHRDCWJML-UHFFFAOYSA-N,COc1ncccc1-c1cccc2c1CCN(S(=O)(=O)Nc1ncns1)C2,ChEMBL,CHEMBL3683233,,5,Train,1
YAKUACDRCDWUNN-UHFFFAOYSA-N,CC(C)COc1ncc(-c2cc(F)c(-c3nnc(S(=O)(=O)CC4CC4)[nH]3)cc2F)cc1Cl,ChEMBL,CHEMBL4127756,,5,Validation,1
FUEMKENJKYZACX-UHFFFAOYSA-N,CCN1CC(n2nccc2-c2cc(Cl)ccc2Oc2cc(F)c(S(=O)(=O)Nc3cscn3)cc2F)C1,ChEMBL,CHEMBL2325020,,5,Train,1
VNGNMTZTIGDQCD-UYKUADRRSA-N,CC[C@@H]1NC(=O)CNC(=O)[C@H](CC(C)C)NC(=O)[C@@H](NC(=O)[C@@H](N)CC(=O)O)CSSC[C@@H]2NC(=O)[C@@H]3CSSC[C@@H](C(=O)N[C@@H](CCCCN)C(=O)N[C@@H](Cc4ccc(O)cc4)C(=O)N[C@H](C(=O)N[C@@H](Cc4ccccc4)C(N)=O)C(C)C)NC(=O)[C@H](Cc4c[nH]c5ccccc45)NC(=O)[C@H](CCCCN)NC(=O)[C@H](Cc4cnc[nH]4)NC(=O)[C@H]([C@@H](C)O)NC(=O)[C@H](CCCNC(=N)N)NC(=O)[C@H](CO)NC(=O)[C@H](CSSC[C@H](NC(=O)[C@H](CCCCN)NC(=O)[C@H](CCCNC(=N)N)NC(=O)[C@H](CCSC)NC1=O)C(=O)N[C@@H]([C@@H](C)CC)C(=O)N1CCC[C@H]1C(=O)N[C@@H](CC(=O)O)C(=O)N[C@@H](CC(N)=O)C(=O)N[C@@H](CC(=O)O)C(=O)N[C@@H](CCCCN)C(=O)N3)NC(=O)[C@H](C(C)C)NC(=O)[C@H](CC(C)C)NC(=O)[C@H](CC(N)=O)NC(=O)[C@@H]1CCCN1C(=O)[C@H](CCCNC(=N)N)NC2=O,ChEMBL,CHEMBL3416918,,5,Train,1
QJETWCFGSMIKHY-DCMLMJKOSA-N,CSCC[C@@H]1NC(=O)CNC(=O)[C@H](CCC(=O)O)NC(=O)[C@@H]2CSSC[C@H](NC(=O)[C@H](Cc3ccc(O)cc3)NC(=O)[C@H](Cc3ccc(O)cc3)NC(=O)[C@@H]3CCCN3C(=O)CN)C(=O)N[C@@H](CCC(N)=O)C(=O)N[C@@H](CCCCN)C(=O)N[C@@H](Cc3c[nH]c4ccccc34)C(=O)N[C@@H](CCSC)C(=O)N[C@@H](CCC(N)=O)C(=O)N[C@@H]([C@@H](C)O)C(=O)N[C@H]3CSSC[C@H](NC(=O)[C@H](C(C)C)NC1=O)C(=O)N[C@@H](CCCNC(=N)N)C(=O)N[C@@H](CC(C)C)C(=O)N[C@@H](Cc1c[nH]c4ccccc14)C(=O)N[C@H](C(=O)N[C@@H](CCCCN)C(=O)N[C@@H](CCCCN)C(=O)N[C@@H](CCCCN)C(=O)N[C@@H](CC(C)C)C(=O)N[C@@H](CC(C)C)C(=O)O)CSSC[C@H](NC(=O)[C@H](CCCCN)NC(=O)[C@H](CCCNC(=N)N)NC(=O)[C@H](CCC(=O)O)NC(=O)[C@H](CO)NC(=O)[C@H](CC(=O)O)NC3=O)C(=O)N2,ChEMBL,CHEMBL4454760,,5,Train,1
UNCDRASKFWAOIZ-UHFFFAOYSA-N,O=C(O)c1ccc(N2CC3(CCN(Cc4cc(C(F)(F)F)ccc4C4CC4)CC3)OC2=O)cc1,ChEMBL,CHEMBL4289325,,5,Train,1
SPKKAJSHCXENCX-UHFFFAOYSA-N,CC1(C)CCOc2c(Cl)cc(CN3CCC4(CC3)CC(=O)N(c3ccc(C(=O)O)cc3)C4)cc21,ChEMBL,CHEMBL4284867,,5,Train,1
ZNNMREUPBBMXRK-UHFFFAOYSA-N,COc1cc(C2CC2)ccc1-c1nccc2c1CCN(S(=O)(=O)Nc1ncns1)C2,ChEMBL,CHEMBL3683230,,5,Train,1
FYGLTHOOOXRKGN-UHFFFAOYSA-N,O=S(=O)(Nc1nccs1)c1ccc2c(c1)OCCN2c1ccc(-n2ccnc2)cc1,ChEMBL,CHEMBL3986073,,5,Train,1
YMQJEMQDDDAVNP-UHFFFAOYSA-N,O=S(=O)(Nc1nccs1)c1ccc2c(c1)OCCN2c1cccc(OC(F)F)c1,ChEMBL,CHEMBL3900187,,5,Train,1
VMBAILDOFKOQNV-UHFFFAOYSA-N,O=S(=O)(Nc1nccs1)c1ccc2c(c1)OCCN2c1ccc(C(F)(F)F)cn1,ChEMBL,CHEMBL3939863,,5,Train,1
KCAFDAXZAOOGJL-UHFFFAOYSA-N,Cc1cncn1-c1cc(C(F)(F)F)ccc1-c1cccc2c1CCN(S(=O)(=O)Nc1ncc(F)s1)C2,ChEMBL,CHEMBL3683255,,5,Train,1
ULNDGUSZRMBHDJ-UHFFFAOYSA-N,COc1cc(-c2cc(F)cc(F)c2)c(F)cc1-c1nccc2cc(S(=O)(=O)Nc3ccon3)ccc12,ChEMBL,CHEMBL4098941,,5,Train,1
RPJWVSTULWOXEQ-UHFFFAOYSA-N,COc1cc(-c2cccc(F)c2)c(Cl)cc1-c1nccc2cc(S(=O)(=O)Nc3ncon3)ccc12,ChEMBL,CHEMBL4071917,,5,Train,1
UHRYRVKAPATKIV-UHFFFAOYSA-N,COc1cc(-c2cccc(F)c2)c(Cl)cc1-c1nccc2cc(S(=O)(=O)Nc3ncco3)ccc12,ChEMBL,CHEMBL4092695,,5,Train,1
PNBLXSJTCOEHQZ-UHFFFAOYSA-N,COc1cc(-c2cccc(F)c2)c(Cl)cc1-c1nccc2cc(S(=O)(=O)Nc3cccnn3)ccc12,ChEMBL,CHEMBL4096614,,5,Train,1
DKCGTIMQKRLCSC-UHFFFAOYSA-N,COc1ccc(-c2cn(C)c3cc(S(=O)(=O)Nc4ncns4)ccc23)cc1C(F)(F)F,ChEMBL,CHEMBL3704440,,5,Train,1
ANGUVPSJNSWBFO-UHFFFAOYSA-N,CC(C)N(C)Cc1cccc(F)c1CNc1cc(F)c(S(=O)(=O)Nc2cscn2)c(F)c1,ChEMBL,CHEMBL4435054,,5,Train,1
MYJOBXPUJPRQLF-UHFFFAOYSA-N,O=C1CC2(CCN(C(=O)NC3CCc4ccccc43)CC2)Oc2ccccc21,PubChem,,44583236,5,Train,1
FZSIIVFTLMHKAP-UHFFFAOYSA-N,O=C1CC2(CCN(C(=O)NC3CCc4ccccc4CC3)CC2)Oc2ccccc21,PubChem,,44583237,5,Train,1
SJIHFYQHTFWHTM-UHFFFAOYSA-N,O=C(NC1CC1c1ccccc1)N1CCC(c2nc3ccccc3o2)CC1,PubChem,,45269950,5,Train,1
YZQWPJWDFKAQSN-UHFFFAOYSA-N,O=C(NC1CC1c1ccccc1)N1CCC(c2nc(-c3ccc4ccccc4n3)no2)CC1,PubChem,,45271618,5,Train,1
HRCSHGYOQCEMTF-UHFFFAOYSA-N,O=C(NC1CC1c1ccccc1)N1CCC(c2nc(-c3nccc4ccccc34)no2)CC1,PubChem,,45270788,5,Train,1
SHOBDCUSXYTMQM-UHFFFAOYSA-N,CC1(c2ccccc2)CCCN(C(=O)Nc2ccc(-c3ccccc3)cc2)C1,PubChem,,46883474,5,Train,1
VLTNDUTWQAZZNQ-UHFFFAOYSA-N,COc1cnc(-c2cccc(F)c2C(F)(F)CNC(=O)c2ccc(COCC(F)(F)F)nc2)cn1,PubChem,,71461830,5,Validation,1
NCDRTMQMVMDRCU-UHFFFAOYSA-N,COc1cccc(OCC(O)CN2CCC(N3Cc4ccccc4C3=O)CC2)c1,PubChem,,122196023,5,Train,1
LNOMZGGJGBXFOZ-RTWAWAEBSA-N,CS(=O)(=O)c1ccc2c(c1)CCC1(CCN(C(=O)N[C@H]3C[C@@H]3c3ccccc3)CC1)O2,PubChem,,44593664,5,Train,1
RHJMBQWXWMOCDA-IRLDBZIGSA-N,Cn1nccc1Nc1ccc2c(c1)C(=O)CC1(CCN(C(=O)N[C@H]3C[C@@H]3c3ccccc3)CC1)O2,PubChem,,44583350,5,Train,1
WHHQPBQWWSSETM-QUCCMNQESA-N,CS(=O)(=O)c1ccc2c(c1)C(=O)CC1(CCN(C(=O)N[C@H]3C[C@@H]3c3ccccc3)CC1)O2,PubChem,,44583351,5,Train,1
WCYAHHRDZBUIGB-UXHICEINSA-N,O=C(N[C@H]1C[C@@H]1c1ccccc1)N1CCC2(CCc3ccccc3O2)CC1,PubChem,,44583352,5,Train,1
SWEAYHBSAXRXDZ-MOPGFXCFSA-N,O=C1CC2(CCN(C(=O)N[C@H]3C[C@@H]3c3ccccc3)CC2)Oc2ccccc21,PubChem,,44593665,5,Train,1
OORIVESIQGRNJV-SJORKVTESA-N,O=C1CC2(CCN(C(=O)N[C@H]3C[C@@H]3c3ccccc3)CC2)Oc2cccnc21,PubChem,,44583288,5,Train,1
PTFJFPDNCOEVNS-DVKDBIPTSA-N,O=C(N[C@H]1C[C@@H]1c1ccccc1)N1CCC2(CC1)CC(O)c1ncccc1O2,PubChem,,44583289,5,Train,1
KVNUPZLQKXFWBS-IRLDBZIGSA-N,Cn1nccc1-c1ccc2c(c1)C(=O)CC1(CCN(C(=O)N[C@H]3C[C@@H]3c3ccccc3)CC1)O2,PubChem,,44583349,5,Train,1
DIBROLGRIJOMRQ-UHFFFAOYSA-N,O=C(NC1CC1c1ccccc1)N1CCC(n2ccnn2)CC1,PubChem,,45269087,5,Train,1
PMWSGFIJYUECNG-UHFFFAOYSA-N,Cn1cnnc1C1CCN(C(=O)NC2CC2c2ccccc2)CC1,PubChem,,45270771,5,Train,1
IIPPFWIHUHXQNA-UHFFFAOYSA-N,O=C(NC1CC1c1ccccc1)N1CCC(c2nc(-c3ccccn3)no2)CC1,PubChem,,44232522,5,Train,1
PPZAIZWNHZKGPM-UHFFFAOYSA-N,CS(=O)(=O)c1ccc(-c2noc(C3CCN(C(=O)NC4CC4c4ccccc4)CC3)n2)cc1,PubChem,,45270778,5,Train,1
BLVRDPUKIXDEBG-UHFFFAOYSA-N,O=C(NC1CC1c1ccccc1)N1CCC(c2nc(-c3ccncc3)no2)CC1,PubChem,,45273380,5,Validation,1
FOJGGWIJRFOXIF-UHFFFAOYSA-N,O=C(Nc1ccc(C(F)(F)F)cc1)N1CCC(c2nc(-c3ccccn3)no2)CC1,PubChem,,44236320,5,Train,1
BYFSZZCFOSXKJG-UHFFFAOYSA-N,O=C(NC1CCc2ccccc2C1)N1CCC(c2nc(-c3ccccn3)no2)CC1,PubChem,,44236322,5,Train,1
QYMLHNYPNZUQCL-UHFFFAOYSA-N,O=C(NC1CC1c1ccccc1)N1CCC(c2nnco2)CC1,PubChem,,45269096,5,Train,1
ACXQPBJHXILGLA-UHFFFAOYSA-N,O=C(O)c1ccc(-c2noc(C3CCN(C(=O)NC4CC4c4ccccc4)CC3)n2)cc1,PubChem,,45268206,5,Train,1
GQPZWGHDZGLONB-UHFFFAOYSA-N,Cc1c(C2CCN(C(=O)NC3CC3c3ccccc3)CC2)o[nH]c1=O,PubChem,,45269948,5,Train,1
CXIKGNQQHDCIPP-UHFFFAOYSA-N,O=C(O)CCCCC1(c2ccccc2)CCCN(C(=O)Nc2ccc(Cl)cc2)C1,PubChem,,46882919,5,Train,1
TVNCLEMLTQVHDY-UHFFFAOYSA-N,O=C(O)CCC1(c2ccc(C(F)(F)F)cc2)CCCN(C(=O)Nc2ccc(Cl)cc2)C1,PubChem,,46883032,5,Validation,1
YVZSCJHEMPRIEE-UHFFFAOYSA-N,O=C(Nc1ccc(Cl)cc1)N1CCCC(CCCO)(c2ccccc2)C1,PubChem,,46882950,5,Train,1
WAFKWVRPHCVAGK-UHFFFAOYSA-N,O=C(O)CCC1(c2ccccc2C(F)(F)F)CCCN(C(=O)Nc2ccc(Cl)cc2)C1,PubChem,,46882987,5,Train,1
BGFWYEFBAHLCNL-UHFFFAOYSA-N,O=C(O)CCC1(c2cccc(C(F)(F)F)c2)CCCN(C(=O)Nc2ccc(Cl)cc2)C1,PubChem,,46882988,5,Train,1
BTNSKYZYJVZFJC-UHFFFAOYSA-N,O=C(O)CCC1(c2cccnc2)CCCN(C(=O)Nc2ccc(Cl)cc2)C1,PubChem,,46883034,5,Train,1
LPQIVQULTGLWTO-UHFFFAOYSA-N,O=C(NCc1ccc(OC(F)(F)F)cc1)C1c2cccc(O)c2C(=O)N1CCc1ncc(F)cn1,PubChem,,60201257,5,Train,1
TVQFYGIEBVVYRN-PVMFBFNOSA-N,CC[C@H](C)[C@@H]1NC(=O)[C@@H]2CSSC[C@@H]3NC(=O)[C@H](C(C)C)NC(=O)[C@H](CC(C)C)NC(=O)[C@H](CC(N)=O)NC(=O)[C@@H]4CCCN4C(=O)[C@H](CCCNC(=N)N)NC(=O)[C@H](CSSC[C@H](NC(=O)[C@@H](N)CC(=O)O)C(=O)N[C@@H](CC(C)C)C(=O)NCC(=O)N[C@@H](Cc4ccccc4)C(=O)N[C@@H](CCSC)C(=O)N[C@@H](CCCNC(=N)N)C(=O)N[C@@H](CCCCN)C(=O)N2)NC(=O)[C@H](CSSC[C@@H](C(=O)N[C@@H](CCCCN)C(=O)N[C@@H](Cc2ccc(O)cc2)C(=O)N[C@H](C(=O)N[C@@H](Cc2ccccc2)C(N)=O)C(C)C)NC(=O)[C@H](Cc2c[nH]c4ccccc24)NC(=O)[C@H](CCCCN)NC(=O)[C@H](Cc2c[nH]cn2)NC(=O)[C@H]([C@@H](C)O)NC(=O)[C@H](CCCNC(=N)N)NC(=O)[C@H](CO)NC3=O)NC(=O)[C@H](CCCCN)NC(=O)[C@H](CC(=O)O)NC(=O)[C@H](CC(N)=O)NC(=O)[C@H](CC(=O)O)NC(=O)[C@@H]2CCCN2C1=O,PubChem,,155569744,5,Train,1
WOXTXONZZQWHSI-ZHYFBOCUSA-N,CC[C@H](C)[C@@H]1NC(=O)[C@@H]2CSSC[C@@H]3NC(=O)[C@H](C(C)C)NC(=O)[C@H](CC(C)C)NC(=O)[C@H](CC(N)=O)NC(=O)[C@@H]4CCCN4C(=O)[C@H](CCCNC(=N)N)NC(=O)[C@H](CSSC[C@H](NC(=O)[C@@H](N)CC(=O)O)C(=O)N[C@@H](CC(C)C)C(=O)NCC(=O)NCC(=O)N[C@@H](CCSC)C(=O)N[C@@H](CCCNC(=N)N)C(=O)N[C@@H](CCCCN)C(=O)N2)NC(=O)[C@H](CSSC[C@@H](C(=O)N[C@@H](CCCCN)C(=O)N[C@@H](Cc2ccc(O)cc2)C(=O)N[C@H](C(=O)N[C@@H](Cc2ccccc2)C(N)=O)C(C)C)NC(=O)[C@H](Cc2c[nH]c4ccccc24)NC(=O)[C@H](CCCCN)NC(=O)[C@H](Cc2cnc[nH]2)NC(=O)[C@H]([C@@H](C)O)NC(=O)[C@H](CCCNC(=N)N)NC(=O)[C@H](CO)NC3=O)NC(=O)[C@H](CCCCN)NC(=O)[C@H](CC(=O)O)NC(=O)[C@H](CC(N)=O)NC(=O)[C@H](CC(=O)O)NC(=O)[C@@H]2CCCN2C1=O,PubChem,,118734462,5,Train,1
RTOOFVOZLOJQBN-FCHOXOAJSA-N,CC[C@H](C)[C@@H]1NC(=O)[C@@H]2CSSC[C@@H]3NC(=O)[C@H](C(C)C)NC(=O)[C@H](CC(C)C)NC(=O)[C@H](CC(N)=O)NC(=O)[C@@H]4CCCN4C(=O)[C@H](CCCNC(=N)N)NC(=O)[C@H](CSSC[C@H](NC(=O)[C@@H](N)CC(=O)O)C(=O)N[C@@H](CC(C)C)C(=O)NCC(=O)N[C@@H](C)C(=O)N[C@@H](Cc4ccccc4)C(=O)N[C@@H](CCCNC(=N)N)C(=O)N[C@@H](CCCCN)C(=O)N2)NC(=O)[C@H](CSSC[C@@H](C(=O)N[C@@H](CCCCN)C(=O)N[C@@H](Cc2ccc(O)cc2)C(=O)N[C@H](C(=O)N[C@@H](Cc2ccccc2)C(N)=O)C(C)C)NC(=O)[C@H](Cc2c[nH]c4ccccc24)NC(=O)[C@H](CCCNC(=N)N)NC(=O)[C@H](Cc2cnc[nH]2)NC(=O)[C@H](CC(C)C)NC(=O)[C@H](CCCNC(=N)N)NC(=O)[C@H](CO)NC3=O)NC(=O)[C@H](CCCCN)NC(=O)[C@H](CC(=O)O)NC(=O)[C@H](CC(N)=O)NC(=O)[C@H](CC(=O)O)NC(=O)[C@@H]2CCCN2C1=O,PubChem,,118734553,5,Train,1
NUWOYXJZRNUOAG-XJSQHKOTSA-N,CC[C@H](C)[C@@H]1NC(=O)[C@@H]2CSSC[C@@H]3NC(=O)[C@H](C(C)C)NC(=O)[C@H](CC(C)C)NC(=O)[C@H](CC(N)=O)NC(=O)[C@@H]4CCCN4C(=O)[C@H](CCCNC(=N)N)NC(=O)[C@H](CSSC[C@H](NC(=O)[C@@H](N)CC(=O)O)C(=O)N[C@@H](CC(C)C)C(=O)NCC(=O)N(C)[C@@H](CC(C)C)C(=O)N[C@@H](CCSC)C(=O)N[C@@H](CCCNC(=N)N)C(=O)N[C@@H](CCCCN)C(=O)N2)NC(=O)[C@H](CSSC[C@@H](C(=O)N[C@@H](CCCCN)C(=O)N[C@@H](Cc2ccc(O)cc2)C(=O)N[C@H](C(=O)N[C@@H](Cc2ccccc2)C(N)=O)C(C)C)NC(=O)[C@H](Cc2c[nH]c4ccccc24)NC(=O)[C@H](CCCCN)NC(=O)[C@H](Cc2cnc[nH]2)NC(=O)[C@H]([C@@H](C)O)NC(=O)[C@H](CCCNC(=N)N)NC(=O)[C@H](CO)NC3=O)NC(=O)[C@H](CCCCN)NC(=O)[C@H](CC(=O)O)NC(=O)[C@H](CC(N)=O)NC(=O)[C@H](CC(=O)O)NC(=O)[C@@H]2CCCN2C1=O,PubChem,,118734469,5,Train,1
MLPXAEWHSAPBSG-ZZFUMOBZSA-N,CC[C@H](C)[C@@H]1NC(=O)[C@@H]2CSSC[C@@H]3NC(=O)[C@H](C(C)C)NC(=O)[C@H](CC(C)C)NC(=O)[C@H](CC(N)=O)NC(=O)[C@@H]4CCCN4C(=O)[C@H](CCCNC(=N)N)NC(=O)[C@H](CSSC[C@H](NC(=O)[C@@H](N)CC(=O)O)C(=O)N[C@@H](CC(C)C)C(=O)NCC(=O)N[C@@H](C)C(=O)N[C@@H](Cc4ccccc4)C(=O)N[C@@H](CCCNC(=N)N)C(=O)N[C@@H](CCCCN)C(=O)N2)NC(=O)[C@H](CSSC[C@@H](C(=O)N[C@@H](CCCCN)C(=O)N[C@@H](Cc2ccc(O)cc2)C(=O)N[C@H](C(=O)N[C@@H](Cc2ccccc2)C(N)=O)C(C)C)NC(=O)[C@H](Cc2c[nH]c4ccccc24)NC(=O)[C@H](CCCCN)NC(=O)[C@H](Cc2cnc[nH]2)NC(=O)[C@H]([C@@H](C)O)NC(=O)[C@H](CCCNC(=N)N)NC(=O)[C@H](CO)NC3=O)NC(=O)[C@H](CCCCN)NC(=O)[C@H](CC(=O)O)NC(=O)[C@H](CC(N)=O)NC(=O)[C@H](CC(=O)O)NC(=O)[C@@H]2CCCN2C1=O,PubChem,,118734485,5,Validation,1
URPPTSKYAICHHE-RBMRBQIVSA-N,CC[C@H](C)[C@@H]1NC(=O)[C@@H]2CSSC[C@@H]3NC(=O)[C@H](C(C)C)NC(=O)[C@H](CC(C)C)NC(=O)[C@H](CC(N)=O)NC(=O)[C@@H]4CCCN4C(=O)[C@H](CCCNC(=N)N)NC(=O)[C@H](CSSC[C@H](NC(=O)[C@@H](N)CC(=O)O)C(=O)N[C@@H](CC(C)C)C(=O)NCC(=O)N[C@@H](C)C(=O)N[C@@H](CCSC)C(=O)N[C@@H](CCCNC(=N)N)C(=O)N[C@@H](CCCCN)C(=O)N2)NC(=O)[C@H](CSSC[C@@H](C(=O)N[C@@H](CCCCN)C(=O)N[C@@H](Cc2ccc(O)cc2)C(=O)N[C@H](C(=O)N[C@@H](Cc2ccccc2)C(N)=O)C(C)C)NC(=O)[C@H](Cc2c[nH]c4ccccc24)NC(=O)[C@H](CCCCN)NC(=O)[C@H](Cc2cnc[nH]2)NC(=O)[C@H](CC(C)C)NC(=O)[C@H](CCCNC(=N)N)NC(=O)[C@H](CO)NC3=O)NC(=O)[C@H](CCCCN)NC(=O)[C@H](CC(=O)O)NC(=O)[C@H](CC(N)=O)NC(=O)[C@H](CC(=O)O)NC(=O)[C@@H]2CCCN2C1=O,PubChem,,118734549,5,Train,1
HKGIIDMRRIZCBC-GODGPPIMSA-N,CC[C@H](C)[C@@H]1NC(=O)[C@@H]2CSSC[C@@H]3NC(=O)[C@H](C(C)C)NC(=O)[C@H](CC(C)C)NC(=O)[C@H](CC(N)=O)NC(=O)[C@@H]4CCCN4C(=O)[C@H](CCCNC(=N)N)NC(=O)[C@H](CSSC[C@H](NC(=O)[C@@H](N)CC(=O)O)C(=O)N[C@@H](CC(C)C)C(=O)NCC(=O)N[C@@H](C)C(=O)N[C@@H](Cc4ccccc4)C(=O)N[C@@H](CCCNC(=N)N)C(=O)N[C@@H](CCCCN)C(=O)N2)NC(=O)[C@H](CSSC[C@@H](C(=O)N[C@@H](CCCCN)C(=O)N[C@@H](Cc2ccc(O)cc2)C(=O)N[C@H](C(=O)N[C@@H](Cc2ccccc2)C(N)=O)C(C)C)NC(=O)[C@H](Cc2c[nH]c4ccccc24)NC(=O)[C@H](CCCNC(=N)N)NC(=O)[C@H](Cc2cnc[nH]2)NC(=O)[C@H]([C@@H](C)O)NC(=O)[C@H](CCCNC(=N)N)NC(=O)[C@H](CO)NC3=O)NC(=O)[C@H](CCCCN)NC(=O)[C@H](CC(=O)O)NC(=O)[C@H](CC(N)=O)NC(=O)[C@H](CC(=O)O)NC(=O)[C@@H]2CCCN2C1=O,PubChem,,118734551,5,Train,1
PPULFMUCXUFXFS-PNZSKDCGSA-N,CC[C@H](C)[C@@H]1NC(=O)[C@@H]2CSSC[C@@H]3NC(=O)[C@H](C(C)C)NC(=O)[C@H](CC(C)C)NC(=O)[C@H](CC(N)=O)NC(=O)[C@@H]4CCCN4C(=O)[C@H](CCCNC(=N)N)NC(=O)[C@H](CSSC[C@H](NC(=O)[C@@H](N)CC(=O)O)C(=O)N[C@@H](CC(C)C)C(=O)NCC(=O)N[C@@H](C)C(=O)N[C@@H](CC(C)C)C(=O)N[C@@H](CCCNC(=N)N)C(=O)N[C@@H](CCCCN)C(=O)N2)NC(=O)[C@H](CSSC[C@@H](C(=O)N[C@@H](CCCCN)C(=O)N[C@@H](Cc2ccc(O)cc2)C(=O)N[C@H](C(=O)N[C@@H](Cc2ccccc2)C(N)=O)C(C)C)NC(=O)[C@H](Cc2c[nH]c4ccccc24)NC(=O)[C@H](CCCCN)NC(=O)[C@H](Cc2cnc[nH]2)NC(=O)[C@H]([C@@H](C)O)NC(=O)[C@H](CCCNC(=N)N)NC(=O)[C@H](CO)NC3=O)NC(=O)[C@H](CCCCN)NC(=O)[C@H](CC(=O)O)NC(=O)[C@H](CC(N)=O)NC(=O)[C@H](CC(=O)O)NC(=O)[C@@H]2CCCN2C1=O,PubChem,,118734484,5,Train,1
OMVGGVZSKZAZRH-QZZDFEHJSA-N,CCC[C@@H]1NC(=O)CNC(=O)[C@H](CC(C)C)NC(=O)[C@@H](NC(=O)[C@@H](N)CC(=O)O)CSSC[C@@H]2NC(=O)[C@@H]3CSSC[C@@H](C(=O)N[C@@H](CCCCN)C(=O)N[C@@H](Cc4ccc(O)cc4)C(=O)N[C@H](C(=O)N[C@@H](Cc4ccccc4)C(N)=O)C(C)C)NC(=O)[C@H](Cc4c[nH]c5ccccc45)NC(=O)[C@H](CCCCN)NC(=O)[C@H](Cc4cnc[nH]4)NC(=O)[C@H]([C@@H](C)O)NC(=O)[C@H](CCCNC(=N)N)NC(=O)[C@H](CO)NC(=O)[C@H](CSSC[C@H](NC(=O)[C@H](CCCCN)NC(=O)[C@H](CCCNC(=N)N)NC(=O)[C@H](CCSC)NC1=O)C(=O)N[C@@H]([C@@H](C)CC)C(=O)N1CCC[C@H]1C(=O)N[C@@H](CC(=O)O)C(=O)N[C@@H](CC(N)=O)C(=O)N[C@@H](CC(=O)O)C(=O)N[C@@H](CCCCN)C(=O)N3)NC(=O)[C@H](C(C)C)NC(=O)[C@H](CC(C)C)NC(=O)[C@H](CC(N)=O)NC(=O)[C@@H]1CCCN1C(=O)[C@H](CCCNC(=N)N)NC2=O,PubChem,,118734464,5,Train,1
NYYLLHPJFRXNNL-ZMCUZXMISA-N,CC[C@H](C)[C@@H]1NC(=O)[C@@H]2CSSC[C@@H]3NC(=O)[C@H](C(C)C)NC(=O)[C@H](CC(C)C)NC(=O)[C@H](CC(N)=O)NC(=O)[C@@H]4CCCN4C(=O)[C@H](CCCNC(=N)N)NC(=O)[C@H](CSSC[C@H](NC(=O)[C@@H](N)CC(=O)O)C(=O)N[C@@H](CC(C)C)C(=O)NCC(=O)N[C@@H](C)C(=O)N[C@@H](Cc4ccccc4)C(=O)N[C@@H](CCCNC(=N)N)C(=O)N[C@@H](CCCCN)C(=O)N2)NC(=O)[C@H](CSSC[C@@H](C(=O)N[C@@H](CCCCN)C(=O)N[C@@H](Cc2ccc(O)cc2)C(=O)N[C@H](C(=O)N[C@@H](Cc2ccccc2)C(N)=O)C(C)C)NC(=O)[C@H](Cc2c[nH]c4ccccc24)NC(=O)[C@H](CCCCN)NC(=O)[C@H](Cc2cnc[nH]2)NC(=O)[C@H](CC(C)C)NC(=O)[C@H](CCCNC(=N)N)NC(=O)[C@H](CO)NC3=O)NC(=O)[C@H](CCCCN)NC(=O)[C@H](CC(=O)O)NC(=O)[C@H](CC(N)=O)NC(=O)[C@H](CC(=O)O)NC(=O)[C@@H]2CCCN2C1=O,PubChem,,118734550,5,Train,1
AEOWWHISFCXAPB-XXWVQHFSSA-N,CC[C@H](C)[C@@H]1NC(=O)[C@@H]2CSSC[C@@H]3NC(=O)[C@H](C(C)C)NC(=O)[C@H](CC(C)C)NC(=O)[C@H](CC(N)=O)NC(=O)[C@@H]4CCCN4C(=O)[C@H](CCCNC(=N)N)NC(=O)[C@H](CSSC[C@H](NC(=O)[C@@H](N)CC(=O)O)C(=O)N[C@@H](CC(C)C)C(=O)NCC(=O)N[C@@H](C)C(=O)N[C@@H](CC(C)C)C(=O)N[C@@H](CCCNC(=N)N)C(=O)N[C@@H](CCCCN)C(=O)N2)NC(=O)[C@H](CSSC[C@@H](C(=O)N[C@@H](CCCCN)C(=O)N[C@@H](Cc2ccc(O)cc2)C(=O)N[C@H](C(=O)N[C@@H](Cc2ccccc2)C(N)=O)C(C)C)NC(=O)[C@H](Cc2c[nH]c4ccccc24)NC(=O)[C@H](CCCNC(=N)N)NC(=O)[C@H](Cc2cnc[nH]2)NC(=O)[C@H]([C@@H](C)O)NC(=O)[C@H](CCCNC(=N)N)NC(=O)[C@H](CO)NC3=O)NC(=O)[C@H](CCCCN)NC(=O)[C@H](CC(=O)O)NC(=O)[C@H](CC(N)=O)NC(=O)[C@H](CC(=O)O)NC(=O)[C@@H]2CCCN2C1=O,PubChem,,118734552,5,Train,1
VRBQNSZJFJWBOX-PNZSKDCGSA-N,CCCC[C@@H]1NC(=O)[C@H](C)NC(=O)CNC(=O)[C@H](CC(C)C)NC(=O)[C@@H](NC(=O)[C@@H](N)CC(=O)O)CSSC[C@@H]2NC(=O)[C@@H]3CSSC[C@@H](C(=O)N[C@@H](CCCCN)C(=O)N[C@@H](Cc4ccc(O)cc4)C(=O)N[C@H](C(=O)N[C@@H](Cc4ccccc4)C(N)=O)C(C)C)NC(=O)[C@H](Cc4c[nH]c5ccccc45)NC(=O)[C@H](CCCCN)NC(=O)[C@H](Cc4cnc[nH]4)NC(=O)[C@H]([C@@H](C)O)NC(=O)[C@H](CCCNC(=N)N)NC(=O)[C@H](CO)NC(=O)[C@H](CSSC[C@H](NC(=O)[C@H](CCCCN)NC(=O)[C@H](CCCNC(=N)N)NC1=O)C(=O)N[C@@H]([C@@H](C)CC)C(=O)N1CCC[C@H]1C(=O)N[C@@H](CC(=O)O)C(=O)N[C@@H](CC(N)=O)C(=O)N[C@@H](CC(=O)O)C(=O)N[C@@H](CCCCN)C(=O)N3)NC(=O)[C@H](C(C)C)NC(=O)[C@H](CC(C)C)NC(=O)[C@H](CC(N)=O)NC(=O)[C@@H]1CCCN1C(=O)[C@H](CCCNC(=N)N)NC2=O,PubChem,,118734483,5,Train,1
MHCFCBKACKZMRG-HTFUMWKFSA-N,CC[C@H](C)[C@@H]1NC(=O)[C@@H]2CSSC[C@@H]3NC(=O)[C@H](C(C)C)NC(=O)[C@H](CC(C)C)NC(=O)[C@H](CC(N)=O)NC(=O)[C@@H]4CCCN4C(=O)[C@H](CCCNC(=N)N)NC(=O)[C@H](CSSC[C@H](NC(=O)[C@@H](N)CC(=O)O)C(=O)N[C@@H](CC(C)C)C(=O)NCC(=O)N[C@@H](Cc4ccccc4)C(=O)N[C@@H](CCSC)C(=O)N[C@@H](CCCNC(=N)N)C(=O)N[C@@H](CCCCN)C(=O)N2)NC(=O)[C@H](CSSC[C@@H](C(=O)N[C@@H](CCCCN)C(=O)N[C@@H](Cc2ccc(O)cc2)C(=O)N[C@H](C(=O)N[C@@H](Cc2ccccc2)C(N)=O)C(C)C)NC(=O)[C@H](Cc2c[nH]c4ccccc24)NC(=O)[C@H](CCC(=O)O)NC(=O)[C@H](Cc2cnc[nH]2)NC(=O)[C@H]([C@@H](C)O)NC(=O)[C@H](CCCNC(=N)N)NC(=O)[C@H](CO)NC3=O)NC(=O)[C@H](CCCCN)NC(=O)[C@H](CC(=O)O)NC(=O)[C@H](CC(N)=O)NC(=O)[C@H](CC(=O)O)NC(=O)[C@@H]2CCCN2C1=O,PubChem,,118734548,5,Validation,1
FQPGNCPDSJCJOY-LYODYHPVSA-N,CC[C@H](C)[C@@H]1NC(=O)[C@@H]2CSSC[C@@H]3NC(=O)[C@H](C(C)C)NC(=O)[C@H](CC(C)C)NC(=O)[C@H](CC(N)=O)NC(=O)[C@@H]4CCCN4C(=O)[C@H](CCCNC(=N)N)NC(=O)[C@H](CSSC[C@H](NC(=O)[C@@H](N)CC(=O)O)C(=O)N[C@@H](CC(C)C)C(=O)NCC(=O)N[C@@H](C(C)C)C(=O)N[C@@H](CCSC)C(=O)N[C@@H](CCCNC(=N)N)C(=O)N[C@@H](CCCCN)C(=O)N2)NC(=O)[C@H](CSSC[C@@H](C(=O)N[C@@H](CCCCN)C(=O)N[C@@H](Cc2ccc(O)cc2)C(=O)N[C@H](C(=O)N[C@@H](Cc2ccccc2)C(N)=O)C(C)C)NC(=O)[C@H](Cc2c[nH]c4ccccc24)NC(=O)[C@H](CCCCN)NC(=O)[C@H](Cc2cnc[nH]2)NC(=O)[C@H]([C@@H](C)O)NC(=O)[C@H](CCCNC(=N)N)NC(=O)[C@H](CO)NC3=O)NC(=O)[C@H](CCCCN)NC(=O)[C@H](CC(=O)O)NC(=O)[C@H](CC(N)=O)NC(=O)[C@H](CC(=O)O)NC(=O)[C@@H]2CCCN2C1=O,PubChem,,118734465,5,Train,1
RBZHSWMHSXFMSD-ZLTIQJTMSA-N,CC[C@H](C)[C@@H]1NC(=O)CNC(=O)[C@H](CC(C)C)NC(=O)[C@@H](NC(=O)[C@@H](N)CC(=O)O)CSSC[C@@H]2NC(=O)[C@@H]3CSSC[C@@H](C(=O)N[C@@H](CCCCN)C(=O)N[C@@H](Cc4ccc(O)cc4)C(=O)N[C@H](C(=O)N[C@@H](Cc4ccccc4)C(N)=O)C(C)C)NC(=O)[C@H](Cc4c[nH]c5ccccc45)NC(=O)[C@H](CCCCN)NC(=O)[C@H](Cc4cnc[nH]4)NC(=O)[C@H]([C@@H](C)O)NC(=O)[C@H](CCCNC(=N)N)NC(=O)[C@H](CO)NC(=O)[C@H](CSSC[C@H](NC(=O)[C@H](CCCCN)NC(=O)[C@H](CCCNC(=N)N)NC(=O)[C@H](CCSC)NC1=O)C(=O)N[C@@H]([C@@H](C)CC)C(=O)N1CCC[C@H]1C(=O)N[C@@H](CC(=O)O)C(=O)N[C@@H](CC(N)=O)C(=O)N[C@@H](CC(=O)O)C(=O)N[C@@H](CCCCN)C(=O)N3)NC(=O)[C@H](C(C)C)NC(=O)[C@H](CC(C)C)NC(=O)[C@H](CC(N)=O)NC(=O)[C@@H]1CCCN1C(=O)[C@H](CCCNC(=N)N)NC2=O,PubChem,,118734467,5,Validation,1
HOGWTQOFGYMNOK-ZFWWWQNUSA-N,O=S(=O)(Nc1ncns1)c1cc(F)c(OC[C@@H]2CNCC[C@H]2c2ccc(F)cc2)cc1F,PubChem,,71558271,5,Train,1
VWHRVYJZRBRKQE-CHWSQXEVSA-N,O=S(=O)(Nc1ncns1)c1cc(F)c(OC[C@H]2CNCC[C@@H]2c2ccc(Cl)c(F)c2)cc1F,PubChem,,71558883,5,Train,1
LDZNFFGWKHAEMM-GDBMZVCRSA-N,CN1CC[C@H](c2ccc(Cl)cc2)[C@@H](COc2cc(F)c(S(=O)(=O)Nc3ncns3)cc2F)C1,PubChem,,71557789,5,Train,1
OGCZSSQTZGUXFG-ZFWWWQNUSA-N,O=S(=O)(Nc1nncs1)c1cc(F)c(OC[C@@H]2CNCC[C@H]2c2ccc(Cl)cc2)cc1F,PubChem,,89556028,5,Train,1
HGVRIBHCYYWMFY-RDJZCZTQSA-N,O=S(=O)(Nc1ccncn1)c1cc(F)c(OC[C@@H]2CNCC[C@H]2c2ccc(Cl)cc2)cc1F,PubChem,,89556129,5,Validation,1
JLXFCNWPMMNUMM-RHSMWYFYSA-N,O=S(=O)(Nc1ncc(F)cn1)c1cc(F)c(OC[C@H]2CNCC[C@@H]2c2ccc(Cl)cc2)cc1F,PubChem,,71558122,5,Train,1
KPYUGBIVYQHLTI-JSGCOSHPSA-N,O=C1C[C@@H](c2ccc(F)cc2)[C@H](COc2cc(F)c(S(=O)(=O)Nc3ncns3)cc2F)CN1,PubChem,,89545491,5,Train,1
PMQFDCUYRHLMLM-CHWSQXEVSA-N,O=S(=O)(Nc1ncns1)c1cc(F)c(OC[C@H]2CNCC[C@@H]2c2ccc(F)c(F)c2)cc1F,PubChem,,71558118,5,Train,1
ZBELRVLBJKOYGL-HZPDHXFCSA-N,Cc1ccc([C@H]2CCNC[C@@H]2COc2cc(F)c(S(=O)(=O)Nc3ncns3)cc2F)cc1,PubChem,,71559034,5,Train,1
JMHSSFSYBUYYML-UHFFFAOYSA-N,CN1CCN(c2cc(C(F)(F)F)ccc2-c2cccc3c2CCN(S(=O)(=O)Nc2ncc(F)s2)C3)CC1,PubChem,,71736899,5,Train,1
OYFIFHNENWDIAQ-UHFFFAOYSA-N,COc1cc(F)ccc1-c1cccc2c1CCN(S(=O)(=O)Nc1ncns1)C2,PubChem,,71736434,5,Train,1
MYLRVYUECLKROG-UHFFFAOYSA-N,O=S(=O)(Nc1ncns1)N1CCc2c(cccc2-c2ccc(C(F)(F)F)cc2-n2ccnc2)C1,PubChem,,71736588,5,Train,1
RVMZDBMSBRLFAR-UHFFFAOYSA-N,O=S(=O)(Nc1ncns1)N1CCc2c(cccc2-c2ccc(C(F)(F)F)cc2C2=CCNC2)C1,PubChem,,71736590,5,Validation,1
ZWZMMLBRDDMXDG-UHFFFAOYSA-N,O=S(=O)(Nc1cnccn1)N1CCc2c(cccc2-c2ccc(C(F)(F)F)cc2C2=CCNCC2)C1,PubChem,,71737223,5,Validation,1
VCEBSQCVPRYCRI-UHFFFAOYSA-N,CN1CC=C(c2cc(Cl)cc(F)c2-c2cccc3c2CCN(S(=O)(=O)Nc2ncc(F)s2)C3)CC1,PubChem,,71737224,5,Train,1
ZQSQBTAGTXPVLF-UHFFFAOYSA-N,O=S(=O)(Nc1ncns1)N1CCc2c(cccc2-c2cccc3c2CCNC3)C1,PubChem,,71735939,5,Train,1
IMUYVWDPLGCJOK-UHFFFAOYSA-N,C[N+]1([O-])CC=C(c2cc(C(F)(F)F)ccc2-c2cccc3c2CCN(S(=O)(=O)Nc2ncns2)C3)CC1,PubChem,,117094748,5,Train,1
MAPAFEPDZXCYDA-UHFFFAOYSA-N,CN1CC=C(c2cc(C(F)(F)F)ccc2-c2cccc3c2CCN(S(=O)(=O)Nc2ncns2)C3)CC1,PubChem,,71736095,5,Train,1
XYJZIJLBVINFCQ-UHFFFAOYSA-N,O=S(=O)(Nc1ncns1)N1CCc2c(cccc2-c2ccc(C(F)(F)F)cc2-c2cn[nH]c2)C1,PubChem,,71736097,5,Train,1
GRINVLHXNQJTKP-UHFFFAOYSA-N,CC(C)(C)OC(=O)N1CCc2c(cccc2-c2cccc3c2CCN(S(=O)(=O)Nc2ncns2)C3)C1,PubChem,,71737370,5,Train,1
RXYLBOFIYXBJMZ-UHFFFAOYSA-N,O=S(=O)(Nc1ncns1)N1CCc2c(cccc2-c2ccc(Cl)cc2F)C1,PubChem,,71735937,5,Train,1
UXDKRIMJVOAFTM-UHFFFAOYSA-N,Nc1cc(-c2cc(C(F)(F)F)ccc2-c2cccc3c2CCN(S(=O)(=O)Nc2ncns2)C3)ccn1,PubChem,,71736098,5,Validation,1
VMGOSJJAEZKXPV-UHFFFAOYSA-N,COc1ccc(F)cc1-c1cccc2c1CCN(S(=O)(=O)Nc1ncns1)C2,PubChem,,71736433,5,Train,1
SEJHGXFEBVWOSF-UHFFFAOYSA-N,O=S(=O)(Nc1ncns1)N1CCc2c(cccc2-c2ccnc3cc(Cl)ccc23)C1,PubChem,,117094749,5,Train,1
ARXYLVKKDMSLPD-UHFFFAOYSA-N,CC(C)(C)OC(=O)N1CC=C(c2cccc3c2CCN(S(=O)(=O)Nc2ncns2)C3)CC1,PubChem,,71737516,5,Train,1
XEOCNZBBZFBCME-UHFFFAOYSA-N,COc1cc(C(F)(F)F)ccc1-c1ncnc2c1CCN(S(=O)(=O)Nc1ncc(F)s1)C2,PubChem,,71737372,5,Train,1
LMYWSDWHAYBWMD-UHFFFAOYSA-N,O=S(=O)(Nc1ncns1)N1CCc2c(cccc2-c2ccc(C(F)(F)F)cc2Cl)C1,PubChem,,71735936,5,Train,1
GYSVWDCKZQZVGQ-UHFFFAOYSA-N,O=S(=O)(Nc1ncns1)N1CCc2c(cccc2-c2ccc(C(F)(F)F)cc2C2=CCOCC2)C1,PubChem,,71736099,5,Train,1
GPYGSEBKBAYKTK-UHFFFAOYSA-N,Cc1cncc(-c2cc(C(F)(F)F)ccc2-c2cccc3c2CCN(S(=O)(=O)Nc2ncns2)C3)c1,PubChem,,71736255,5,Train,1
UUQWTXGNMVMFDZ-UHFFFAOYSA-N,COc1ccc(-c2cccc3c2CCN(S(=O)(=O)Nc2ncns2)C3)c(OC)c1,PubChem,,71736430,5,Validation,1
NPFHACFATXIJEM-UHFFFAOYSA-N,O=S(=O)(Nc1ncc(F)s1)N1CCc2c(cccc2-c2ccc(C(F)(F)F)cc2-n2ccnc2)C1,PubChem,,71736738,5,Train,1
NORLXSKHKCEGDU-UHFFFAOYSA-N,Cn1nccc1-c1cc(C(F)(F)F)ccc1-c1cccc2c1CCN(S(=O)(=O)Nc1nccs1)C2,PubChem,,89815597,5,Train,1
ZLNYEWDUKJWZID-UHFFFAOYSA-N,O=S(=O)(Nc1ncns1)N1CCc2c(cccc2-c2ccc(Cl)cc2)C1,PubChem,,117094747,5,Train,1
RYAFSSVULPFKPR-UHFFFAOYSA-N,COc1cc(C(F)(F)F)ccc1-c1cccc2c1CCN(S(=O)(=O)Nc1ncns1)C2,PubChem,,71736902,5,Validation,1
VBSMEKFDFDLZEP-UHFFFAOYSA-N,COc1cc(C2CC2)ccc1-c1cccc2c1CCN(S(=O)(=O)Nc1ncns1)C2,PubChem,,71737221,5,Validation,1
BBPRKEXJCZTNGZ-UHFFFAOYSA-N,COc1cc(C(F)(F)F)ccc1-c1nccc2c1CCN(S(=O)(=O)Nc1ncns1)C2,PubChem,,71737064,5,Train,1
KWGPACHQZNIKFQ-UHFFFAOYSA-N,Cn1cc(-c2cccc3c2CCNC3)c2ccc(S(=O)(=O)Nc3ncns3)cc21,PubChem,,71259207,5,Train,1
XRXYWZPVAZVGDB-UHFFFAOYSA-N,Cn1nccc1-c1cc(C(F)(F)F)ccc1-c1cn(S(C)(=O)=O)c2cc(S(=O)(=O)Nc3ncns3)ccc12,PubChem,,71259882,5,Validation,1
OYFWEYSSICIJSQ-UHFFFAOYSA-N,Cn1cc(-c2cc(Br)cc(C(F)(F)F)c2)c2ccc(S(=O)(=O)Nc3ncns3)cc21,PubChem,,71259421,5,Train,1
RZIJZEQYJDMDRR-UHFFFAOYSA-N,Cc1sc(NS(=O)(=O)c2ccc3c(-c4ccc(C(F)(F)F)cc4-c4ccnn4C)cn(C)c3c2)nc1C(F)(F)F,PubChem,,71607928,5,Train,1
VCRFCQLXYWGHHA-UHFFFAOYSA-N,Cn1cc(-c2ccccc2C(F)(F)F)c2ccc(S(=O)(=O)Nc3ncns3)cc21,PubChem,,71259463,5,Train,1
NBCPHYCWWCIAEM-UHFFFAOYSA-N,Cn1cc(-c2cc3ccccc3o2)c2ccc(S(=O)(=O)Nc3ncns3)cc21,PubChem,,71259533,5,Train,1
OGKJFONOSYXOGI-UHFFFAOYSA-N,COc1ccc(-c2cn(C)c3cc(S(=O)(=O)Nc4ncns4)ccc23)cc1C#N,PubChem,,71259782,5,Train,1
PJTLNGUHSJUUPZ-UHFFFAOYSA-N,COc1ccc(-c2cn(C)c3cc(S(=O)(=O)Nc4ncns4)ccc23)cn1,PubChem,,71259287,5,Train,1
FBRGUJAWTRRULB-UHFFFAOYSA-N,CC(C)n1cc(-c2ccc(C(F)(F)F)cc2-c2ccnn2C)c2ccc(S(=O)(=O)Nc3ncns3)cc21,PubChem,,71263839,5,Train,1
XWDDHCBFYSTTPD-UHFFFAOYSA-N,Cn1cc(-c2ccc(OC(F)(F)F)cc2)c2ccc(S(=O)(=O)Nc3ncns3)cc21,PubChem,,71259459,5,Validation,1
MFUHFEHSSBRQAU-UHFFFAOYSA-N,Cn1cc(-c2cccc(OC(F)(F)F)c2)c2ccc(S(=O)(=O)Nc3ncns3)cc21,PubChem,,71259472,5,Train,1
NWRHDFNHLJGYFM-UHFFFAOYSA-N,Cn1cc(-c2cccc(C#N)c2)c2ccc(S(=O)(=O)Nc3ncns3)cc21,PubChem,,71259691,5,Train,1
HTBDGJFTGYPMKC-UHFFFAOYSA-N,Cn1nccc1-c1cc(C(F)(F)F)ccc1-c1cn(C)c2cc(S(=O)(=O)Nc3nc(Br)ns3)ccc12,PubChem,,71263830,5,Validation,1
STIRYLQMNOJPPF-UHFFFAOYSA-N,Cn1cc(-c2ccncc2Cl)c2ccc(S(=O)(=O)Nc3ncns3)cc21,PubChem,,71259426,5,Validation,1
JSVFRINVOKDWFP-UHFFFAOYSA-N,Cn1nccc1-c1cc(C(F)(F)F)ccc1-c1cn(C)c2cc(S(=O)(=O)Nc3nncs3)ccc12,PubChem,,71259436,5,Train,1
WKEINIMTMDYMQA-UHFFFAOYSA-N,Cn1cc(-c2cc(-c3ccncc3)cc(C(F)(F)F)c2)c2ccc(S(=O)(=O)Nc3ncns3)cc21,PubChem,,71259486,5,Train,1
QHMRQJVBWJZOFR-UHFFFAOYSA-N,Cn1cc(-c2ccc(C#N)c(F)c2)c2ccc(S(=O)(=O)Nc3ncns3)cc21,PubChem,,71259517,5,Validation,1
SUBKPLNIZYGWIA-UHFFFAOYSA-N,Cn1cc(-c2ccc(C(F)(F)F)cc2)c2ccc(S(=O)(=O)Nc3ncns3)cc21,PubChem,,71259392,5,Validation,1
ZHLLLELDBGEMDV-UHFFFAOYSA-N,Cn1nccc1-c1cc(Cl)ccc1-n1cnc2cc(S(=O)(=O)Nc3ncns3)ccc21,PubChem,,71259349,5,Train,1
HDIGSTSACBKTDQ-UHFFFAOYSA-N,Cn1cc(-c2cccc3ccccc23)c2ccc(S(=O)(=O)Nc3ncns3)cc21,PubChem,,71259285,5,Train,1
NOFWVCGRUPOVAV-UHFFFAOYSA-N,Cn1cc(-c2ccc(C(F)(F)F)cc2-c2ccncc2)c2ccc(S(=O)(=O)Nc3ncns3)cc21,PubChem,,71259375,5,Train,1
PSAAGFQCPFEEOR-UHFFFAOYSA-N,COC(=O)n1cc(-c2ccc(C(F)(F)F)cc2-c2ccnn2C)c2ccc(S(=O)(=O)Nc3ncns3)cc21,PubChem,,71259636,5,Train,1
SHPXAWZPNJIJGI-UHFFFAOYSA-N,Cn1cc(-c2cccnc2)c2ccc(S(=O)(=O)Nc3ncns3)cc21,PubChem,,71259357,5,Train,1
JZIXDTYGZSIRNZ-UHFFFAOYSA-N,Cn1nccc1-c1cc(C(F)(F)F)ccc1-n1cnc2cc(S(=O)(=O)Nc3ncns3)ccc21,PubChem,,71259879,5,Train,1
AEPILOKWECVEFA-UHFFFAOYSA-N,Cn1cc(-c2ccc(C(F)(F)F)cc2C2=CCNCC2)c2ccc(S(=O)(=O)Nc3cscn3)cc21,PubChem,,71259702,5,Train,1
OIKCTIPDHMRZCY-UHFFFAOYSA-N,Cn1cc(-c2ccc(C(F)(F)F)cc2C2=CCNCC2)c2ccc(S(=O)(=O)Nc3ncns3)cc21,PubChem,,71259363,5,Train,1
IOERYDPCQVIDAO-UHFFFAOYSA-N,CC(=O)n1cc(-c2ccc(C(F)(F)F)cc2-c2ccnn2C)c2ccc(S(=O)(=O)Nc3ncns3)nc21,PubChem,,71259414,5,Train,1
HKYTVKDPAPFIHX-UHFFFAOYSA-N,COc1cc(OC)cc(-c2cn(C)c3cc(S(=O)(=O)Nc4ncns4)ccc23)c1,PubChem,,71259729,5,Train,1
PZIWPZZPMPIYGD-UHFFFAOYSA-N,COc1ccc(-c2cn(C)c3cc(S(=O)(=O)Nc4ncns4)ccc23)c(OC)c1,PubChem,,71259574,5,Train,1
VWHRVYJZRBRKQE-STQMWFEESA-N,O=S(=O)(Nc1ncns1)c1cc(F)c(OC[C@@H]2CNCC[C@H]2c2ccc(Cl)c(F)c2)cc1F,PubChem,,89545507,5,Train,1
BPHPTRAVFDEGTB-UHFFFAOYSA-N,O=S(=O)(Nc1ncns1)N1CCc2c(cccc2-c2c(Br)cc(C(F)(F)F)cc2C2=CCNCC2)C1,PubChem,,122196951,5,Train,1
ZVMCGNXPJMHLAT-DSIWUQKISA-N,CC[C@H](C)[C@@H]1NC(=O)[C@@H]2CSSC[C@@H]3NC(=O)[C@H](C(C)C)NC(=O)[C@H](CC(C)C)NC(=O)[C@H](CC(N)=O)NC(=O)[C@@H]4CCCN4C(=O)[C@H](CCCNC(=N)N)NC(=O)[C@H](CSSC[C@H](NC(=O)[C@@H](N)CC(=O)O)C(=O)N[C@@H](CC(C)C)C(=O)NCC(=O)N[C@@H](Cc4ccccc4)C(=O)N[C@@H](CCSC)C(=O)N[C@@H](CCCNC(=N)N)C(=O)N[C@@H](CCCCN)C(=O)N2)NC(=O)[C@H](CSSC[C@@H](C(=O)N[C@@H](CCCCN)C(=O)N[C@@H](Cc2ccc(O)cc2)C(=O)N[C@H](C(=O)N[C@@H](Cc2ccccc2)C(N)=O)C(C)C)NC(=O)[C@H](Cc2c[nH]c4ccccc24)NC(=O)[C@H](CCCCN)NC(=O)[C@H](Cc2cnc[nH]2)NC(=O)[C@H]([C@@H](C)O)NC(=O)[C@H](CCCNC(=N)N)NC(=O)[C@H](CO)NC3=O)NC(=O)[C@H](CCCCN)NC(=O)[C@H](CC(=O)O)NC(=O)[C@H](CC(N)=O)NC(=O)[C@H](CC(=O)O)NC(=O)[C@H](CCC(=O)O)NC1=O,PubChem,,127048108,5,Train,1
PSKZZUOZPPWVKB-RAKALRFTSA-N,CC[C@H](C)[C@@H]1NC(=O)[C@@H]2CSSC[C@@H]3NC(=O)[C@H](C(C)C)NC(=O)[C@H](CC(C)C)NC(=O)[C@H](CC(N)=O)NC(=O)[C@@H]4CCCN4C(=O)[C@H](CCCNC(=N)N)NC(=O)[C@H](CSSC[C@H](NC(=O)[C@@H](N)CC(=O)O)C(=O)N[C@@H](CC(C)C)C(=O)N[C@@H](C)C(=O)N[C@@H](Cc4ccccc4)C(=O)N[C@@H](CCSC)C(=O)N[C@@H](CCCNC(=N)N)C(=O)N[C@@H](CCCCN)C(=O)N2)NC(=O)[C@H](CSSC[C@@H](C(=O)N[C@@H](CCCCN)C(=O)N[C@@H](Cc2ccc(O)cc2)C(=O)N[C@H](C(=O)N[C@@H](Cc2ccccc2)C(N)=O)C(C)C)NC(=O)[C@H](Cc2c[nH]c4ccccc24)NC(=O)[C@H](CCCCN)NC(=O)[C@H](Cc2cnc[nH]2)NC(=O)[C@H]([C@@H](C)O)NC(=O)[C@H](CCCNC(=N)N)NC(=O)[C@H](CO)NC3=O)NC(=O)[C@H](CCCCN)NC(=O)[C@H](CC(=O)O)NC(=O)[C@H](CC(N)=O)NC(=O)[C@H](CC(=O)O)NC(=O)[C@@H]2CCCN2C1=O,PubChem,,118734436,5,Train,1
MIOZPPVHYXVEIY-PCOZCLGDSA-N,CC[C@H](C)[C@@H]1NC(=O)[C@@H]2CSSC[C@@H]3NC(=O)[C@H](C(C)C)NC(=O)[C@H](CC(C)C)NC(=O)[C@H](CC(N)=O)NC(=O)[C@@H]4CCCN4C(=O)[C@H](CCCCN(C)C)NC(=O)[C@H](CSSC[C@H](NC(=O)[C@@H](N)CC(=O)O)C(=O)N[C@@H](CC(C)C)C(=O)NCC(=O)N[C@@H](Cc4ccccc4)C(=O)N[C@@H](CCSC)C(=O)N[C@@H](CCCNC(=N)N)C(=O)N[C@@H](CCCCN)C(=O)N2)NC(=O)[C@H](CSSC[C@@H](C(=O)N[C@@H](CCCCN)C(=O)N[C@@H](Cc2ccc(O)cc2)C(=O)N[C@H](C(=O)N[C@@H](Cc2ccccc2)C(N)=O)C(C)C)NC(=O)[C@H](Cc2c[nH]c4ccccc24)NC(=O)[C@H](CCCCN)NC(=O)[C@H](Cc2cnc[nH]2)NC(=O)[C@H]([C@@H](C)O)NC(=O)[C@H](CCCNC(=N)N)NC(=O)[C@H](CO)NC3=O)NC(=O)[C@H](CCCCN)NC(=O)[C@H](CC(=O)O)NC(=O)[C@H](CC(N)=O)NC(=O)[C@H](CC(=O)O)NC(=O)[C@@H]2CCCN2C1=O,PubChem,,127046422,5,Train,1
GUMIVJFWYYSBKF-PVMFBFNOSA-N,CC[C@H](C)[C@@H]1NC(=O)[C@@H]2CSSC[C@@H]3NC(=O)[C@H](C(C)C)NC(=O)[C@H](CC(C)C)NC(=O)[C@H](CC(N)=O)NC(=O)[C@@H]4CCCN4C(=O)[C@H](CCCNC(=N)N)NC(=O)[C@H](CSSC[C@H](NC(=O)[C@@H](N)CC(=O)O)C(=O)N[C@@H](CC(C)C)C(=O)NCC(=O)N[C@@H](Cc4ccccc4)C(=O)N[C@@H](CCSC)C(=O)N[C@@H](CCCNC(=N)N)C(=O)N[C@@H](CCCCN)C(=O)N2)NC(=O)[C@H](CSSC[C@@H](C(=O)N[C@@H](CCCCN)C(=O)N[C@@H](Cc2ccc(O)cc2)C(=O)N[C@H](C(=O)N[C@@H](Cc2ccccc2)C(=O)O)C(C)C)NC(=O)[C@H](Cc2c[nH]c4ccccc24)NC(=O)[C@H](CCCCN)NC(=O)[C@H](Cc2c[nH]cn2)NC(=O)[C@H]([C@@H](C)O)NC(=O)[C@H](CCCNC(=N)N)NC(=O)[C@H](CO)NC3=O)NC(=O)[C@H](CCCCN)NC(=O)[C@H](CC(=O)O)NC(=O)[C@H](CC(N)=O)NC(=O)[C@H](CC(=O)O)NC(=O)[C@@H]2CCCN2C1=O,PubChem,,155569746,5,Train,1
WRIRITPBFYZFNI-HTFUMWKFSA-N,CC[C@H](C)[C@@H]1NC(=O)[C@@H]2CSSC[C@@H]3NC(=O)[C@H](C(C)C)NC(=O)[C@H](CC(C)C)NC(=O)[C@H](CC(N)=O)NC(=O)[C@@H]4CCCN4C(=O)[C@H](CCCNC(=N)N)NC(=O)[C@H](CSSC[C@H](NC(=O)[C@@H](N)CC(=O)O)C(=O)N[C@@H](CC(C)C)C(=O)NCC(=O)N[C@@H](Cc4ccccc4)C(=O)N[C@@H](CCSC)C(=O)N[C@@H](CCCNC(=N)N)C(=O)N[C@@H](CCCCN)C(=O)N2)NC(=O)[C@H](CSSC[C@@H](C(=O)N[C@@H](CCCCN)C(=O)N[C@@H](Cc2ccc(O)cc2)C(=O)N[C@H](C(=O)N[C@@H](Cc2ccccc2)C(N)=O)C(C)C)NC(=O)[C@H](Cc2c[nH]c4ccccc24)NC(=O)[C@H](CCC(N)=O)NC(=O)[C@H](Cc2cnc[nH]2)NC(=O)[C@H]([C@@H](C)O)NC(=O)[C@H](CCCNC(=N)N)NC(=O)[C@H](CO)NC3=O)NC(=O)[C@H](CCCCN)NC(=O)[C@H](CC(=O)O)NC(=O)[C@H](CC(N)=O)NC(=O)[C@H](CC(=O)O)NC(=O)[C@@H]2CCCN2C1=O,PubChem,,127046597,5,Validation,1
ONNGJTYPNIINLE-UOZCUAPTSA-N,CC[C@H](C)[C@@H]1NC(=O)[C@@H]2CSSC[C@@H]3NC(=O)[C@H](C(C)C)NC(=O)[C@H](CC(C)C)NC(=O)[C@H](CC(N)=O)NC(=O)[C@@H]4CCCN4C(=O)[C@H](Cc4cc5ccccc5[nH]4)NC(=O)[C@H](CSSC[C@H](NC(=O)[C@@H](N)CC(=O)O)C(=O)N[C@@H](CC(C)C)C(=O)NCC(=O)N[C@@H](Cc4ccccc4)C(=O)N[C@@H](CCSC)C(=O)N[C@@H](CCCNC(=N)N)C(=O)N[C@@H](CCCCN)C(=O)N2)NC(=O)[C@H](CSSC[C@@H](C(=O)N[C@@H](CCCCN)C(=O)N[C@@H](Cc2ccc(O)cc2)C(=O)N[C@H](C(=O)N[C@@H](Cc2ccccc2)C(N)=O)C(C)C)NC(=O)[C@H](Cc2c[nH]c4ccccc24)NC(=O)[C@H](CCCCN)NC(=O)[C@H](Cc2cnc[nH]2)NC(=O)[C@H]([C@@H](C)O)NC(=O)[C@H](CCCNC(=N)N)NC(=O)[C@H](CO)NC3=O)NC(=O)[C@H](CCCCN)NC(=O)[C@H](CC(=O)O)NC(=O)[C@H](CC(N)=O)NC(=O)[C@H](CC(=O)O)NC(=O)[C@@H]2CCCN2C1=O,PubChem,,127046908,5,Train,1
NUTYQRZROGJFNZ-UHFFFAOYSA-N,N#Cc1ccc(F)c(N2CCOc3cc(S(=O)(=O)Nc4nccs4)ccc32)c1,PubChem,,89762033,5,Train,1
GMQZYXDZQDEKIQ-UHFFFAOYSA-N,Cn1nccc1-c1cc(C(F)(F)F)ccc1N1CCOc2cc(S(=O)(=O)Nc3nccs3)ccc21,PubChem,,71712116,5,Train,1
GAOVCEUYHFSWJK-UHFFFAOYSA-N,COc1cccc(N2CCOc3cc(S(=O)(=O)Nc4nccs4)ccc32)c1,PubChem,,89761971,5,Train,1
MXEDIFZVZFUFHL-UHFFFAOYSA-N,O=S(=O)(Nc1ncco1)c1ccc2c(c1)OCCN2c1ccc(C(F)(F)F)cc1Cl,PubChem,,71711241,5,Train,1
KSKVPCKKKJJWTF-UHFFFAOYSA-N,[N-]=[N+]=Nc1ccc(N2CCOc3cc(S(=O)(=O)Nc4nccs4)ccc32)c(Br)c1,PubChem,,89761417,5,Train,1
KPWMKCJBZCJCIA-UHFFFAOYSA-N,O=S(=O)(Nc1nccs1)c1ccc2c(c1)OCCN2c1ccc(Cl)cc1,PubChem,,71712049,5,Train,1
DJFLJUUTVYEHEZ-UHFFFAOYSA-N,COc1cc(C)c(N2CCOc3cc(S(=O)(=O)Nc4nccs4)ccc32)cn1,PubChem,,89761970,5,Train,1
ILVLPMIPQMWUBR-UHFFFAOYSA-N,COc1ccc(N2CCOc3cc(S(=O)(=O)Nc4nccs4)ccc32)c(C#N)c1,PubChem,,89762026,5,Train,1
NUASSICUZKIENU-UHFFFAOYSA-N,Cc1c(F)cccc1N1CCOc2cc(S(=O)(=O)Nc3nccs3)ccc21,PubChem,,71711421,5,Train,1
TYWNGSSFIGWHOV-CYBMUJFWSA-N,COc1cc(C#N)ccc1N1C[C@@H](C)Oc2cc(S(=O)(=O)Nc3nccs3)ccc21,PubChem,,71711174,5,Train,1
IZEWSUQPXCARLQ-UHFFFAOYSA-N,O=S(=O)(Nc1nccs1)c1ccc2c(c1)OCCN2c1cccc2c1OC(F)(F)O2,PubChem,,89761723,5,Train,1
WERWAGNWRIDLTI-UHFFFAOYSA-N,Cc1cc(N2CCOc3cc(S(=O)(=O)Nc4nccs4)ccc32)ccc1F,PubChem,,71711910,5,Train,1
RGEQSXIHFQYJKK-UHFFFAOYSA-N,Cc1cc(C#N)ccc1N1CCOc2cc(S(=O)(=O)Nc3nccs3)ccc21,PubChem,,89761859,5,Train,1
RXNZKMCVXFBVOX-UHFFFAOYSA-N,O=S(=O)(Nc1ncns1)c1ccc2c(c1)OCCN2c1cccc(OC(F)(F)F)c1,PubChem,,89761913,5,Train,1
IUITZXMSHOHBST-UHFFFAOYSA-N,O=S(=O)(Nc1cccnn1)c1ccc2c(c1)OCCN2c1ccc(C(F)(F)F)cc1Cl,PubChem,,71712120,5,Train,1
YBVDHQXUYWRMHU-UHFFFAOYSA-N,O=S(=O)(Nc1nccs1)c1ccc2c(c1)OCCN2c1ccccc1,PubChem,,89761911,5,Train,1
CQFNODKXXIFVHK-UHFFFAOYSA-N,N#Cc1ccc(N2CCOc3cc(S(=O)(=O)Nc4nccs4)ccc32)c(Cl)c1,PubChem,,89761954,5,Train,1
ZUVMOVNRRCDCAW-UHFFFAOYSA-N,Cc1ccc(C#N)c(N2CCOc3cc(S(=O)(=O)Nc4nccs4)ccc32)n1,PubChem,,89762065,5,Validation,1
IMWNVQRPUSZOQA-UHFFFAOYSA-N,Cc1cc(N2CCOc3cc(S(=O)(=O)Nc4nccs4)ccc32)c(C)cn1,PubChem,,89761843,5,Train,1
YOKQMLPNCAPMBX-UHFFFAOYSA-N,COCCNc1cc(C(F)(F)F)ccc1N1CCOc2cc(S(=O)(=O)Nc3ccncn3)ccc21,PubChem,,89761617,5,Train,1
RKXMDDHVNYARCB-UHFFFAOYSA-N,Cc1ccc(N2CCOc3cc(S(=O)(=O)Nc4nccs4)ccc32)cc1F,PubChem,,89761478,5,Train,1
WJMLJHPAHULJDS-UHFFFAOYSA-N,CC(C)c1ccc(N2CCOc3cc(S(=O)(=O)Nc4nccs4)ccc32)cc1,PubChem,,89761812,5,Train,1
VEZJEWXCMWVSCZ-UHFFFAOYSA-N,COc1ccc(N2CCOc3cc(S(=O)(=O)Nc4ncns4)ccc32)cc1,PubChem,,71712117,5,Train,1
GCOUREDAMVQUNP-UHFFFAOYSA-N,COc1cnc(N2CCOc3cc(S(=O)(=O)Nc4nccs4)ccc32)c(OC)n1,PubChem,,89761663,5,Train,1
JIUSFZSCMYJTBW-UHFFFAOYSA-N,O=S(=O)(Nc1nccs1)c1ccc2c(c1)OCCN2c1ccccc1Cl,PubChem,,89761789,5,Train,1
MLHVNNQJJGKNCL-LBPRGKRZSA-N,COc1cc(Cl)ccc1N1C[C@H](C)Oc2cc(S(=O)(=O)Nc3nccs3)ccc21,PubChem,,89762032,5,Train,1
QKZPBSODXLSUQW-UHFFFAOYSA-N,O=S(=O)(Nc1nccs1)c1ccc2c(c1)OCCN2c1ccc2scnc2c1,PubChem,,71711424,5,Train,1
ZHRHGJXIFPIJLH-UHFFFAOYSA-N,O=S(=O)(Nc1ncns1)c1ccc2c(c1)OCCN2c1cccc2ncccc12,PubChem,,71712047,5,Train,1
JHEMIMBKLMGNNQ-UHFFFAOYSA-N,O=S(=O)(Nc1ccc(F)cn1)c1ccc2c(c1)OCCN2c1ccc(C(F)(F)F)cc1Cl,PubChem,,71711302,5,Train,1
XJJAFLCLPIFLGE-UHFFFAOYSA-N,O=S(=O)(Nc1nccs1)c1ccc2c(c1)OCCN2c1ncc(Cl)cc1Cl,PubChem,,89761990,5,Train,1
HXHPBTSNRYEEHP-UHFFFAOYSA-N,COCCOc1ccc(N2CCOc3cc(S(=O)(=O)Nc4ncns4)ccc32)cc1,PubChem,,71712050,5,Train,1
CCKWDPIIKFRNKP-UHFFFAOYSA-N,CN1CCN(c2ccc(C(F)(F)F)cc2Cl)c2ccc(S(=O)(=O)Nc3ncns3)cc21,PubChem,,71711239,5,Train,1
SBMQVYXMPPEASW-UHFFFAOYSA-N,O=S(=O)(Nc1ccno1)c1ccc2c(c1)OCCN2c1ccc(C(F)(F)F)cc1Cl,PubChem,,89761371,5,Train,1
CGGWBRMCTQGFMF-UHFFFAOYSA-N,Cc1onc(-c2ccccc2)c1CN1CCOc2cc(S(=O)(=O)Nc3nccs3)ccc21,PubChem,,89761861,5,Train,1
RAKSTPPLYSELJA-UHFFFAOYSA-N,N#Cc1ccc(N2CCOc3cc(S(=O)(=O)Nc4nccs4)ccc32)cc1OC(F)(F)F,PubChem,,89761869,5,Train,1
TWVRPQLFNIYKDN-UHFFFAOYSA-N,COc1ccc(C)nc1N1CCOc2cc(S(=O)(=O)Nc3nccs3)ccc21,PubChem,,89761705,5,Train,1
WZOSBAVNAOHRMV-UHFFFAOYSA-N,O=S(=O)(Nc1nccs1)c1ccc2c(c1)OCCN2c1cc(F)ccc1F,PubChem,,71711422,5,Train,1
NSYUCGKTZVAHSF-UHFFFAOYSA-N,O=S(=O)(Nc1ccccn1)c1ccc2c(c1)OCCN2c1ccc(C(F)(F)F)cc1C1=CCNCC1,PubChem,,71711487,5,Train,1
KCVIJHGSYVNGEC-UHFFFAOYSA-N,O=S(=O)(Nc1nccs1)c1ccc2c(c1)OCCN2c1ccccc1-c1ccncc1,PubChem,,89761959,5,Train,1
WITQAGJGFYQCSH-UHFFFAOYSA-N,COc1cncc(N2CCOc3cc(S(=O)(=O)Nc4nccs4)ccc32)c1,PubChem,,89761943,5,Train,1
YPYJOKUOZJDCBF-UHFFFAOYSA-N,N#Cc1cc(C(F)(F)F)ccc1N1CCOc2cc(S(=O)(=O)Nc3ncco3)ccc21,PubChem,,71711765,5,Validation,1
JYFDZTDIQZAZRQ-UHFFFAOYSA-N,N#Cc1cc(F)ccc1N1CCOc2cc(S(=O)(=O)Nc3nccs3)ccc21,PubChem,,89761222,5,Validation,1
VUBDFAVOVWCZQL-UHFFFAOYSA-N,Cc1ccc(F)cc1N1CCOc2cc(S(=O)(=O)Nc3nccs3)ccc21,PubChem,,71711368,5,Train,1
GKJKGUWIBBQFQM-UHFFFAOYSA-N,N#Cc1cc(C(F)(F)F)ccc1N1CCOc2cc(S(=O)(=O)Nc3ccno3)ccc21,PubChem,,71711365,5,Train,1
QAXMZLLPTWVHQQ-UHFFFAOYSA-N,Cc1cnc(NS(=O)(=O)c2ccc3c(c2)OCCN3c2ccc(C(F)(F)F)cc2Cl)s1,PubChem,,71711238,5,Validation,1
MKPZIIPTMFMOCV-UHFFFAOYSA-N,COc1ccc(N2CCOc3cc(S(=O)(=O)Nc4nccs4)ccc32)cc1C#N,PubChem,,89762086,5,Train,1
TYWNGSSFIGWHOV-UHFFFAOYSA-N,COc1cc(C#N)ccc1N1CC(C)Oc2cc(S(=O)(=O)Nc3nccs3)ccc21,PubChem,,78154967,5,Train,1
VNTNWUDQWRUOBE-UHFFFAOYSA-N,O=S(=O)(Nc1nccs1)c1ccc2c(c1)OCCN2c1ccc2c(c1)OC(F)(F)O2,PubChem,,89761712,5,Train,1
WEDDVOCHWWVOAZ-UHFFFAOYSA-N,COc1nc(C(F)(F)F)ccc1N1CCOc2cc(S(=O)(=O)Nc3nccs3)ccc21,PubChem,,71711978,5,Train,1
ZNOHVDRCBUMAQG-UHFFFAOYSA-N,O=S(=O)(Nc1nccs1)c1ccc2c(c1)OCCN2c1ccc(Cl)cc1F,PubChem,,89761978,5,Train,1
KVACKUMARUYNDA-UHFFFAOYSA-N,COc1cc(-c2ccc(Cl)c(C)c2)c(F)cc1-n1c(=O)ccc2cc(S(=O)(=O)Nc3ncns3)ccc21,PubChem,,124221998,5,Train,1
BTLMGPIWTWZTDZ-UHFFFAOYSA-N,COc1cc(-c2cc(F)cnc2OC)ccc1-n1c(=O)ccc2cc(S(=O)(=O)Nc3ccon3)ccc21,PubChem,,124221812,5,Validation,1
XZPLBGXDXAPSEA-UHFFFAOYSA-N,COc1cc(-c2cc(OC)c(-n3c(=O)ccc4cc(S(=O)(=O)Nc5ccon5)ccc43)cc2F)ccc1C,PubChem,,124221866,5,Validation,1
GEFFGWUNCUEWSA-UHFFFAOYSA-N,COc1cc(Cl)cc(-c2cc(OC)c(-n3c(=O)ccc4cc(S(=O)(=O)Nc5ncccn5)ccc43)cc2F)c1,PubChem,,124221876,5,Train,1
DBAHAVPSLKLLAA-UHFFFAOYSA-N,O=S(=O)(Nc1ncns1)c1cc(F)c(Oc2ccc(Cl)cc2-c2ccc3nc[nH]c3c2)cc1F,PubChem,,71558920,5,Train,1
PMJIZLCFLFWKRY-UHFFFAOYSA-N,Nc1n[nH]c2ccc(-c3cc(Cl)ccc3Oc3cc(F)c(S(=O)(=O)Nc4ncns4)cc3F)cc12,PubChem,,71557177,5,Train,1
VQFICXZTKHSHRX-UHFFFAOYSA-N,O=c1[nH]c2ccc(-c3cc(Cl)ccc3Oc3cc(F)c(S(=O)(=O)Nc4ncns4)cc3F)cc2[nH]1,PubChem,,71557026,5,Train,1
WHUHEVZDIFFUGK-UHFFFAOYSA-N,O=S(=O)(Nc1ncns1)c1cc(F)c(Oc2ccc(Cl)cc2-c2cccc3nccn23)cc1F,PubChem,,89544489,5,Train,1
QJSRSFRNYWWAQQ-UHFFFAOYSA-N,Cn1nccc1-c1cc(Cl)ccc1Oc1ccc(S(=O)(=O)Nc2cscn2)cc1C#N,PubChem,,71718630,5,Train,1
JUCACKLNHTWUCA-UHFFFAOYSA-N,Cn1nccc1-c1cc(Cl)ccc1Oc1cc(F)c(S(=O)(=O)Nc2ccncn2)cc1Cl,PubChem,,46841501,5,Train,1
SWRJANJAYCBSIK-VQIMIIECSA-N,N[C@@H]1CCC=C(c2ccc(F)cc2)[C@H]1COc1cc(F)c(S(=O)(=O)Nc2cscn2)cc1Cl,PubChem,,137649716,5,Train,1
HBSNNSVWXZBHJG-UHFFFAOYSA-N,O=S(=O)(Nc1cscn1)c1cc(Cl)c(OCC2NCCC=C2c2ccc(F)cc2)cc1F,PubChem,,137657693,5,Train,1
LXRNRWHJNMXTLP-UHFFFAOYSA-N,COc1cc(-c2ccc(C(F)(F)F)cc2)c(F)cc1-c1nccc2cc(S(=O)(=O)Nc3ccon3)ccc12,PubChem,,137655604,5,Validation,1
HSCRCEFYDVLJFT-UHFFFAOYSA-N,COc1cc(-c2cccc(F)c2)c(Cl)cc1-c1ncc(O)c2cc(S(=O)(=O)Nc3ccon3)ccc12,PubChem,,117753917,5,Train,1
MZCDRAVLFTZKGK-UHFFFAOYSA-N,COc1cc(-c2ccc(Cl)c(C)c2)c(F)cc1-c1nccc2cc(S(=O)(=O)Nc3ccon3)ccc12,PubChem,,121333858,5,Train,1
CLDQISWQQGUYBE-UHFFFAOYSA-N,COc1cc(-c2cccc(Cl)c2)c(F)cc1-c1nccc2cc(S(=O)(=O)Nc3ccon3)ccc12,PubChem,,121333871,5,Validation,1
DUWRTDJSNRFMAI-UHFFFAOYSA-N,COc1cc(-c2cccc(F)c2)c(Cl)cc1-c1nccc2cc(S(=O)(=O)Nc3ncccn3)ccc12,PubChem,,121333930,5,Train,1
ZJPDCEDFHMZLTN-UHFFFAOYSA-N,COc1cc(-c2cccc(F)c2)c(Cl)cc1-c1c(=O)n(C)cc2cc(S(=O)(=O)Nc3ccon3)ccc12,PubChem,,117741702,5,Validation,1
DEVWZIRTYJIOQC-UHFFFAOYSA-N,COc1cc(-c2cccc(F)c2)c(Cl)cc1-c1ncnc2cc(S(=O)(=O)Nc3ccon3)ccc12,PubChem,,117740584,5,Train,1
OQXSFNORAJVFBM-UHFFFAOYSA-N,COc1cc(-c2cccc(C)c2)c(F)cc1-c1nccc2cc(S(=O)(=O)Nc3ccon3)ccc12,PubChem,,137640087,5,Train,1
UWHFPKPNAAYPQP-UHFFFAOYSA-N,O=C(O)c1ccc(N2CC3(CCN(Cc4cc(Cl)c(-c5ccc(F)cc5F)c(C5CC5)c4)CC3)OC2=O)cc1,PubChem,,89583208,5,Train,1
YBYYWUUUGCNAHQ-LLVKDONJSA-N,N#Cc1cnc(Nc2cc(NC[C@H]3CNCCO3)c(C(F)(F)F)cn2)cn1,PubChem,,72165232,5,Validation,1
VOJFVKGTRNXOTJ-UHFFFAOYSA-N,CN(Cc1cccc(F)c1CNc1cc(F)c(S(=O)(=O)Nc2cscn2)c(F)c1)C(C)(C)C,PubChem,,134585831,5,Train,1
GFSUVQOECDPIQJ-UHFFFAOYSA-N,CC1(C)CCN1Cc1cccc(F)c1CNc1cc(F)c(S(=O)(=O)Nc2cscn2)c(F)c1,PubChem,,134585236,5,Train,1
SUKXKLNDBLNTSW-UHFFFAOYSA-N,O=C(CCCCCc1ccccc1)N[C@H]1CC[C@H](O)CC1,PubChem,,154665740,5,,1
WNEODWDFDXWOLU-QHCPKHFHSA-N,C[C@H]1CN(C2COC2)CCN1c1ccc(Nc2cc(-c3ccnc(N4CCn5c(cc6c5CC(C)(C)C6)C4=O)c3CO)cn(C)c2=O)nc1,ChEMBL,CHEMBL4065122,,5,Train,1
JONWGAYMJDIXGT-LSDHHAIUSA-N,COc1ccccc1SC[C@@H](F)CN[C@@H]1COc2ccccc2SC1,ChEMBL,CHEMBL488309,,5,Train,1
ZZIPAYICOGWEMP-MRXNPFEDSA-N,C=C(CN[C@@H]1COc2ccccc2SC1)CSc1ccccc1OC,ChEMBL,CHEMBL452551,,5,Train,1
XTGYNIBAARSQAR-MSOLQXFVSA-N,CCCO[C@@H](CN[C@@H]1COc2ccccc2SC1)CSc1ccccc1OC,ChEMBL,CHEMBL488296,,5,Train,1
PSWSCRYCDNMXAA-SJORKVTESA-N,CCO[C@@H](CN[C@@H]1COc2ccccc2SC1)CSc1ccccc1OC,ChEMBL,CHEMBL519718,,5,Train,1
FYZBYSDIUUVVLP-LSDHHAIUSA-N,C[C@@H](CN[C@@H]1COc2ccccc2SC1)CSc1cccc2ncoc12,ChEMBL,CHEMBL563959,,5,Validation,1
XMRMVJRDBVKZMT-DLBZAZTESA-N,CCOc1ccccc1SC[C@@H](C)CN[C@@H]1COc2ccccc2SC1,ChEMBL,CHEMBL551434,,5,Validation,1
YKVYHKZWVGBQKI-DOTOQJQBSA-N,COc1c(C)cccc1SC[C@@H](C)CN[C@@H]1COc2ccccc2SC1,ChEMBL,CHEMBL561436,,5,Train,1
OGARPJHHANLODP-OAQYLSRUSA-N,O=S(=O)(Nc1ncc(F)cn1)c1ccc2c(c1)OCC[C@@H]2c1ccc(C(F)(F)F)cc1-c1ccc(F)cc1,ChEMBL,CHEMBL4639585,,5,Train,1
UPYYMOMYWRLGRJ-OAQYLSRUSA-N,O=S(=O)(Nc1ccncn1)c1ccc2c(c1)OCC[C@@H]2c1ccc(C(F)(F)F)cc1-c1ccc(F)cc1,ChEMBL,CHEMBL4636704,,5,Train,1
UCEVHIATVNSYMI-UHFFFAOYSA-N,Fc1ccc(C(CCCNCCc2ccccc2)c2ccc(F)cc2)cc1,ChEMBL,CHEMBL3098430,,5,Train,1
OJQVUMLXIXJDQX-DLBZAZTESA-N,CC(C)c1cccc(SC[C@@H](C)CN[C@@H]2COc3ccccc3SC2)c1O,ChEMBL,CHEMBL563994,,5,Train,1
TYGGJSPSDQOABJ-HXUWFJFHSA-N,CCOC(=O)C(C)(C)c1ccc2c(c1)c([C@H](C)CO)c(-c1cc(C)cc(C)c1)n2C(=O)OC(C)(C)C,ChEMBL,CHEMBL1643713,,5,Train,1
WHWWEGVJYSAYKJ-DOTOQJQBSA-N,Cc1cccc(SC[C@@H](C)CN[C@@H]2COc3ccccc3SC2)c1CO,ChEMBL,CHEMBL551637,,5,Validation,1
HZQHAAFWVRDHMZ-HOTGVXAUSA-N,COc1ccccc1SC[C@@H](C)CN[C@H]1COc2ccccc2SC1,ChEMBL,CHEMBL488304,,5,Train,1
LXPMALJDQSTLKJ-GOSISDBHSA-N,COc1ccccc1SCC(CN[C@@H]1COc2ccccc2SC1)=C(C)C,ChEMBL,CHEMBL511022,,5,Train,1
QOYMDLATDBQPLA-INIZCTEOSA-N,O=S(=O)(Nc1nccs1)c1ccc2c(c1)OCC[C@H]2c1ccc(C(F)(F)F)cc1-c1nccs1,ChEMBL,CHEMBL4636013,,5,Train,1
QIEWJNWMOMSSDD-OAHLLOKOSA-N,O=S(=O)(Nc1nccs1)c1ccc2c(c1)OCC[C@@H]2c1ccc(C(F)(F)F)cc1-n1ccnn1,ChEMBL,CHEMBL4642748,,5,Validation,1
DIIOLIAWCJDCHQ-GOSISDBHSA-N,Cn1nccc1-c1cc(C(F)(F)F)ccc1[C@H]1CCOc2cc(S(=O)(=O)Nc3ncc(F)cn3)ccc21,ChEMBL,CHEMBL4641367,,5,Validation,1
WGSBHQRKKFYQIF-LSDHHAIUSA-N,COc1cccc(SC[C@@H](C)CN[C@@H]2COc3ccccc3SC2)c1N,ChEMBL,CHEMBL552036,,5,Train,1
KHMJPCBCJWSRNL-GOEBONIOSA-N,Cc1cccc(SC[C@@H](C)CN[C@@H]2COc3ccccc3SC2)c1O,ChEMBL,CHEMBL551636,,5,Validation,1
WTEMCDLOPAYEOF-DOTOQJQBSA-N,C[C@@H](CN[C@@H]1COc2ccccc2SC1)CSc1cccc2ccoc12,ChEMBL,CHEMBL562299,,5,Validation,1
CFGOROLVNZALOQ-LSDHHAIUSA-N,COc1cccc(SC[C@@H](C)CN[C@@H]2COc3ccccc3SC2)c1O,ChEMBL,CHEMBL551698,,5,Train,1
NWSCHPALYJPOKR-UONOGXRCSA-N,C[C@@H](CN[C@@H]1COc2ccccc2SC1)CSc1cccc(C(N)=O)c1O,ChEMBL,CHEMBL562237,,5,Train,1
YKMHUVRYCCGBDD-DLBZAZTESA-N,CC[C@@H](CN[C@@H]1COc2ccccc2SC1)CSc1ccccc1OC,ChEMBL,CHEMBL509130,,5,Train,1
IPJBQLCNFFDPDU-ZWKOTPCHSA-N,COc1ccccc1SC[C@H](CN[C@@H]1COc2ccccc2SC1)C(C)C,ChEMBL,CHEMBL509634,,5,Train,1
LXJJADVJFPDNAQ-ZWKOTPCHSA-N,CCC[C@@H](CN[C@@H]1COc2ccccc2SC1)CSc1ccccc1OC,ChEMBL,CHEMBL452552,,5,Validation,1
IMHOUWDBJOYBHV-CABCVRRESA-N,COc1ccccc1SC[C@@H](O)CN[C@@H]1COc2ccccc2SC1,ChEMBL,CHEMBL529444,,5,Validation,1
HZQHAAFWVRDHMZ-CVEARBPZSA-N,COc1ccccc1SC[C@H](C)CN[C@H]1COc2ccccc2SC1,ChEMBL,CHEMBL488477,,5,Train,1
HZQHAAFWVRDHMZ-HZPDHXFCSA-N,COc1ccccc1SC[C@H](C)CN[C@@H]1COc2ccccc2SC1,ChEMBL,CHEMBL520408,,5,Train,1
IMHOUWDBJOYBHV-MLCCFXAWSA-N,COc1ccccc1SCC(O)CN[C@H]1COc2ccccc2SC1,ChEMBL,CHEMBL471370,,5,Validation,1
KZNUTZGUODBXOA-GOSISDBHSA-N,Cn1nccc1-c1cc(C(F)(F)F)ccc1[C@H]1CCOc2cc(S(=O)(=O)Nc3ccncn3)ccc21,ChEMBL,CHEMBL4648205,,5,Train,1
KUVZDRVPKZSTDF-LJQANCHMSA-N,O=S(=O)(Nc1ccncn1)c1ccc2c(c1)OCC[C@@H]2c1ccc(C(F)(F)F)cc1-c1ccc(F)nc1,ChEMBL,CHEMBL4640389,,5,Train,1
HVGAFMZYKBKANC-OAQYLSRUSA-N,Cc1ccc(-c2cc(C(F)(F)F)ccc2[C@H]2CCOc3cc(S(=O)(=O)Nc4ncccn4)ccc32)cn1,ChEMBL,CHEMBL4649472,,5,Train,1
LSYANGLAZUZYFX-UHFFFAOYSA-N,N#Cc1ccc(Cn2ccc(NC(=O)Cc3ccc(C4(C(F)(F)F)CC4)cc3)n2)nc1,ChEMBL,CHEMBL4217292,,5,Train,1
CCGUDUAICHRNSB-UHFFFAOYSA-N,CC(C)(C)c1ccc2[nH]c(C(C)(C)N)nc2c1,ChEMBL,CHEMBL4466809,,5,Train,1
SQZWPCQKGINHDT-UHFFFAOYSA-N,Cc1nc(Cn2nc3ccc(-c4ccc(Oc5ccc(Cl)cc5)cc4)cn3c2=O)no1,ChEMBL,CHEMBL2147141,,5,Train,1
NIIBPFADTOPKBI-UHFFFAOYSA-N,N#CC[C@H]1CC[C@H](n2c(=O)[nH]c3cnc(Nc4ccc[nH]c4=O)nc32)CC1,PubChem,,71062030,5,Train,1
YMBJDJPWPUCCGT-UONOGXRCSA-N,C[C@@H](CN[C@@H]1COc2ccccc2SC1)CSc1cccc(F)c1O,ChEMBL,CHEMBL564175,,5,Validation,1
PHRSSAZMQCGYNB-DOTOQJQBSA-N,Cc1ccccc1SC[C@@H](C)CN[C@@H]1COc2ccccc2SC1,ChEMBL,CHEMBL539125,,5,Train,1
JWQOYZVGECDHJA-UONOGXRCSA-N,C[C@@H](CN[C@@H]1COc2ccccc2SC1)CSc1cccc(F)c1N,ChEMBL,CHEMBL560159,,5,Train,1
YQVJOXPYZLHMEZ-GOEBONIOSA-N,C[C@@H](CN[C@@H]1COc2ccccc2SC1)CSc1cccc2cn[nH]c12,ChEMBL,CHEMBL561422,,5,Validation,1
YTIJTAJHGATKIA-DOTOQJQBSA-N,C[C@@H](CN[C@@H]1COc2ccccc2SC1)CSc1cccc2c1OCC2,ChEMBL,CHEMBL561419,,5,Train,1
PFCIYLXAJNOREM-GOEBONIOSA-N,Cc1cccc(SC[C@@H](C)CN[C@@H]2COc3ccccc3SC2)c1N,ChEMBL,CHEMBL561222,,5,Train,1
OPCHDGGCCSUGAR-DOTOQJQBSA-N,C[C@@H](CN[C@@H]1COc2ccccc2SC1)CSc1cccc2cc[nH]c12,ChEMBL,CHEMBL550347,,5,Train,1
SCECRBMEJZCHLC-UHFFFAOYSA-N,Fc1ccc(C(CCCNCCCc2ccccc2)c2ccc(F)cc2)cc1,ChEMBL,CHEMBL3098429,,5,Train,1
PJJRXLNEXFKPRZ-LJQANCHMSA-N,O=S(=O)(Nc1ncccn1)c1ccc2c(c1)OCC[C@@H]2c1ccc(C(F)(F)F)cc1-c1ccc(F)nc1,ChEMBL,CHEMBL4637917,,5,Train,1
IMHOUWDBJOYBHV-GICMACPYSA-N,COc1ccccc1SCC(O)CN[C@@H]1COc2ccccc2SC1,ChEMBL,CHEMBL511487,,5,Train,1
OWSJTLPCXYDYNN-LSDHHAIUSA-N,C[C@@H](CN[C@@H]1COc2ccccc2SC1)CSc1cccc2c1OCO2,ChEMBL,CHEMBL549946,,5,Train,1
YZGPAFTVQUMTDW-DOTOQJQBSA-N,CCc1cccc(SC[C@@H](C)CN[C@@H]2COc3ccccc3SC2)c1O,ChEMBL,CHEMBL561700,,5,Validation,1
QXYZNVSDYSPBKU-QGZVFWFLSA-N,O=S1(=O)CCN(c2cc(C(F)(F)F)ccc2[C@H]2CCOc3cc(S(=O)(=O)Nc4nccs4)ccc32)CC1,ChEMBL,CHEMBL4642855,,5,Train,1
JKJIATXPNOQKCJ-MRXNPFEDSA-N,O=S(=O)(Nc1cccc(F)n1)c1ccc2c(c1)OCC[C@@H]2c1ccc(C(F)(F)F)cc1-n1ccnn1,ChEMBL,CHEMBL4636970,,5,Train,1
XFHRXWSIIZECGV-MRXNPFEDSA-N,O=S(=O)(Nc1ncccn1)c1ccc2c(c1)OCC[C@@H]2c1ccc(C(F)(F)F)cc1-n1ccnn1,ChEMBL,CHEMBL4648412,,5,Validation,1
GEIQBHFYPFHOIO-UHFFFAOYSA-N,CCOc1ccc(-c2ccc3nnc(C(F)(F)F)n3c2)cc1,ChEMBL,CHEMBL3809942,,5,Train,1
QIEWJNWMOMSSDD-HNNXBMFYSA-N,O=S(=O)(Nc1nccs1)c1ccc2c(c1)OCC[C@H]2c1ccc(C(F)(F)F)cc1-n1ccnn1,ChEMBL,CHEMBL4643042,,5,Train,1
OEPSFAYULIBVBM-GOSISDBHSA-N,Cc1nc(-c2cc(C(F)(F)F)ccc2[C@H]2CCOc3cc(S(=O)(=O)Nc4ncccn4)ccc32)co1,ChEMBL,CHEMBL4638025,,5,Train,1
DJHZXMRGQMOADC-MRXNPFEDSA-N,O=S(=O)(Nc1ccncn1)c1ccc2c(c1)OCC[C@@H]2c1ccc(C(F)(F)F)cc1-n1ccnn1,ChEMBL,CHEMBL4644188,,5,Train,1
IMHOUWDBJOYBHV-HUUCEWRRSA-N,COc1ccccc1SC[C@H](O)CN[C@@H]1COc2ccccc2SC1,ChEMBL,CHEMBL488303,,5,Validation,1
NMTXLNOIVBBWCK-UHFFFAOYSA-N,CC(C)c1nnc2ccc(-c3ccc(OC(F)(F)F)cc3)cn12,ChEMBL,CHEMBL3809523,,5,Train,1
GQTRVEGXRKPCQF-CVEARBPZSA-N,COc1ccccc1SC[C@H](CN[C@@H]1COc2ccccc2SC1)OC,ChEMBL,CHEMBL486256,,5,Validation,1
UPIGINOFGWONOH-GOTSBHOMSA-N,CCc1ccc2nc(N3CCC(N[C@H]4CCCC[C@@H]4O)CC3)c(-c3nc(C)no3)cc2c1,ChEMBL,CHEMBL4576339,,5,Train,1
JHRCZIKHMOJCKF-UHFFFAOYSA-N,Cc1ccc2nc(N3CCC(NC4CCOCC4)CC3)c(-c3nc(C)no3)cc2c1,ChEMBL,CHEMBL4440935,,5,Train,1
DKYUUKRMMHLYCZ-SFHVURJKSA-N,O=S(=O)(Nc1nccs1)c1ccc2c(c1)OCC[C@H]2c1ccc(C(F)(F)F)cc1-c1ccc(F)nc1,ChEMBL,CHEMBL4642271,,5,Train,1
NZKAKWZSTIGNFK-OAQYLSRUSA-N,Cc1ccc(-c2cc(C(F)(F)F)ccc2[C@H]2CCOc3cc(S(=O)(=O)Nc4ncc(F)cn4)ccc32)cn1,ChEMBL,CHEMBL4638356,,5,Train,1
KCRNOVULDSNKBZ-DNQXCXABSA-N,CCc1ccc(S(=O)(=O)N[C@@H]2c3cc(NC(=O)c4cccc(OC)c4)ccc3C[C@H]2O)cc1,ChEMBL,CHEMBL288131,,5,Train,1
LARCZEQUTRFGKA-GOSISDBHSA-N,Cn1nccc1-c1cc(C(F)(F)F)ccc1[C@H]1CCOc2cc(S(=O)(=O)Nc3ncccn3)ccc21,ChEMBL,CHEMBL4632819,,5,Train,1
LVOYSVYYMLGENB-MRXNPFEDSA-N,O=C1COCCN1c1cc(C(F)(F)F)ccc1[C@H]1CCOc2cc(S(=O)(=O)Nc3nccs3)ccc21,ChEMBL,CHEMBL4639688,,5,Train,1
KXCGWMLVBGOIMF-GOSISDBHSA-N,Cn1nccc1-c1cc(C(F)(F)F)ccc1[C@H]1CCOc2cc(S(=O)(=O)Nc3cnccn3)ccc21,ChEMBL,CHEMBL4646718,,5,Train,1
YOOCGHPPGWOFFL-GOSISDBHSA-N,O=S(=O)(Nc1ncccn1)c1ccc2c(c1)OCC[C@@H]2c1ccc(C(F)(F)F)cc1N1CCOCC1,ChEMBL,CHEMBL4637586,,5,Train,1
HPZNFZIGZBHSAJ-UHFFFAOYSA-N,FC(F)(F)Oc1cccc(-c2ccc3nnc(C(F)(F)F)n3c2)c1,ChEMBL,CHEMBL3809478,,5,Train,1
ZDBDILFMVHVHPE-GOSISDBHSA-N,Cn1nccc1-c1cc(C(F)(F)F)ccc1[C@H]1CCOc2cc(S(=O)(=O)Nc3cccc(F)n3)ccc21,ChEMBL,CHEMBL4633361,,5,Train,1
YMIUSSGKICXXJY-IBGZPJMESA-N,Cn1nccc1-c1cc(C(F)(F)F)ccc1[C@H]1CCc2cc(S(=O)(=O)Nc3ncccn3)ccc21,ChEMBL,CHEMBL4637997,,5,Train,1
KQWOBWMNPNSGDQ-KRWDZBQOSA-N,Cc1nc(-c2cc(C(F)(F)F)ccc2[C@@H]2CCOc3cc(S(=O)(=O)Nc4nccs4)ccc32)co1,ChEMBL,CHEMBL4636271,,5,Train,1
RWNBPEMDAHCYQR-MRXNPFEDSA-N,O=S(=O)(Nc1ncc(F)cn1)c1ccc2c(c1)OCC[C@@H]2c1ccc(C(F)(F)F)cc1-n1ccnn1,ChEMBL,CHEMBL4642883,,5,Train,1
DVWXIXNBOVVUMM-OAQYLSRUSA-N,O=S(=O)(Nc1cccc(F)n1)c1ccc2c(c1)OCC[C@@H]2c1ccc(C(F)(F)F)cc1-c1ccc(F)cc1,ChEMBL,CHEMBL4634972,,5,Train,1
JWYCILFNRIJQGK-GOSISDBHSA-N,O=S1(=O)CCN(c2cc(C(F)(F)F)ccc2[C@H]2CCOc3cc(S(=O)(=O)Nc4ncccn4)ccc32)CC1,ChEMBL,CHEMBL4644562,,5,Train,1
CSVHPKXFCVHHME-LJQANCHMSA-N,Cn1nccc1-c1cc(C(F)(F)F)ccc1[C@H]1CCOc2cc(S(=O)(=O)Nc3cc(F)ccn3)ccc21,ChEMBL,CHEMBL4640134,,5,Train,1
JLTWJPIFDNMENG-GOSISDBHSA-N,Cc1nc(-c2cc(C(F)(F)F)ccc2[C@H]2CCOc3cc(S(=O)(=O)Nc4ncc(F)cn4)ccc32)co1,ChEMBL,CHEMBL4645317,,5,Validation,1
CHORXNDLHAFLCJ-ANYOXOOPSA-N,CCCN[C@@H](C)c1c(-c2cc(C)cc(C)c2)[nH]c2ccc(C(C)(C)C(=O)N3C4CCC3CC4)cc12,ChEMBL,CHEMBL1643712,,5,Train,1
KNSWBONJFZDWNS-OAHLLOKOSA-N,O=C1OCCN1c1cc(C(F)(F)F)ccc1[C@H]1CCOc2cc(S(=O)(=O)Nc3nccs3)ccc21,ChEMBL,CHEMBL4641628,,5,Train,1
SVWTUBWGCQRICJ-LJQANCHMSA-N,Cn1nccc1-c1cc(C(F)(F)F)ccc1[C@H]1CCOc2cc(S(=O)(=O)Nc3ccc(F)cn3)ccc21,ChEMBL,CHEMBL4633814,,5,Train,1
QSZUHEIVPGIQTG-GOSISDBHSA-N,O=S1(=O)CCN(c2cc(C(F)(F)F)ccc2[C@H]2CCOc3cc(S(=O)(=O)Nc4ncc(F)cn4)ccc32)CC1,ChEMBL,CHEMBL4648600,,5,Train,1
GBJJCDCEJASLBJ-QFIPXVFZSA-N,Cc1ccc(-c2cc(C(F)(F)F)ccc2[C@H]2CCc3cc(S(=O)(=O)Nc4ncccn4)ccc32)cn1,ChEMBL,CHEMBL4646308,,5,Train,1
LPNHRDRHDGGUKJ-UHFFFAOYSA-N,CC(C)(C)Oc1ccc(-c2ccc3nnc(C(F)(F)F)n3c2)cc1,ChEMBL,CHEMBL3808733,,5,Train,1
TUCOHLYYACEFAZ-GOSISDBHSA-N,O=S(=O)(Nc1ncc(F)cn1)c1ccc2c(c1)OCC[C@@H]2c1ccc(C(F)(F)F)cc1N1CCOCC1,ChEMBL,CHEMBL4632408,,5,Train,1
NIUMYXYWSPDBFW-FQEVSTJZSA-N,O=S(=O)(Nc1nccs1)c1ccc2c(c1)OCC[C@H]2c1ccc(C(F)(F)F)cc1-c1ccc(F)cc1,ChEMBL,CHEMBL4647064,,5,Train,1
PPDDUMDJYIOMMM-GOSISDBHSA-N,Cn1nccc1-c1cc(C(F)(F)F)ccc1[C@H]1CCOc2cc(S(=O)(=O)Nc3cccnn3)ccc21,ChEMBL,CHEMBL4633605,,5,Train,1
JWOQCNKFIKAZAI-LJQANCHMSA-N,O=S(=O)(Nc1ncc(F)cn1)c1ccc2c(c1)OCC[C@@H]2c1ccc(C(F)(F)F)cc1-c1ccc(F)cn1,ChEMBL,CHEMBL4634870,,5,Train,1
IIQHTWBDNWASLM-GOSISDBHSA-N,O=S1(=O)CCN(c2cc(C(F)(F)F)ccc2[C@H]2CCOc3cc(S(=O)(=O)Nc4cccc(F)n4)ccc32)CC1,ChEMBL,CHEMBL4647722,,5,Train,1
MIIOBHGQUATGFU-KRWDZBQOSA-N,Cn1nccc1-c1cc(C(F)(F)F)ccc1[C@@H]1CCOc2cc(S(=O)(=O)Nc3nccs3)ccc21,ChEMBL,CHEMBL4639153,,5,Train,1
QOYMDLATDBQPLA-MRXNPFEDSA-N,O=S(=O)(Nc1nccs1)c1ccc2c(c1)OCC[C@@H]2c1ccc(C(F)(F)F)cc1-c1nccs1,ChEMBL,CHEMBL4635247,,5,Train,1
UKTHMRKYVPDRNS-GOSISDBHSA-N,Cc1nc(-c2cc(C(F)(F)F)ccc2[C@H]2CCOc3cc(S(=O)(=O)Nc4cccc(F)n4)ccc32)co1,ChEMBL,CHEMBL4639872,,5,Train,1
ZRPPQZMKRPMVNX-LJQANCHMSA-N,O=S(=O)(Nc1ncc(F)cn1)c1ccc2c(c1)OCC[C@@H]2c1ccc(C(F)(F)F)cc1-c1ccc(F)nc1,ChEMBL,CHEMBL4644526,,5,Train,1
ITMUKFCZWABNED-LJQANCHMSA-N,O=S(=O)(Nc1ncccn1)c1ccc2c(c1)OCC[C@@H]2c1ccc(C(F)(F)F)cc1-c1ccc(F)cn1,ChEMBL,CHEMBL4644542,,5,Train,1
JNAUIFVEKVIDOY-FQEVSTJZSA-N,O=S(=O)(Nc1ncccn1)c1ccc2c(c1)CC[C@@H]2c1ccc(C(F)(F)F)cc1-c1ccc(F)nc1,ChEMBL,CHEMBL4633186,,5,Train,1
IENLGMOXAQMNEH-CYBMUJFWSA-N,COc1cc(Nc2cnc(C#N)c(O[C@H](C)CN(C)C)n2)ncc1-c1cnn(C)c1,ChEMBL,CHEMBL2203843,,5,Validation,1
AITSGHFYOCKIDM-GOSISDBHSA-N,O=S1(=O)CCN(c2cc(C(F)(F)F)ccc2[C@H]2CCOc3cc(S(=O)(=O)Nc4ccncn4)ccc32)CC1,ChEMBL,CHEMBL4638338,,5,Train,1
BATCTBJIJJEPHM-UHFFFAOYSA-N,O=C(Nc1cccnn1)N1CCC(=Cc2cccc(Oc3ccc(C(F)(F)F)cn3)c2)CC1,ChEMBL,CHEMBL1651534,,5,Train,1
HKROEBDHHKMNBZ-CHBKHGQFSA-N,CCC(=N\O)/C(C)=C/c1ccc(F)cc1,ChEMBL,CHEMBL3697701,,5,Train,1
OAEWNSKRLBVVBV-QSEAXJEQSA-N,CCCCN(CCCC)C(=O)CN1C[C@H](c2cc(OC)c3c(c2)OCO3)[C@@H](C(=O)O)[C@@H]1CC(C)(C)CCC,ChEMBL,CHEMBL111612,,5,Train,1
LWJGMYMNSNVCEM-UHFFFAOYSA-N,COc1ccc2cc(OCC3(C(=O)O)CN(C(=O)c4ccc(F)cc4)C3)ccc2c1,ChEMBL,CHEMBL3286797,,5,Validation,1
HEUVRFNVTLGKMZ-SANMLTNESA-N,Cn1cncc1[C@](O)(COc1ccc(C#N)cc1-c1ccc(OC(F)(F)F)cc1)c1ccc(C#N)cc1,ChEMBL,CHEMBL4586794,,5,Train,1
LONCXOHJDPUEJD-GCXVJTNJSA-N,CC[C@H](C)[C@@H]1NC(=O)[C@@H]2CSSC[C@@H]3NC(=O)[C@H](C(C)C)NC(=O)[C@H](CC(C)C)NC(=O)[C@H](CC(N)=O)NC(=O)[C@@H]4CCCN4C(=O)[C@H](CCCNC(=N)N)NC(=O)[C@H](CSSC[C@H](NC(=O)[C@@H](N)CC(=O)O)C(=O)N[C@@H](CC(C)C)C(=O)N[C@@H](CCCCN)C(=O)N[C@@H](Cc4ccccc4)C(=O)N[C@@H](CCSC)C(=O)N[C@@H](CCCNC(=N)N)C(=O)N[C@@H](CCCCN)C(=O)N2)NC(=O)[C@H](CSSC[C@@H](C(=O)N[C@@H](CCCCN)C(=O)N[C@@H](Cc2ccc(O)cc2)C(=O)N[C@H](C(=O)N[C@@H](Cc2ccccc2)C(N)=O)C(C)C)NC(=O)[C@H](Cc2c[nH]c4ccccc24)NC(=O)[C@H](CCCCN)NC(=O)[C@H](Cc2cnc[nH]2)NC(=O)[C@H]([C@@H](C)O)NC(=O)[C@H](CCCNC(=N)N)NC(=O)[C@H](CO)NC3=O)NC(=O)[C@H](CCCCN)NC(=O)[C@H](CC(=O)O)NC(=O)[C@H](CC(N)=O)NC(=O)[C@H](CC(=O)O)NC(=O)[C@@H]2CCCN2C1=O,PubChem,,127047622,4.995678626,Train,0
IJLVCMAAMCBQNU-UHFFFAOYSA-N,CN(C)Cc1ccc2c(c1)CCN(C(=O)c1cc3cc(Cl)ccc3n1C)C2,PubChem,,58080768,4.987162775,Train,0
ONUTZNXIOKRNNW-UHFFFAOYSA-N,Cc1cccc(C)c1-c1noc(C)c1NC(=O)NCc1c(F)cccc1Cl,PubChem,,25204605,4.979999398,Train,0
QCDLGAPJZJODRJ-UHFFFAOYSA-N,Nc1n[nH]cc1-c1cc(C(F)(F)F)ccc1Oc1cc(F)c(S(=O)(=O)Nc2cscn2)cc1Cl,ChEMBL,CHEMBL2325601,,4.976788708,Train,0
RPAFOXJHTMXQJS-UHFFFAOYSA-N,Cc1ccc(C(=O)NC(N)=NCCSCc2ccccc2)cc1,PubChem,,22149337,4.966576245,Train,0
DNAKQKSMBCBZJZ-UHFFFAOYSA-N,O=S(=O)(Nc1ncns1)c1ccc2c(-c3ccc(OC(F)(F)F)cc3Cl)cccc2c1,PubChem,,71585830,4.962573502,Train,0
HVXQJYRIBICXNC-UHFFFAOYSA-N,CC(C)COc1ncc(-c2cn(CC(C)C)c3cc(C(=O)NS(=O)(=O)C4CC4)ccc23)cc1Cl,ChEMBL,CHEMBL4444425,,4.958607315,Train,0
XIGZAONAJMZWKN-UHFFFAOYSA-N,COc1cc2nnc(C(N)=O)c(Nc3ccc(C)cc3F)c2cc1N1CCCN(C)CC1,ChEMBL,CHEMBL2409398,,4.958607315,Train,0
UWXYMPUFJVJRED-OAQYLSRUSA-N,O=C(Nc1ccc(OCC(F)(F)F)nc1)[C@@H](c1ccccc1)N1CCN(C(=O)c2cc(F)cnc2Cl)CC1,ChEMBL,CHEMBL4295171,,4.958607315,Train,0
RQIRAWYTRPXHHW-UHFFFAOYSA-N,CS(=O)(=O)NC(=O)c1cc(F)c(COc2ccc(Cl)c(Cl)c2)cc1F,ChEMBL,CHEMBL4129030,,4.958607315,Train,0
FJKQUKONXVRWFW-UHFFFAOYSA-N,CC(C)COc1ccc(-c2nn(C)c3cc(C(=O)NS(=O)(=O)C4CC4)c(F)cc23)cn1,PubChem,,155527767,4.958607315,Train,0
BQKXHBXBKVZFPO-UHFFFAOYSA-N,COc1cc(C(=O)NS(C)(=O)=O)c(F)cc1-c1cnc(OCC2(C)CC2)c(Cl)c1,PubChem,,117993884,4.958607315,Validation,0
WQSUNLAAABNZKE-UHFFFAOYSA-N,Cc1[nH]ncc1-c1cc(C(F)(F)F)ccc1Oc1ccc(S(=O)(=O)Nc2ncns2)cc1C#N,PubChem,,57494822,4.954598777,Train,0
XGHTXKCYYYQBKG-UHFFFAOYSA-N,COc1cc(C(=O)NS(C)(=O)=O)ccc1-c1cnc(Oc2cc(Cl)cnc2OC)c(Cl)c1,PubChem,,155562982,4.935542011,Train,0
VILWNHSACYQVKK-UHFFFAOYSA-N,COc1cc(C(F)(F)F)ccc1-c1cccc2cc(S(=O)(=O)Nc3ncns3)ccc12,ChEMBL,CHEMBL3682623,,4.928117993,Train,0
VJJMIHLDIPOSDI-UHFFFAOYSA-N,Nc1cncc(Nc2ccc(Oc3ccc(Cl)cc3)cc2)c1,ChEMBL,CHEMBL2011946,,4.928117993,Train,0
RERHIKRBDUEBLN-UHFFFAOYSA-N,O=C(NCc1cccc(Br)c1)C1c2ccccc2C(=O)N1CCc1ccccn1,ChEMBL,CHEMBL2164385,,4.920818754,Validation,0
ANXJUGAGJBHGCX-UHFFFAOYSA-N,O=S(=O)(CC1CC1)c1nnc(-c2cc(F)c(-c3cnc(Oc4ccc(F)cc4F)c(Cl)c3)cc2F)[nH]1,ChEMBL,CHEMBL4129799,,4.920818754,Train,0
HNKNKWOBIYGMKR-UHFFFAOYSA-N,COc1cc(-c2cccc(C(F)(F)F)c2)c(F)cc1-c1nccc2cc(S(=O)(=O)Nc3ccon3)ccc12,ChEMBL,CHEMBL4060568,,4.920818754,Train,0
LJBDZHNZGFGQNL-UHFFFAOYSA-N,Cc1nocc1C(=O)Nc1ccc(-c2ccccc2OC(F)(F)F)c(N)n1,ChEMBL,CHEMBL2324355,,4.920818754,Train,0
IWIMOEAKEUYTRF-UHFFFAOYSA-N,O=C(NCc1ccc(OC(F)(F)F)cc1)C1c2ccccc2C(=O)N1C1CC(F)(F)C1,PubChem,,44540470,4.920818754,Train,0
HXQGZVNOPUKCCC-UHFFFAOYSA-N,O=C(NCc1ccc(OC(F)(F)F)cc1)C1c2ccccc2C(=O)N1CCc1cnccn1,PubChem,,44544441,4.920818754,Train,0
BBUGAAUSTUTTDJ-UHFFFAOYSA-N,CCOc1cc2ncc(C(N)=O)c(Nc3ccc(C)cc3F)c2cc1N1CCN(C)CC1,PubChem,,24757965,4.920818754,Train,0
XRNUGWWPCXDLQH-UHFFFAOYSA-N,Cn1cc(-c2cnc(OCC(F)(F)F)c(Cl)c2)c2ccc(C(=O)NS(C)(=O)=O)cc21,PubChem,,155523322,4.920818754,Train,0
OSNZUISQROCPPF-UHFFFAOYSA-N,CC(C)COc1ncc(-c2cn(C)c3cc(C(=O)NS(=O)(=O)C4CC4)ccc23)cc1Cl,PubChem,,132020507,4.920818754,Validation,0
NDVDBJIRXMBDOD-VGOFMYFVSA-N,CCOC(=O)N1CC/C(=C\C#Cc2cccc(C)n2)C1,ChEMBL,CHEMBL4551786,,4.910448117,Train,0
PPKNTGHPZNLOFG-UHFFFAOYSA-N,COc1cc(C(=O)NS(C)(=O)=O)c(F)cc1-c1cnc(Oc2cc(F)ccc2F)c(Cl)c1,ChEMBL,CHEMBL4469805,,4.910094889,Train,0
OEXUGFJXGSYFJL-UHFFFAOYSA-N,COc1cc(C(F)(F)F)ccc1-c1ccnc2cc(S(=O)(=O)Nc3nccs3)ccc12,PubChem,,89614068,4.910094889,Train,0
YQIBYOQCHNPMPP-UHFFFAOYSA-N,COc1ncc(-c2ccccc2CCNC(=O)c2ccc(OCCC(F)(F)F)nc2)cn1,PubChem,,71449282,4.900001867,Train,0
RIGAZWYFGSIWSB-UHFFFAOYSA-N,O=C(NCCc1ccccc1-c1ccc(CO)nc1)c1ccc(OCCC(F)(F)F)nc1,PubChem,,71456402,4.900001867,Train,0
LRHQXIQLHVPUNA-INIZCTEOSA-N,COc1cnc(-c2cccc3c2C[C@H](NC(=O)c2ccc(COCC(F)(F)F)nc2)CO3)cn1,ChEMBL,CHEMBL2069427,,4.900000142,Train,0
WSPHMGORSRQULF-UHFFFAOYSA-N,N#Cc1cc(S(=O)(=O)Nc2ncns2)ccc1Oc1ccc(-c2cccc(C(F)(F)F)c2)cc1-c1ccnc(CNCCC2CCNCC2)c1,PubChem,,118540795,4.892881649,Train,0
JVDZSUFDTNLDRV-UHFFFAOYSA-N,COc1ccc2c(c1)NC1(CCN(Cc3cccc(C#N)c3)CC1)c1cccn1-2,PubChem,,118710322,4.890252762,Train,0
LSOLDNQAQRHMKA-UHFFFAOYSA-N,Cc1cn(C2CCCCC2)c2ccc(C(=O)NS(=O)(=O)C3CC3)cc12,ChEMBL,CHEMBL4435025,,4.886056648,Train,0
KFGKOOFLEPYEQF-UHFFFAOYSA-N,O=C(Nc1cccc(C(F)(F)F)c1-c1ccncc1)c1cccc(-c2ncccc2C(F)(F)F)c1,ChEMBL,CHEMBL4092683,,4.886056648,Train,0
BOXIFJWEKQNIOS-UHFFFAOYSA-N,COc1ccc(OCC(O)CN2CCC(N3Cc4ccccc4C3=O)CC2)cc1,ChEMBL,CHEMBL3634336,,4.886056648,Train,0
ARCUVPSLBZWKRK-UHFFFAOYSA-N,O=S(=O)(CC1CC1)c1nnc(-c2cc(F)c(-c3cnc(Oc4ccccc4C(F)(F)F)c(Cl)c3)cc2F)[nH]1,ChEMBL,CHEMBL4130208,,4.886056648,Train,0
BDBFJHNNRYDUHR-UHFFFAOYSA-N,CC(C)(Cc1ccccn1)N1C(=O)c2ccccc2C1C(=O)NCc1ccc(OC(F)(F)F)cc1,PubChem,,44545168,4.886056648,Train,0
DCMQCUNWFWGVDN-LSFGJFRFSA-N,CSCC[C@@H]1NC(=O)[C@H](Cc2ccccc2)NC(=O)CNC(=O)[C@H](CC(C)C)NC(=O)[C@@H](NC(=O)[C@@H](N)CC(=O)O)CSSC[C@@H]2NC(=O)[C@@H]3CSSC[C@@H](C(=O)N[C@@H](CCCCN)C(=O)N[C@@H](Cc4ccc(O)cc4)C(=O)N[C@H](C(=O)N[C@@H](Cc4ccccc4)C(N)=O)C(C)C)NC(=O)[C@H](Cc4c[nH]c5ccccc45)NC(=O)[C@H](CCCCN)NC(=O)[C@H](Cc4c[nH]cn4)NC(=O)[C@H]([C@@H](C)O)NC(=O)[C@H](CCCNC(=N)N)NC(=O)[C@H](CO)NC(=O)[C@H](CSSC[C@H](NC(=O)[C@H](CCCCN)NC(=O)[C@H](CCCNC(=N)N)NC1=O)C(=O)N[C@@H](Cc1cccc4ccccc14)C(=O)N1CCC[C@H]1C(=O)N[C@@H](CC(=O)O)C(=O)N[C@@H](CC(N)=O)C(=O)N[C@@H](CC(=O)O)C(=O)N[C@@H](CCCCN)C(=O)N3)NC(=O)[C@H](C(C)C)NC(=O)[C@H](CC(C)C)NC(=O)[C@H](CC(N)=O)NC(=O)[C@@H]1CCCN1C(=O)[C@H](CCCNC(=N)N)NC2=O,PubChem,,127048130,4.886056648,Train,0
GEDDMFGBKRREEU-SFHVURJKSA-N,Cc1sc(-c2ccccc2Cl)cc1C(=O)N[C@@H](CN)c1ccccc1,PubChem,,129012089,4.886056648,Train,0
WUJVPELCYCESAP-UHFFFAOYSA-N,O=C(O)CC1CCC2(CC1)CCN(c1cc(OC(F)(F)F)ccc1Cl)CC2,PubChem,,73777063,4.886056648,Train,0
SKQUCWIXMWXCIE-BITKNNNISA-N,CC[C@H](C)[C@@H]1NC(=O)[C@@H]2CSSC[C@@H]3NC(=O)[C@H](C(C)C)NC(=O)[C@H](CC(C)C)NC(=O)[C@H](CC(N)=O)NC(=O)[C@@H]4CCCN4C(=O)[C@H](Cc4ccccn4)NC(=O)[C@H](CSSC[C@H](NC(=O)[C@@H](N)CC(=O)O)C(=O)N[C@@H](CC(C)C)C(=O)NCC(=O)N[C@@H](Cc4ccccc4)C(=O)N[C@@H](CCSC)C(=O)N[C@@H](CCCNC(=N)N)C(=O)N[C@@H](CCCCN)C(=O)N2)NC(=O)[C@H](CSSC[C@@H](C(=O)N[C@@H](CCCCN)C(=O)N[C@@H](Cc2ccc(O)cc2)C(=O)N[C@H](C(=O)N[C@@H](Cc2ccccc2)C(N)=O)C(C)C)NC(=O)[C@H](Cc2c[nH]c4ccccc24)NC(=O)[C@H](CCCCN)NC(=O)[C@H](Cc2cnc[nH]2)NC(=O)[C@H]([C@@H](C)O)NC(=O)[C@H](CCCNC(=N)N)NC(=O)[C@H](CO)NC3=O)NC(=O)[C@H](CCCCN)NC(=O)[C@H](CC(=O)O)NC(=O)[C@H](CC(N)=O)NC(=O)[C@H](CC(=O)O)NC(=O)[C@@H]2CCCN2C1=O,ChEMBL,CHEMBL3797934,,4.882728704,Train,0
TZRZFGDEZLWZQT-UHFFFAOYSA-N,COc1ccc2c(c1)NC1(CCN(C(=O)c3ccc(C#N)cc3)CC1)c1cccn1-2,ChEMBL,CHEMBL3322667,,4.86106606,Train,0
HXQNEKJQBGXFAG-UHFFFAOYSA-N,COc1cc(-c2cc(F)cc(Cl)c2)c(F)cc1-n1c(=O)ccc2cc(S(=O)(=O)Nc3ccon3)ccc21,ChEMBL,CHEMBL3945969,,4.853871964,Train,0
BCCZTFIOURKUIO-UHFFFAOYSA-N,COc1cc(C#N)ccc1N1CCOc2cc(S(=O)(=O)Nc3nccs3)ccc21,ChEMBL,CHEMBL3963432,,4.853871964,Train,0
IBHNEKVLDKCEQY-UHFFFAOYSA-N,CCOc1cc2ncc(C(N)=O)c(Nc3ccc(F)cc3F)c2cc1N1CCN(C)CC1,ChEMBL,CHEMBL481806,,4.853871964,Train,0
YVFFXPPCYCZALQ-OKILXGFUSA-N,COc1cc2nnc(C(N)=O)c(Nc3ccc(C)cc3F)c2cc1N1C[C@H](C)N[C@H](C)C1,PubChem,,24864147,4.853871964,Validation,0
CDECPWNJKUHBSH-UHFFFAOYSA-N,CC(C)COc1ncc(-c2cn(C)c3cc(C(=O)NS(=O)(=O)C(C)C)ccc23)cc1Cl,PubChem,,132020466,4.853871964,Train,0
FTWNOJFZUPAFDT-JOCHJYFZSA-N,N#Cc1cc(F)cc(C(=O)N2CCN([C@@H](C(=O)NCC(F)(F)C3CC3)c3ccccc3)CC2)c1,PubChem,,145988400,4.853871964,Train,0
YSXGWSPKNKLEGI-UHFFFAOYSA-N,Cc1ccc(C(=O)NC(N)=NCCOc2ccccc2)cc1,PubChem,,22149197,4.847711656,Train,0
LNGXCGKHFHJNQI-UHFFFAOYSA-N,O=S(=O)(Nc1ncns1)c1ccc2c(-c3ccc(C(F)(F)F)cc3)cccc2c1,ChEMBL,CHEMBL3682648,,4.841637508,Validation,0
TWPBQQCOMOTZRM-UHFFFAOYSA-N,CS(=O)(=O)NC(=O)c1ccc2c(Oc3ccc(Cl)c(C(F)(F)F)c3)nccc2c1,PubChem,,155565696,4.841637508,Train,0
LRAAZMNBUIISTO-UHFFFAOYSA-N,Nc1[nH]ncc1-c1cc(C(F)(F)F)ccc1Oc1cc(F)c(S(=O)(=O)Nc2nncs2)cc1Cl,PubChem,,46841788,4.841245613,Train,0
DCSUBABJRXZOMT-UHFFFAOYSA-N,COc1cc(N)c(Cl)cc1C(=O)NC1CCN(CCCOc2ccc(F)cc2)CC1OC,ChEMBL,CHEMBL1729,,4.832682665,Validation,0
ABIHXAXCZROWOV-UHFFFAOYSA-N,CC1(CNc2cc(F)c(S(=O)(=O)Nc3nccs3)cc2Cl)COC1,ChEMBL,CHEMBL4065325,,4.829738285,Train,0
VFUWYNPQDXMVOJ-UHFFFAOYSA-N,CCOc1cc(CN2CCC3(CC2)CC(=O)N(c2ccc(C(=O)O)cc2)C3)cc(OCC)c1-c1ccc(F)cc1.O=C(O)C(F)(F)F,ChEMBL,CHEMBL4282052,,4.823908741,Train,0
XTPMCCMBFJVEOA-UHFFFAOYSA-N,CC(C)CC(=O)CN1CCN(c2cccc3c2cnn3-c2ccccc2F)C1=O,PubChem,,118937925,4.823908741,Train,0
KUEGRSXKAHKHIA-UHFFFAOYSA-N,Cn1nccc1-c1cc(Cl)ccc1Oc1ccc(S(=O)(=O)Nc2ncns2)cc1F,PubChem,,71716856,4.822175028,Train,0
GUGIHZAOMVETRH-UHFFFAOYSA-N,O=S(=O)(Nc1ncns1)c1ccc2c(-c3ccc(C(F)(F)F)cc3F)cccc2c1,ChEMBL,CHEMBL3682647,,4.821023053,Train,0
KYKNUVNUVQMZFY-UHFFFAOYSA-N,Cn1cc(-c2cnc(OCC3CC3)c(Cl)c2)c2ccc(C(=O)NS(=O)(=O)C3CC3)cc21,PubChem,,132020399,4.82087927,Train,0
CZEOXEPOGLVDMI-UHFFFAOYSA-N,COCCS(=O)(=O)NC(=O)c1cnc(OCC23CC4CC(CC(C4)C2)C3)c(C2CC2)c1,ChEMBL,CHEMBL3662095,,4.815308569,Train,0
ZUXRUQOEFBOTGF-UHFFFAOYSA-N,O=C(NCc1ccc(OC(F)(F)F)c(Cl)c1)c1ccc(S(=O)(=O)Nc2nccs2)c(F)c1,PubChem,,45139151,4.801342913,Train,0
XNCIYKIAVOBLBC-UHFFFAOYSA-N,Cc1onc(-c2c(F)cccc2Cl)c1NC(=O)OCc1c(F)cccc1Cl,ChEMBL,CHEMBL1797398,,4.800000053,Train,0
VWANWFMHXJKMFY-PHGCRLBGSA-N,CC[C@H](C)[C@@H]1NC(=O)[C@@H]2CSSC[C@@H]3NC(=O)[C@H](C(C)C)NC(=O)[C@H](CC(C)C)NC(=O)[C@H](CC(N)=O)NC(=O)[C@@H]4CCCN4C(=O)[C@H](CCCCN)NC(=O)[C@H](CSSC[C@H](NC(=O)[C@@H](N)CC(=O)O)C(=O)N[C@@H](CC(C)C)C(=O)NCC(=O)N[C@@H](Cc4ccccc4)C(=O)N[C@@H](CCSC)C(=O)N[C@@H](CCCNC(=N)N)C(=O)N[C@@H](CCCCN)C(=O)N2)NC(=O)[C@H](CSSC[C@@H](C(=O)N[C@@H](CCCCN)C(=O)N[C@@H](Cc2ccc(O)cc2)C(=O)N[C@H](C(=O)N[C@@H](Cc2ccccc2)C(N)=O)C(C)C)NC(=O)[C@H](Cc2c[nH]c4ccccc24)NC(=O)[C@H](CCCCN)NC(=O)[C@H](Cc2cnc[nH]2)NC(=O)[C@H]([C@@H](C)O)NC(=O)[C@H](CCCNC(=N)N)NC(=O)[C@H](CO)NC3=O)NC(=O)[C@H](CCCCN)NC(=O)[C@H](CC(=O)O)NC(=O)[C@H](CC(N)=O)NC(=O)[C@H](CC(=O)O)NC(=O)[C@@H]2CCCN2C1=O,ChEMBL,CHEMBL3798860,,4.798602876,Train,0
XMLGSGMGTMYMQE-UHFFFAOYSA-N,COc1cccc2c1C(C(=O)NCc1ccc(OC(F)(F)F)cc1)N(CCc1ccccn1)C2=O,ChEMBL,CHEMBL2164037,,4.795880017,Train,0
FLMWTINNGMAPSE-UHFFFAOYSA-N,O=C(NCc1cccc(OC(F)(F)F)c1)C1c2ccccc2C(=O)N1CCc1ncc(F)cn1,ChEMBL,CHEMBL2164042,,4.795880017,Train,0
PLCCMQZNQDPYTG-UHFFFAOYSA-N,CC(C)COc1ccc(-c2cn(C)c3cc(C(=O)NS(C)(=O)=O)c(F)cc23)cn1,ChEMBL,CHEMBL4550045,,4.795880017,Train,0
WOSBEAAHEOZUHX-UHFFFAOYSA-N,Cn1cc(-c2ccc(OC(F)(F)F)cc2)c2ccc(C(=O)NS(C)(=O)=O)cc21,ChEMBL,CHEMBL4553935,,4.795880017,Train,0
VSUDRCZPHWUXEW-UHFFFAOYSA-N,COc1cc(C(F)(F)F)ccc1-c1ncnc2cc(S(=O)(=O)Nc3nccs3)ccc12,ChEMBL,CHEMBL3687538,,4.795880017,Train,0
XWGVTWYENODUFY-SFHVURJKSA-N,NC[C@H](Oc1noc2ccc(-c3ccccc3Cl)nc12)c1ccccc1,PubChem,,155545131,4.795880017,Train,0
IMPGUFQVHAXJGI-UHFFFAOYSA-N,COc1cc(C(=O)NS(C)(=O)=O)ccc1-c1cnc(Oc2cc(Cl)cc(Cl)c2)c(C#N)c1,PubChem,,122422536,4.793174124,Train,0
VGPVZPALXCWXDX-NYHFZMIOSA-N,CC(C)(O)CC(=O)N1CC[C@H]2CN(c3cccc4c3cnn4-c3ccccc3F)C(=O)[C@H]21,ChEMBL,CHEMBL3799939,,4.785156152,Validation,0
URKOMYMAXPYINW-UHFFFAOYSA-N,OCCOCCN1CCN(C2=Nc3ccccc3Sc3ccccc32)CC1,ChEMBL,CHEMBL716,,4.772113295,Train,0
FRIPQARTFVEBSI-UHFFFAOYSA-N,O=C(NCc1ccc(F)c(OC(F)(F)F)c1)C1c2ccccc2C(=O)N1CCc1ncc(F)cn1,ChEMBL,CHEMBL2164043,,4.769551079,Train,0
KQCXJCSQTNKAHQ-UHFFFAOYSA-N,O=C(NCc1ccc(OC(F)(F)F)cc1)C1c2cccc(F)c2C(=O)N1CCc1ccccn1,PubChem,,44545402,4.769551079,Train,0
REYUORGZKYONMN-UHFFFAOYSA-N,N#Cc1cc(S(=O)(=O)Nc2ncns2)ccc1Oc1ccc(Cl)cc1-c1cn[nH]c1,PubChem,,46840949,4.768020973,Train,0
RIUFXWHYQAUEAO-UHFFFAOYSA-N,N#Cc1ccc(-c2n[nH]c3cc(OC(F)(F)F)ccc23)cc1,PubChem,,137661020,4.761953897,Train,0
FGXVJHYCASUBMZ-UHFFFAOYSA-N,O=C(O)CCCOc1ccc(-c2cc(OC(F)(F)F)ccc2Cl)cc1,ChEMBL,CHEMBL3968947,,4.758702613,Train,0
DTYXVZRWCMJUOM-UHFFFAOYSA-N,O=C1CCc2c(cccc2C2CCN(CC(O)COc3ccccc3C(=O)c3ccccc3)CC2)N1,PubChem,,122196011,4.756961951,Validation,0
XKBRSTVJHZNPSS-UHFFFAOYSA-N,O=S(=O)(Nc1ncc(Cl)s1)c1cc(Cl)c(NCC23CCCN2CCC3)cc1F,PubChem,,118109371,4.754487332,Validation,0
FZYCZJOQFWMVCT-UHFFFAOYSA-N,COc1cc(C(=O)NS(C)(=O)=O)ccc1-c1cnc(OC2CCC2)c(Cl)c1,PubChem,,155568180,4.749579998,Validation,0
RSOSLJOUUQFJTO-UHFFFAOYSA-N,Cc1cc(C)cc(C(=O)N2CCC3(CC2)Nc2ccccc2-n2cccc23)c1,ChEMBL,CHEMBL3322666,,4.749336081,Validation,0
LUOQOUFPEYLOBE-UHFFFAOYSA-N,Cn1cc(-c2ccc(C(F)(F)F)cc2)c2ccc(C(=O)NS(=O)(=O)c3ccc(F)c(F)c3)cc21,ChEMBL,CHEMBL4435865,,4.744727495,Train,0
DGHAHFNJROJTII-UHFFFAOYSA-N,COc1cc(C(=O)NS(C)(=O)=O)c(F)cc1-c1cnc(OC2CCC2)c(Cl)c1,ChEMBL,CHEMBL4564010,,4.744727495,Train,0
ADGZWOZBIZSNNI-UHFFFAOYSA-N,CC(C)COc1ncc(-c2ccc(C(=O)NS(C)(=O)=O)c(F)c2)cc1Cl,ChEMBL,CHEMBL4460250,,4.744727495,Validation,0
AQAVDXGUHCVGJN-UHFFFAOYSA-N,O=C(NCc1ccc(OC(F)(F)F)cc1)C1c2ccccc2C(=O)N1CC1CC(F)(F)C1,PubChem,,44540469,4.744727495,Train,0
BMHNWVVGDYARHP-XWZZJKMASA-N,C[C@]12CCCC[C@H]1C[C@@H](N1CCC[C@@H](N)C1)[C@@H]2Oc1ccc(C#N)cc1,PubChem,,145961491,4.744727495,Train,0
YTGONBDYWLEARV-UHFFFAOYSA-N,CC(C)COc1ccc(-c2cn(C)c3cc(C(=O)NS(C)(=O)=O)ccc23)cc1,PubChem,,132051336,4.744727495,Train,0
QGIXOJCLJSPCPO-UHFFFAOYSA-N,Fc1ccc(Nc2n[nH]c3cc(OC(F)(F)F)cnc23)cc1F,PubChem,,137637559,4.739928612,Train,0
MXRDODCDBFHGBL-UHFFFAOYSA-N,CC(C)COc1ncc(-c2cn(C)c3cc(C(=O)NS(C)(=O)=O)ccc23)cc1Cl,PubChem,,132020452,4.736434939,Train,0
JMHYCBFEEFHTMK-IIUXMCBISA-N,COc1ccc(CCO[C@@H]2CCCC[C@H]2N2CC[C@@H](O)C2)cc1OC.Cl,ChEMBL,CHEMBL2107383,,4.730487056,Validation,0
WIBVLJJJUJRQFE-UHFFFAOYSA-N,COc1cc(C(=O)NS(C)(=O)=O)ccc1-c1cnc(Oc2cc(Cl)cc(Cl)c2)c(C(F)F)c1,PubChem,,117993881,4.725842151,Train,0
LWAACTJZSQSIBS-UHFFFAOYSA-N,O=C(NCc1ccc(OC(F)(F)F)cc1)C1c2ccccc2C(=O)N1CCC1CCOCC1,ChEMBL,CHEMBL2164397,,4.721246399,Train,0
DGRMYFOOKNVOCV-UHFFFAOYSA-N,O=S(=O)(Nc1cccc(F)n1)c1cc(Cl)c(NCC23CCCN2CCC3)cc1F,ChEMBL,CHEMBL4102586,,4.721246399,Train,0
LLBIIUQCQIOLNG-UHFFFAOYSA-N,O=C(NCc1ccc(OC(F)(F)F)cc1)C1c2ccccc2C(=O)N1CCc1ncc(F)cn1,ChEMBL,CHEMBL2164366,,4.721246399,Validation,0
ARIVZVAHCXZRND-TUACAJSNSA-N,CCCN(CCC)[C@H](c1ccccn1)[C@@H](c1ccccn1)N(CCC)C[C@H](O)CO,ChEMBL,CHEMBL4475999,,4.721246399,Train,0
GZVWSNMZCUTRBS-UHFFFAOYSA-N,O=C(NCc1ccc(OC(F)(F)F)cc1)C1c2ccccc2C(=O)N1CCC(F)(F)F,PubChem,,60201083,4.721246399,Train,0
KKEDIYUEGVYWPE-UHFFFAOYSA-N,NC(=O)CN1CCN(c2cccc3c2cnn3-c2ccccc2F)C1=O,PubChem,,118937664,4.721246399,Train,0
XVAAFMXQOXPESU-UHFFFAOYSA-N,CN(C)S(=O)(=O)NC(=O)c1ccc2c(-c3ccc(C(F)(F)F)cc3)cn(C)c2c1,PubChem,,138571094,4.721246399,Validation,0
RDSKWQBHFSAFPT-UHFFFAOYSA-N,COc1cc(-c2cc(C)cc(Cl)c2)ccc1-c1nccc2cc(S(=O)(=O)Nc3ccncn3)ccc12,PubChem,,89614219,4.718966633,Validation,0
ZBWXACSFIHWHKK-UHFFFAOYSA-N,COc1cc(Cl)ccc1-c1cccc2cc(S(=O)(=O)Nc3ncns3)ccc12,PubChem,,71571573,4.701146924,Train,0
UWCSVJUFNQXMON-UHFFFAOYSA-N,Cc1cccc(C)c1-c1noc(C)c1NC(=O)NCc1ccc(OC(C)C)nc1,PubChem,,25204669,4.700000504,Train,0
BTZNGISWSFYCTA-KRWDZBQOSA-N,Cc1cnc(-c2cccc3c2C[C@H](NC(=O)c2ccc(COCC(F)(F)F)nc2)CO3)cn1,PubChem,,70686683,4.700000504,Train,0
XRYVLNSTGGEKSW-UHFFFAOYSA-N,COc1ccc(CCNC(=O)c2ccc(OCCC(F)(F)F)nc2)c(-c2cnc(OC)nc2)c1,PubChem,,71460099,4.700000504,Train,0
KJQXTRHJBCJGRD-UHFFFAOYSA-N,COc1ncc(-c2ccccc2C(F)(F)CNC(=O)c2ccc(COCC(F)(F)F)nc2)cn1,ChEMBL,CHEMBL2147303,,4.700000069,Train,0
CPZBLNMUGSZIPR-NVXWUHKLSA-N,O=C1c2cccc3c2[C@H](CCC3)CN1[C@@H]1CN2CCC1CC2,ChEMBL,CHEMBL1189679,,4.700000069,Train,0
QKXWPQGVSJQBDG-YUZLPWPTSA-N,CC(C)(C)OC(=O)N1CCC[C@H]1C(=O)NCC1CCc2nc(N)sc2C1,ChEMBL,CHEMBL3085876,,4.698970004,Train,0
RKFXTGYFOSGMQB-ZZFUMOBZSA-N,CC[C@H](C)[C@@H]1NC(=O)[C@@H]2CSSC[C@@H]3NC(=O)[C@H](C(C)C)NC(=O)[C@H](CC(C)C)NC(=O)[C@H](CC(N)=O)NC(=O)[C@@H]4CCCN4C(=O)[C@H](C)NC(=O)[C@H](CSSC[C@H](NC(=O)[C@@H](N)CC(=O)O)C(=O)N[C@@H](CC(C)C)C(=O)NCC(=O)N[C@@H](Cc4ccccc4)C(=O)N[C@@H](CCSC)C(=O)N[C@@H](CCCNC(=N)N)C(=O)N[C@@H](CCCCN)C(=O)N2)NC(=O)[C@H](CSSC[C@@H](C(=O)N[C@@H](CCCCN)C(=O)N[C@@H](Cc2ccc(O)cc2)C(=O)N[C@H](C(=O)N[C@@H](Cc2ccccc2)C(N)=O)C(C)C)NC(=O)[C@H](Cc2c[nH]c4ccccc24)NC(=O)[C@H](CCCCN)NC(=O)[C@H](Cc2cnc[nH]2)NC(=O)[C@H]([C@@H](C)O)NC(=O)[C@H](CCCNC(=N)N)NC(=O)[C@H](CO)NC3=O)NC(=O)[C@H](CCCCN)NC(=O)[C@H](CC(=O)O)NC(=O)[C@H](CC(N)=O)NC(=O)[C@H](CC(=O)O)NC(=O)[C@@H]2CCCN2C1=O,ChEMBL,CHEMBL3416901,,4.698970004,Train,0
PSQBMBOKYBJOLZ-UHFFFAOYSA-N,Cn1cc(-c2ccc(C(F)(F)F)cc2)c2ccc(C(=O)NS(C)(=O)=O)cc21,ChEMBL,CHEMBL4570932,,4.698970004,Train,0
NFCAPDZGMNWYDX-ZZFUMOBZSA-N,CC[C@H](C)[C@@H]1NC(=O)[C@@H]2CSSC[C@@H]3NC(=O)[C@H](C(C)C)NC(=O)[C@H](CC(C)C)NC(=O)[C@H](CC(N)=O)NC(=O)[C@H](C)NC(=O)[C@H](CCCNC(=N)N)NC(=O)[C@H](CSSC[C@H](NC(=O)[C@@H](N)CC(=O)O)C(=O)N[C@@H](CC(C)C)C(=O)NCC(=O)N[C@@H](Cc4ccccc4)C(=O)N[C@@H](CCSC)C(=O)N[C@@H](CCCNC(=N)N)C(=O)N[C@@H](CCCCN)C(=O)N2)NC(=O)[C@H](CSSC[C@@H](C(=O)N[C@@H](CCCCN)C(=O)N[C@@H](Cc2ccc(O)cc2)C(=O)N[C@H](C(=O)N[C@@H](Cc2ccccc2)C(N)=O)C(C)C)NC(=O)[C@H](Cc2c[nH]c4ccccc24)NC(=O)[C@H](CCCCN)NC(=O)[C@H](Cc2cnc[nH]2)NC(=O)[C@H]([C@@H](C)O)NC(=O)[C@H](CCCNC(=N)N)NC(=O)[C@H](CO)NC3=O)NC(=O)[C@H](CCCCN)NC(=O)[C@H](CC(=O)O)NC(=O)[C@H](CC(N)=O)NC(=O)[C@H](CC(=O)O)NC(=O)[C@@H]2CCCN2C1=O,ChEMBL,CHEMBL3416902,,4.698970004,Validation,0
IDKKNSOZWQOAAS-KYJUHHDHSA-N,C[C@@]1(c2cc(F)cc(F)c2)CNC2(CCCC2)C(=O)N1CC(=O)Nc1cnc2c(c1)C[C@@]1(C2)C(=O)Nc2ncccc21,ChEMBL,CHEMBL2035983,,4.698970004,Validation,0
JDDNWVONMCPKEO-UHFFFAOYSA-N,CNc1ncc(-c2cccc(NC(=O)c3cc4ccccc4[nH]3)c2)[nH]1.Cl,PubChem,,76314065,4.698970004,Train,0
LLNGPIQOLNBVEZ-UHFFFAOYSA-N,O=C1COc2c(cccc2N2CCN(CC(O)COc3ccccc3C(=O)c3ccccc3)CC2)N1,PubChem,,122196008,4.698970004,Validation,0
CTIRHWCPXYGDGF-UHFFFAOYSA-N,C1CCC2(C1)C1CN(CC3CC3)CC2CN(CC2CC2)C1,PubChem,,65825,4.698970004,Validation,0
HAYBJVDXQMNXOJ-GODGPPIMSA-N,CC[C@H](C)[C@@H]1NC(=O)[C@@H]2CSSC[C@@H]3NC(=O)[C@H](C(C)C)NC(=O)[C@H](C)NC(=O)[C@H](CC(N)=O)NC(=O)[C@@H]4CCCN4C(=O)[C@H](CCCNC(=N)N)NC(=O)[C@H](CSSC[C@H](NC(=O)[C@@H](N)CC(=O)O)C(=O)N[C@@H](CC(C)C)C(=O)NCC(=O)N[C@@H](Cc4ccccc4)C(=O)N[C@@H](CCSC)C(=O)N[C@@H](CCCNC(=N)N)C(=O)N[C@@H](CCCCN)C(=O)N2)NC(=O)[C@H](CSSC[C@@H](C(=O)N[C@@H](CCCCN)C(=O)N[C@@H](Cc2ccc(O)cc2)C(=O)N[C@H](C(=O)N[C@@H](Cc2ccccc2)C(N)=O)C(C)C)NC(=O)[C@H](Cc2c[nH]c4ccccc24)NC(=O)[C@H](CCCCN)NC(=O)[C@H](Cc2cnc[nH]2)NC(=O)[C@H]([C@@H](C)O)NC(=O)[C@H](CCCNC(=N)N)NC(=O)[C@H](CO)NC3=O)NC(=O)[C@H](CCCCN)NC(=O)[C@H](CC(=O)O)NC(=O)[C@H](CC(N)=O)NC(=O)[C@H](CC(=O)O)NC(=O)[C@@H]2CCCN2C1=O,PubChem,,118734449,4.698970004,Train,0
CUAWFKPONCJPMJ-UHFFFAOYSA-N,COc1cc(-c2cccc(F)c2)c(Cl)cc1-c1nccc2cc(S(=O)(=O)Nc3ccncn3)ccc12,ChEMBL,CHEMBL3687606,,4.692503962,Validation,0
QLLIBQWTKDIWKH-UHFFFAOYSA-N,COc1cc(C(F)(F)F)ccc1-c1ncc(O)c2cc(S(=O)(=O)Nc3nccs3)ccc12,ChEMBL,CHEMBL3682816,,4.690369833,Train,0
DHYZBFQCLKLPTG-UHFFFAOYSA-N,COc1cc(-c2cccc(F)c2)c(Cl)cc1-c1nccc2cc(S(=O)(=O)Nc3nncs3)ccc12,PubChem,,86687603,4.684029655,Train,0
NSCWVFCGCPIMTE-UHFFFAOYSA-N,CC(C)COc1ncc(-c2cn(C)c3cc(C(=O)NS(C)(=O)=O)ccc23)cc1C#N,ChEMBL,CHEMBL4581484,,4.677780705,Train,0
AQLNQNFYWXYQCH-UHFFFAOYSA-N,COc1cc(C(F)(F)F)ccc1-c1cccc2cc(S(=O)(=O)Nc3cscn3)ccc12,ChEMBL,CHEMBL3910180,,4.677780705,Train,0
CAPRTAJDHXVYKQ-UHFFFAOYSA-N,COc1cc(C(F)(F)F)ccc1-c1cccc2cc(S(=O)(=O)Nc3nccs3)ccc12,ChEMBL,CHEMBL3932750,,4.677780705,Train,0
ZWKGJCYIWNRWSD-UHFFFAOYSA-N,O=S(=O)(Nc1ncns1)c1ccc2c(-c3ccc(C(F)(F)F)cc3Br)cccc2c1,ChEMBL,CHEMBL3682634,,4.677780705,Train,0
YYCJVCBYOBWYIO-UHFFFAOYSA-N,COc1cc(C(=O)NS(C)(=O)=O)ccc1-c1cnc(OCc2ccc(Cl)cc2)c(Cl)c1,ChEMBL,CHEMBL4458713,,4.677780705,Train,0
FSDKHDIOBLPZEK-ZETCQYMHSA-N,Nc1nc2c(s1)C[C@@H](NC(=O)c1cc(Br)c[nH]1)CC2,PubChem,,76335224,4.677780705,Train,0
XSIJYOFJNDFHGL-UHFFFAOYSA-N,Cc1nccn1-c1ccc(-c2cn(CC(=O)Nc3cccc(Cl)c3Cl)nn2)cc1,PubChem,,134135453,4.677780705,Train,0
ABSMIWMYWIPYHY-UHFFFAOYSA-N,O=S(=O)(Nc1ncns1)c1ccc2c(-c3ccccc3Cl)cccc2c1,PubChem,,71585834,4.671620397,Train,0
LOCSNCVSEDLFDP-GXSJLCMTSA-N,Cc1nc2c(=O)n(C3CC3)c3c(Cl)c(N4CC[C@@H]([C@H](C)N)C4)c(F)cc3c2o1,PubChem,,162667088,4.66756154,Train,0
QHMLHLDDXYHXGR-UHFFFAOYSA-N,O=C(NS(=O)(=O)N1CCC1)c1cc(C2CC2)c(OC2C3CC4CC2CC(Cl)(C4)C3)cc1F,PubChem,,91809389,4.665546249,Validation,0
HHSLFPVGKCXEOG-FQEVSTJZSA-N,NC[C@H](Oc1noc2ccc(-c3ccccc3Cl)cc12)c1ccccc1,ChEMBL,CHEMBL4445556,,4.657577319,Train,0
ZKLNPUKNSARQMG-UHFFFAOYSA-N,NC(N)=NC(=O)c1nc(-c2cc3ccccc3o2)c(N)nc1N,PubChem,,139030452,4.657577319,Train,0
ZWQHQPKNAATKSU-UHFFFAOYSA-N,Cn1nccc1-c1cc(Cl)ccc1Oc1cc(F)c(S(=O)(=O)Nc2ncns2)cc1F,PubChem,,71718726,4.653451442,Train,0
BZHXHYQSHOIRAH-UHFFFAOYSA-N,O=S(=O)(Nc1cscn1)c1cc(Cl)c(Oc2ccc(C(F)(F)F)cc2-c2ccnnc2)cc1F,ChEMBL,CHEMBL2324396,,4.64876431,Train,0
VXAMYAIYGLBSKL-UHFFFAOYSA-N,Cc1csc(NS(=O)(=O)c2cc(Cl)c(NCC34CCCN3CCC4)cc2F)n1,PubChem,,118121139,4.647817482,Train,0
XCKOJHQDQVQSMM-INIZCTEOSA-N,O=C(CN1CCN(c2cccc3c2cnn3-c2ccccc2F)C1=O)N1CCC[C@H](F)C1,ChEMBL,CHEMBL3799790,,4.638272164,Train,0
PYZXYYJWHQKGCD-UHFFFAOYSA-N,COc1ccc(CNC(=O)C2c3ccccc3C(=O)N2CCc2ccccn2)cc1,ChEMBL,CHEMBL2164388,,4.638272164,Train,0
PJWDCRXXCSYMLG-UHFFFAOYSA-N,CC(C)COc1ncc(-c2ccc(C(=O)NS(C)(=O)=O)cc2F)cc1Cl,ChEMBL,CHEMBL4443414,,4.638272164,Validation,0
YDXBXRWRIQGRSQ-UHFFFAOYSA-N,COc1cc(C(=O)NS(C)(=O)=O)ccc1-c1cnc(Oc2cc(F)ccc2F)c(Cl)c1,ChEMBL,CHEMBL4547268,,4.625251654,Validation,0
VPOHBVFVOWJLFM-UHFFFAOYSA-N,O=S(=O)(Nc1ncns1)c1ccc2c(-c3ccc(F)cc3Cl)cccc2c1,ChEMBL,CHEMBL3677853,,4.623423043,Train,0
XRVYFGWUWWIMHE-UHFFFAOYSA-N,O=S(=O)(Nc1ncns1)c1ccc2c(-c3ccccc3)cccc2c1,ChEMBL,CHEMBL3677857,,4.623423043,Train,0
VGOVVJRVKIMXAH-SFHVURJKSA-N,NC[C@H](Oc1noc2ncc(-c3ccccc3Cl)cc12)c1ccccc1,ChEMBL,CHEMBL4471339,,4.619788758,Train,0
FTFHWXBKWLAUKB-UHFFFAOYSA-N,COc1cc2nnc(C(N)=O)c(Nc3ccc(C)cc3F)c2cc1N1CCC(N(C)C)CC1,ChEMBL,CHEMBL2409400,,4.619788758,Train,0
UPXPCCBYWYCTMT-UHFFFAOYSA-N,CC(C)COc1ncc(-c2ccc(C(=O)NS(C)(=O)=O)cc2C#N)cc1Cl,ChEMBL,CHEMBL4467379,,4.619788758,Train,0
RYNOMDCROVJNRQ-UHFFFAOYSA-N,O=C(c1ccccc1)c1ccccc1OCC(O)CN1CCC(N2Cc3ccccc3C2=O)CC1,PubChem,,122196016,4.619788758,Train,0
NQTPZRKKOTXCSM-UHFFFAOYSA-N,CC(C)COc1ncc(-c2cn(CC(C)C)c3cc(C(=O)NS(C)(=O)=O)ccc23)cc1Cl,PubChem,,132020486,4.619788758,Train,0
RNQZZJGFWUFCFM-UHFFFAOYSA-N,Cc1cnc(NS(=O)(=O)c2cc(Cl)c(NCC34CCCN3CCC4)cc2F)s1,ChEMBL,CHEMBL4073293,,4.616184634,Validation,0
OYWLFRHHNUFGMU-UHFFFAOYSA-N,O=S(=O)(Nc1ncns1)c1ccc2c(-c3ccc(F)cc3Br)cccc2c1,PubChem,,71585829,4.616184634,Train,0
BCJSACZNOMLHOD-UHFFFAOYSA-N,O=S(=O)(Nc1nccs1)c1cc(Cl)c(NCCC23CCCN2CCC3)cc1F,PubChem,,137654527,4.616184634,Train,0
GTYPKNOGSILUOP-HOCLYGCPSA-N,O=S(=O)(Nc1ncns1)c1cc(F)c(OC[C@@H]2CCCC[C@H]2c2ccc(Cl)cc2)cc1F,PubChem,,118711022,4.607303047,Train,0
UFLHOUABHDPNNS-UHFFFAOYSA-N,CC(C)(CN1C(=O)c2ccccc2C1C(=O)NCc1ccc(OC(F)(F)F)cc1)c1ccccn1,ChEMBL,CHEMBL2164362,,4.602059991,Train,0
GFWISHMJFARXKB-UHFFFAOYSA-N,COc1cc2nnc(C(N)=O)c(Nc3ccc(C)cc3F)c2cc1C1CCN(CCO)CC1,ChEMBL,CHEMBL2409410,,4.602059991,Train,0
KPHDULNFTPYUFI-DXFBXFEISA-N,CC[C@H](C)[C@H](NC(=O)[C@H](CCC(N)=O)NC(=O)[C@H](Cc1ccc(O)cc1)NC(=O)[C@H](CCCCN)NC(=O)[C@@H]1CSSC[C@@H]2NC(=O)[C@H](CCC(N)=O)NC(=O)[C@H](CC(=O)O)NC(=O)[C@H](CC(N)=O)NC(=O)[C@H](CO)NC(=O)[C@@H]3CCCN3C(=O)[C@H](CC(N)=O)NC(=O)[C@@H]3CSSC[C@H](NC(=O)[C@H](C(C)C)NC(=O)[C@H](CC(C)C)NC(=O)[C@H](CCCCN)NC(=O)[C@H](CO)NC(=O)[C@H](CO)NC(=O)[C@H](CCCCN)NC(=O)[C@H](CSSC[C@H](NC(=O)[C@@H](N)CCC(=O)O)C(=O)N[C@@H](CC(C)C)C(=O)N[C@@H](CCC(=O)O)C(=O)N[C@@H]([C@@H](C)CC)C(=O)N[C@@H](Cc4ccccc4)C(=O)N[C@@H](CCCCN)C(=O)N[C@@H](C)C(=O)N3)NC2=O)C(=O)N[C@@H](CO)C(=O)N[C@@H](CCCNC(=N)N)C(=O)N[C@@H](CCCCN)C(=O)N[C@@H]([C@@H](C)O)C(=O)N[C@@H](CCCNC(=N)N)C(=O)N[C@@H](Cc2c[nH]c3ccccc23)C(=O)N1)C(=O)O,ChEMBL,CHEMBL4524054,,4.602059991,Train,0
MDNRLFQBJXDLAO-UHFFFAOYSA-N,O=C(NCc1ccc(F)c(C(F)(F)F)c1)C1c2ccccc2C(=O)N1CCc1ncc(F)cn1,PubChem,,60201256,4.602059991,Train,0
XIEZGHCOLVZNLM-AWEZNQCLSA-N,COc1cnc(-c2cccc3c2C[C@H](NC(=O)c2ccc(OCC(F)(F)F)nc2)CO3)cn1,PubChem,,70688785,4.599999383,Train,0
HWZRSTGNKARGTN-UHFFFAOYSA-N,N#Cc1cc(S(=O)(=O)Nc2ncns2)ccc1Oc1ccc(Cl)cc1-c1ccn[nH]1,PubChem,,71719912,4.598065536,Validation,0
JMHYCBFEEFHTMK-QQBJDQAASA-N,COc1ccc(CCO[C@@H]2CCCC[C@H]2N2CC[C@H](O)C2)cc1OC.Cl,PubChem,,11338149,4.595166283,Train,0
LDRZWGWBOYORGD-UHFFFAOYSA-N,Cn1nccc1-c1cc(Cl)ccc1Oc1ccc(S(=O)(=O)Nc2nncs2)cc1C#N,ChEMBL,CHEMBL2323100,,4.594346344,Train,0
KQHRBDBWQHZROV-UHFFFAOYSA-N,N#Cc1cc(S(=O)(=O)Nc2ncns2)ccc1Oc1ccc(C(F)(F)F)cc1-c1ccncn1,ChEMBL,CHEMBL2323074,,4.592133417,Train,0
WAHPFNHELVVPSZ-UHFFFAOYSA-N,Cn1nccc1-c1cc(Cl)ccc1Oc1cc(F)c(S(=O)(=O)Nc2cscn2)cc1Cl,ChEMBL,CHEMBL2324405,,4.588616022,Train,0
CPDGCAFPSYOTGO-UHFFFAOYSA-N,COc1cc2nnc(C(N)=O)c(Nc3ccc(C)cc3F)c2cc1N1CCN(CCO)CC1,PubChem,,25001557,4.585026652,Train,0
SWADTMSKMJUFBO-ZDUSSCGKSA-N,O=C(c1ccccc1C(F)(F)F)N(CC1CCC1)[C@H]1CCNC1,PubChem,,44517677,4.585026652,Train,0
ODMIZDMPOAVBLL-UHFFFAOYSA-N,N#CCCN1C(=O)c2ccccc2C1C(=O)NCc1ccc(OC(F)(F)F)cc1,PubChem,,44543890,4.585026652,Train,0
OUQPGTNBHJXTTR-UHFFFAOYSA-N,COc1cc(-c2cccc(C(F)(F)F)c2)ccc1-c1nccc2cc(S(=O)(=O)Nc3ccncn3)ccc12,PubChem,,89614305,4.575118363,Train,0
TYMNDVNXGLWNPZ-XXWVQHFSSA-N,CC[C@H](C)[C@@H]1NC(=O)[C@@H]2CSSC[C@@H]3NC(=O)[C@H](C(C)C)NC(=O)[C@H](CC(C)C)NC(=O)[C@H](CC(N)=O)NC(=O)[C@@H]4CCCN4C(=O)[C@H](CCCNC(=N)N)NC(=O)[C@H](CSSC[C@H](NC(=O)[C@@H](N)CC(=O)O)C(=O)N[C@@H](CC(C)C)C(=O)NCC(=O)N[C@@H](C)C(=O)N[C@@H](CCSC)C(=O)N[C@@H](CCCNC(=N)N)C(=O)N[C@@H](CCCCN)C(=O)N2)NC(=O)[C@H](CSSC[C@@H](C(=O)N[C@@H](CCCCN)C(=O)N[C@@H](Cc2ccc(O)cc2)C(=O)N[C@H](C(=O)N[C@@H](Cc2ccccc2)C(N)=O)C(C)C)NC(=O)[C@H](Cc2c[nH]c4ccccc24)NC(=O)[C@H](CCCCN)NC(=O)[C@H](Cc2cnc[nH]2)NC(=O)[C@H]([C@@H](C)O)NC(=O)[C@H](CCCNC(=N)N)NC(=O)[C@H](CO)NC3=O)NC(=O)[C@H](CCCCN)NC(=O)[C@H](CC(=O)O)NC(=O)[C@H](CC(N)=O)NC(=O)[C@H](CC(=O)O)NC(=O)[C@@H]2CCCN2C1=O,ChEMBL,CHEMBL3416893,,4.568636236,Train,0
AGORGFNWYAUYSU-UHFFFAOYSA-N,CC(C)(N)c1nc(-c2ccc(OC(F)(F)F)cc2)c[nH]1,ChEMBL,CHEMBL4084106,,4.568636236,Train,0
RBQJNNSLKGYFSD-UHFFFAOYSA-N,COc1cc2nnc(C(N)=O)c(Nc3ccc(C)cc3F)c2cc1N1CCCN(CCO)CC1,PubChem,,44477000,4.568636236,Train,0
PGPQNVUVHSSUSY-QQFBHYJXSA-N,COC1CC(Oc2cc(F)c(F)c(-c3ccc4c(c3)CC[C@H](CCC(=O)O)O4)n2)C1,PubChem,,134156727,4.568636236,Train,0
IAUZMYDKXKABJI-LPOYBJAFSA-N,C[C@]12CCC(F)(F)C[C@H]1C[C@@H](N1CCC[C@@H](N)C1)[C@@H]2Oc1ccc(C#N)cc1,PubChem,,145960676,4.568636236,Train,0
PMBCGKYITRCKIW-UHFFFAOYSA-N,O=S(=O)(Nc1ncns1)c1ccc2c(-c3ccc(C(F)(F)F)c(Cl)c3)nccc2c1,PubChem,,71586326,4.568636236,Train,0
LLSVHDOQSGNTLD-UHFFFAOYSA-N,CC1(C(=O)NCc2ccc(OC(F)(F)F)cc2)c2ccccc2C(=O)N1CCc1ccccn1,ChEMBL,CHEMBL2164367,,4.558043157,Train,0
RCPJYIPGRPCJFQ-UHFFFAOYSA-N,COCCN1CCN(c2cc3c(Nc4ccc(C)cc4F)c(C(N)=O)nnc3cc2OC)CC1,ChEMBL,CHEMBL2409401,,4.552841969,Validation,0
CERACPGISLLMDW-YGRLFVJLSA-N,Cn1nccc1[C@H]1CCC[C@@H]1Oc1cc(F)c(S(=O)(=O)Nc2ncns2)cc1F,ChEMBL,CHEMBL4632675,,4.552841969,Validation,0
JOLDGUMJUYYBCM-UHFFFAOYSA-N,COCc1onc(-c2c(Cl)cccc2Cl)c1NC(=O)OCc1ccccc1Cl,PubChem,,25204536,4.550000452,Train,0
KKFPIWJQAGAMKH-UHFFFAOYSA-N,Nc1nc(-c2cccc(NC(=O)c3ccc[nH]3)c2)cn1C(=O)c1ccc[nH]1,ChEMBL,CHEMBL3113262,,4.54515514,Train,0
UXJLMBOKOQNNEP-DQRQSMIGSA-N,C[C@]12CC[C@H](C(F)F)C[C@H]1C[C@@H](N1CCC[C@@H](N)C1)[C@@H]2Oc1ccc(C#N)cc1,ChEMBL,CHEMBL4129002,,4.537602002,Train,0
GMTNOKLYWUIFIK-UHFFFAOYSA-N,CC(C)COc1ncc(-c2ccc(-c3nnc(S(=O)(=O)C4CCC4)[nH]3)cc2F)cc1Cl,ChEMBL,CHEMBL4128718,,4.537602002,Train,0
IUJMDPKKCAMEQP-VSBZUFFNSA-N,CCN1CC2CC(C1)N2C(=O)[C@]12C[C@H]1c1cc(OC)ccc1-c1c(C3CCCCC3)c3ccc(C(=O)NS(=O)(=O)N(C)C)cc3n1C2,ChEMBL,CHEMBL3126835,,4.537602002,Validation,0
QESPTBXFDDSHIF-UHFFFAOYSA-N,CN1CC(n2nccc2-c2cc(Cl)ccc2Oc2cc(F)c(S(=O)(=O)Nc3ncns3)cc2F)C1,ChEMBL,CHEMBL2325622,,4.533265801,Train,0
GFFIHDXPUGXVGG-IBGZPJMESA-N,COc1ccc(CCN2C(=O)N(NS(C)(=O)=O)C[C@H]2c2ccc(OC)cc2)cc1,ChEMBL,CHEMBL569185,,4.522878745,Validation,0
BJNLXQLLONDCHA-UHFFFAOYSA-N,COc1cc(Cl)c(Cl)cc1-c1nccc2cc(S(=O)(=O)Nc3nccs3)ccc12,ChEMBL,CHEMBL3682769,,4.522878745,Train,0
LQVTVSKPJJOJJB-UHFFFAOYSA-N,COc1cc(-c2cc(C)cc(C)c2)ccc1-c1nccc2cc(S(=O)(=O)Nc3ccncn3)ccc12,ChEMBL,CHEMBL3687707,,4.522878745,Train,0
KQGHIFONBGUSMR-UHFFFAOYSA-N,COc1ccc(C2NCCOC2Oc2cc(F)c(S(=O)(=O)Nc3ncns3)cc2F)cc1,ChEMBL,CHEMBL4211735,,4.522878745,Train,0
NFZXJOSOCGUHFE-UHFFFAOYSA-N,COc1cc(-c2cccc(C(F)(F)F)c2)c(C#N)cc1-c1nccc2cc(S(=O)(=O)Nc3nncs3)ccc12,ChEMBL,CHEMBL3687612,,4.522878745,Validation,0
DBDWEPROWRWNLV-UHFFFAOYSA-N,COc1cc(-c2ccc(F)c(F)c2)ccc1-c1nccc2cc(S(=O)(=O)Nc3ccncn3)ccc12,ChEMBL,CHEMBL3687689,,4.522878745,Train,0
HZGFCDOOPLGPOD-UHFFFAOYSA-N,COc1cc(-c2cccc(F)c2)ccc1-c1ncnc2cc(S(=O)(=O)Nc3nncs3)ccc12,ChEMBL,CHEMBL3692165,,4.522878745,Train,0
SAAHVVLWBSOFDW-UHFFFAOYSA-N,Cc1cc(Cl)ccc1-c1ncnc2cc(S(=O)(=O)Nc3ncns3)ccc12,ChEMBL,CHEMBL3687753,,4.522878745,Train,0
SHSWWKAPCSHSHG-QGZVFWFLSA-N,NC(=O)c1cnc(N[C@H](C2CC2)C(F)(F)F)c2c1[nH]c1cc(-c3cnc(N)nc3)ccc12,ChEMBL,CHEMBL1835153,,4.522878745,Train,0
ILMXOIIWAMIHIX-GPXNVTIDSA-N,C[C@]12CCC(F)=C[C@H]1C[C@@H](N1CCC[C@@H](N)C1)[C@@H]2Oc1ccc(C#N)cc1,ChEMBL,CHEMBL4129456,,4.522878745,Train,0
BQNDYQNBMYXSKB-UHFFFAOYSA-N,N#CCOc1cc(F)ccc1-c1nccc2cc(S(=O)(=O)Nc3nccs3)ccc12,ChEMBL,CHEMBL3682782,,4.522878745,Validation,0
BSGONBKDBGMBNS-LASJEQTRSA-N,CN1Cc2ccccc2[C@H](c2ccccc2)N=C1OCc1ccc(NS(C)(=O)=O)cc1.O=C(O)/C=C/C(=O)O,ChEMBL,CHEMBL2092889,,4.522878745,Train,0
XMJADJVSVPWRAA-UHFFFAOYSA-N,COc1cc(C(F)F)ccc1-c1nc(C)nc2cc(S(=O)(=O)Nc3nccs3)ccc12,ChEMBL,CHEMBL3687742,,4.522878745,Train,0
BVGUTXSMXUQKHD-UHFFFAOYSA-N,O=S(=O)(Nc1ncns1)c1ccc2c(-c3ccc(C(F)(F)F)cc3-c3cn[nH]c3)nccc2c1,ChEMBL,CHEMBL3682661,,4.522878745,Train,0
OCYJVPZHZLJYEH-UHFFFAOYSA-N,O=S(=O)(Nc1ncns1)c1ccc2c(-c3ccc(Cl)cc3C3=CCNCC3)cccc2c1,ChEMBL,CHEMBL3682637,,4.522878745,Train,0
DLTMFDULXWYIMY-UHFFFAOYSA-N,COc1cc(-c2cc(F)cc(F)c2)c(C#N)cc1-c1nccc2cc(S(=O)(=O)Nc3nncs3)ccc12,ChEMBL,CHEMBL3687611,,4.522878745,Validation,0
ZROWZZRMAOSYMC-UHFFFAOYSA-N,COc1cc(-c2cccc(F)c2)c(C#N)cc1-c1nccc2cc(S(=O)(=O)Nc3ncns3)ccc12,ChEMBL,CHEMBL3687613,,4.522878745,Train,0
AUVQJEKTYHBVGO-UHFFFAOYSA-N,COc1nc(-c2cccc(F)c2)ccc1-c1nccc2cc(S(=O)(=O)Nc3ccncn3)ccc12,ChEMBL,CHEMBL3687633,,4.522878745,Validation,0
FOZNIJHLUARYKI-UHFFFAOYSA-N,COc1cc(-c2cccc(F)c2F)ccc1-c1nccc2cc(S(=O)(=O)Nc3ccncn3)ccc12,ChEMBL,CHEMBL3687685,,4.522878745,Train,0
LSTKSEATDGHIEL-CHWSQXEVSA-N,C[C@@H]1CC[C@@H](c2cn(C)c3cc(C(=O)NS(=O)(=O)C4CC4)ccc23)C1,ChEMBL,CHEMBL4472095,,4.522878745,Train,0
AIMWCYZEKOOAKG-JTQLQIEISA-N,Nc1nc2c(s1)C[C@@H](NC(=O)c1cc3ccccc3[nH]1)CC2,ChEMBL,CHEMBL3085866,,4.522878745,Train,0
LAFPDIKSPLDIHK-UHFFFAOYSA-N,COc1cc(-c2cccc(C)c2)ccc1-c1nccc2cc(S(=O)(=O)Nc3ccncn3)ccc12,ChEMBL,CHEMBL3687683,,4.522878745,Train,0
NIUYDRUKRUUDFV-UHFFFAOYSA-N,COc1cc(C(F)F)c(F)cc1-c1ncnc2cc(S(=O)(=O)Nc3nccs3)ccc12,ChEMBL,CHEMBL3687739,,4.522878745,Train,0
FDBFFTMTVDZFKU-UHFFFAOYSA-N,COc1cc(C(F)F)c(F)cc1-c1nc(C)nc2cc(S(=O)(=O)Nc3nccs3)ccc12,ChEMBL,CHEMBL3687741,,4.522878745,Train,0
FIUXOLTZOKZTOV-UHFFFAOYSA-N,O=S(=O)(Nc1ncns1)c1ccc2c(-c3ccc(Cl)cc3-c3cn[nH]c3)cccc2c1,ChEMBL,CHEMBL3682638,,4.522878745,Validation,0
WDKBXQZMGZDSKW-UHFFFAOYSA-N,COc1ccc(-c2cccc(C(F)(F)F)c2)cc1-c1nccc2cc(S(=O)(=O)Nc3ccncn3)ccc12,ChEMBL,CHEMBL3687622,,4.522878745,Train,0
IININTSZAMXOMH-UHFFFAOYSA-N,COc1cc(OCC(C)C)ccc1-c1nccc2cc(S(=O)(=O)Nc3ccncn3)ccc12,ChEMBL,CHEMBL3692168,,4.522878745,Train,0
HZKPWICPJWRVGF-UHFFFAOYSA-N,N#CCOc1cc(C(F)(F)F)ccc1-c1nccc2cc(S(=O)(=O)Nc3nccs3)ccc12,ChEMBL,CHEMBL3692153,,4.522878745,Validation,0
ZOPYEQQAUGPEJP-UHFFFAOYSA-N,COc1cc(-c2ccc(F)cc2)ccc1-c1nccc2cc(S(=O)(=O)Nc3ccncn3)ccc12,ChEMBL,CHEMBL3687623,,4.522878745,Validation,0
RAWFYRWWQUILIR-UHFFFAOYSA-N,COc1cc(-c2cc(F)cc(F)c2)ccc1-c1nccc2cc(S(=O)(=O)Nc3ccncn3)ccc12,ChEMBL,CHEMBL3687690,,4.522878745,Train,0
DLRPAOZFOHLTEW-UHFFFAOYSA-N,COc1cc(Oc2ccc(F)cc2)ccc1-c1nccc2cc(S(=O)(=O)Nc3ccncn3)ccc12,ChEMBL,CHEMBL3687700,,4.522878745,Validation,0
RIDIPPZJRHTVBE-UHFFFAOYSA-N,COc1ccccc1-c1ccc(-c2nccc3cc(S(=O)(=O)Nc4ccncn4)ccc23)c(OC)c1,ChEMBL,CHEMBL3687703,,4.522878745,Validation,0
DYBHNIDJCYVFIO-UHFFFAOYSA-N,COc1cc(-c2cc(F)cc(Cl)c2)ccc1-c1nccc2cc(S(=O)(=O)Nc3ccncn3)ccc12,ChEMBL,CHEMBL3687726,,4.522878745,Validation,0
JDKCHSZISYSFFH-UHFFFAOYSA-N,Cn1cc(C2CCNCC2)c2ccc(C(=O)NS(=O)(=O)C3CC3)cc21,ChEMBL,CHEMBL4468426,,4.522878745,Train,0
STJOHENLXLTDDZ-UHFFFAOYSA-N,CC(C)(C)OC(=O)n1cc(-c2cccc(NC(=O)c3ccc[nH]3)c2)nc1N,ChEMBL,CHEMBL3113263,,4.522878745,Validation,0
OZXUSBILVIKYQB-GEMTWJNPSA-N,O=C(Nc1ccc(C[C@@H]2CC[C@H]([C@H](O)c3ccccc3)N2)cc1)[C@@H]1CCc2cccc(=O)n21,ChEMBL,CHEMBL3763934,,4.522878745,Train,0
WFURHGQSYMLPGD-VNKRGGKPSA-N,CO[C@@H]1CC[C@@]2(C)[C@@H](C1)C[C@@H](N1CCC[C@@H](N)C1)[C@@H]2Oc1ccc(C#N)cc1,ChEMBL,CHEMBL4126989,,4.522878745,Train,0
ICJGJSLPQBWFGV-FMDGEEDCSA-N,CCNC1=N[C@H]2[C@H](O[C@H](CO)[C@@H](O)[C@@H]2F)S1,ChEMBL,CHEMBL4448352,,4.522878745,Validation,0
ZXYGWQHDDCMWDI-UHFFFAOYSA-N,COc1cc2nnc(C(N)=O)c(Nc3ccc(C)cc3F)c2cc1N1CCN(S(C)(=O)=O)CC1,ChEMBL,CHEMBL2409406,,4.522878745,Train,0
ZPWWVFANUGXHSA-UHFFFAOYSA-N,Cn1nccc1-c1cc(Cl)ccc1Oc1cc(F)c(S(=O)(=O)Nc2nncs2)cc1Cl,ChEMBL,CHEMBL2324755,,4.522878745,Validation,0
NKOARHYHPFQSDQ-UHFFFAOYSA-N,COc1ccccc1-c1ncnc2cc(S(=O)(=O)Nc3nccs3)ccc12,ChEMBL,CHEMBL3687549,,4.522878745,Train,0
KDJRGNSJNQEYRI-UHFFFAOYSA-N,COc1cc(-c2cccc(F)c2)ccc1-c1nccc2cc(S(=O)(=O)Nc3ncns3)ccc12,ChEMBL,CHEMBL3687639,,4.522878745,Validation,0
XUXADYQVXIOPJZ-UHFFFAOYSA-N,O=S(=O)(Nc1ncns1)c1cc(F)c(OC2OCCNC2c2ccc(Cl)nc2)cc1F,ChEMBL,CHEMBL4209182,,4.522878745,Train,0
DUNUNNPYKPJKDZ-UHFFFAOYSA-N,CNc1nc(-c2cccc(NC(=O)c3cc4ccccc4[nH]3)c2)cn1C(=O)OC(C)(C)C,ChEMBL,CHEMBL3113243,,4.522878745,Train,0
ZKBXJZNYYAYGCQ-UHFFFAOYSA-N,Cl.Nc1nc(-c2ccc(NC(=O)c3ccc[nH]3)cc2)c[nH]1,ChEMBL,CHEMBL3113246,,4.522878745,Validation,0
XDPRLMFRTWZRRY-JBRSBNLGSA-N,O=C(c1ccc(C[C@@H]2CC[C@H]([C@H](O)c3ccccc3)N2)cc1)N1CCN(Cc2nnn(CC(F)(F)F)n2)CC1,ChEMBL,CHEMBL4085173,,4.522878745,Train,0
YTJGHXTUOUBWHF-BFLUCZKCSA-N,CCn1nnc(CN2CCN(C(=O)c3ccc(C[C@@H]4CC[C@H]([C@H](O)c5ccccc5)N4)cc3)CC2)n1,ChEMBL,CHEMBL4065251,,4.522878745,Train,0
TVZIDQJDJPVINM-UHFFFAOYSA-N,COc1ccc(Cl)cc1-c1n[nH]c(=O)c2cc(S(=O)(=O)Nc3ncc(F)s3)ccc12,ChEMBL,CHEMBL3687734,,4.522878745,Train,0
DLDIQVPOESVMAI-UHFFFAOYSA-N,[C-]#[N+]c1cc(C(F)(F)F)ccc1-c1cccc2cc(S(=O)(=O)Nc3ncns3)ccc12,ChEMBL,CHEMBL3682633,,4.522878745,Validation,0
FKGBDYKCOHLSSI-UHFFFAOYSA-N,C[C@]1(CCOc2cc(F)c(S(=O)(=O)Nc3ncns3)cc2F)CC[C@@H](N)CC1,PubChem,,134477108,4.522878745,Train,0
CYLMLRCAQHLIPV-UHFFFAOYSA-N,COc1cccc(C2NCCOC2Oc2cc(F)c(S(=O)(=O)Nc3ncns3)cc2F)c1,ChEMBL,CHEMBL4213433,,4.522878745,Validation,0
ZBWZKAJHOJNAGP-UHFFFAOYSA-N,O=S(=O)(Nc1ncns1)c1cc(F)c(OC2OCCNC2c2ccc3ncccc3c2)cc1F,ChEMBL,CHEMBL4210607,,4.522878745,Train,0
JUSWPUDQOKINJO-MAUKXSAKSA-N,C[C@H]1CC[C@@H](c2nc(-c3ccc(C(=O)Nc4cc(C(F)(F)F)ccn4)cc3F)c3c(N)nccn23)CN1C(=O)C1CC1,ChEMBL,CHEMBL4103954,,4.522878745,Train,0
KASGDBJYKOICKB-UHFFFAOYSA-N,CS(=O)(=O)NC(=O)c1cc(F)c(Oc2ccc(Cl)c(Cl)c2)cc1F,ChEMBL,CHEMBL4537339,,4.522878745,Train,0
HYYBWTFTRGQGEK-UHFFFAOYSA-N,COc1cc(-c2cc(F)cc(F)c2)ccc1-c1ncnc2cc(S(=O)(=O)Nc3nncs3)ccc12,ChEMBL,CHEMBL3687752,,4.522878745,Train,0
WDRXHDZPFLDCKI-UHFFFAOYSA-N,Cn1cc(C2C3CC4CC2CN(C4)C3)c2ccc(C(=O)NS(=O)(=O)C3CC3)cc21,ChEMBL,CHEMBL4439243,,4.522878745,Train,0
WBJCKWKCKWGVEO-UHFFFAOYSA-N,COc1cc(-c2cccc(C(F)(F)F)c2)ccc1-c1ncnc2cc(S(=O)(=O)Nc3ccncn3)ccc12,ChEMBL,CHEMBL3687750,,4.522878745,Train,0
CNGCTKFREVFEEY-UHFFFAOYSA-N,COc1cc(-c2ccc(F)c(F)c2)c(F)cc1-c1nccc2cc(S(=O)(=O)Nc3nncs3)ccc12,ChEMBL,CHEMBL3687635,,4.522878745,Train,0
MITRKIWBJVJRAM-UHFFFAOYSA-N,O=C1CN(c2cn[nH]c(=O)c2Cl)CCN1Cc1ccccc1C(F)(F)F,ChEMBL,CHEMBL4530872,,4.522878745,Train,0
LQQCSYOAQDXWAD-UHFFFAOYSA-N,CCOc1cc(C(=O)Nc2cc(C(F)(F)F)ccn2)ccc1-c1nc(C23CCC(C(=O)O)(CC2)CC3)n2ccnc(N)c12,ChEMBL,CHEMBL4097019,,4.522878745,Train,0
RETOYYSEVCBIRN-JIPXPUAJSA-N,CCn1cc([C@@]2(c3nn(C)c(=O)o3)N[C@@H](c3nc(-c4ccc(F)cn4)c[nH]3)Cc3c2[nH]c2ccccc32)cn1,ChEMBL,CHEMBL3582336,,4.522878745,Train,0
VPJWOZNUFWSDSM-UHFFFAOYSA-N,CC(C)(C)OC(=O)n1cc(-c2ccc(NC(=O)c3cc4ccccc4[nH]3)cc2)nc1N,ChEMBL,CHEMBL3113251,,4.522878745,Train,0
MKBSAQMAGICRME-UHFFFAOYSA-N,CC(C)(C)OC(=O)n1cc(-c2cccc(NC(=O)c3cc[nH]c3)c2)nc1N.Cl,ChEMBL,CHEMBL3113248,,4.522878745,Train,0
WQSOJMSBQYNDEY-UHFFFAOYSA-N,COc1cc(-c2ccc(C)c(C)c2)ccc1-c1nccc2cc(S(=O)(=O)Nc3ccncn3)ccc12,ChEMBL,CHEMBL3687706,,4.522878745,Train,0
HPNVKQIRXOEUDW-UHFFFAOYSA-N,COc1cc(F)cc(-c2ccc(-c3nccc4cc(S(=O)(=O)Nc5ccncn5)ccc34)c(OC)c2)c1,ChEMBL,CHEMBL3687721,,4.522878745,Validation,0
MILRVOKMJBZHMJ-UHFFFAOYSA-N,COc1ccc(Cl)cc1-c1n[nH]c(=O)c2cc(S(=O)(=O)Nc3ncns3)ccc12,ChEMBL,CHEMBL3687732,,4.522878745,Validation,0
QVIPCVYLCZNZIV-UHFFFAOYSA-N,Cn1nccc1-c1cc(C(F)(F)F)ccc1-c1nccc2cc(S(=O)(=O)Nc3ncns3)ccc12,ChEMBL,CHEMBL3682660,,4.522878745,Train,0
DINDRDOFKXNRRM-GJFSDDNBSA-N,CSc1ccc([C@H]2N=C(OCc3ccc(NS(C)(=O)=O)cc3)N(C)Cc3ccccc32)cc1.Cl,ChEMBL,CHEMBL2093896,,4.522878745,Validation,0
GZLSICDQKNTTPR-UHFFFAOYSA-N,COc1cc(C)ccc1-c1nccc2cc(S(=O)(=O)Nc3nccs3)ccc12,ChEMBL,CHEMBL3682767,,4.522878745,Validation,0
DEGUTMKKYRYWQY-UHFFFAOYSA-N,COc1ccc(-c2cccc(F)c2)cc1-c1ccnc2cc(S(=O)(=O)Nc3ccncn3)ccc12,ChEMBL,CHEMBL3687596,,4.522878745,Train,0
NCSHKODKRSAKCS-UHFFFAOYSA-N,COc1cc(-c2cc(C)cc(F)c2)ccc1-c1nccc2cc(S(=O)(=O)Nc3ccncn3)ccc12,ChEMBL,CHEMBL3687709,,4.522878745,Train,0
KBNACCSNBNOEOR-UHFFFAOYSA-N,COc1cc(-c2ccc(F)c(C)c2)ccc1-c1nccc2cc(S(=O)(=O)Nc3ccncn3)ccc12,ChEMBL,CHEMBL3687724,,4.522878745,Train,0
CYRSIDVMHHGDIU-UHFFFAOYSA-N,COc1nc(-c2ccc(C(F)(F)F)cc2OC)c2ccc(S(=O)(=O)Nc3nccs3)cc2n1,ChEMBL,CHEMBL3687738,,4.522878745,Train,0
UCTIWUWTSINRLP-UHFFFAOYSA-N,COc1cc(-c2cccc(F)c2)ccc1-c1ncnc2cc(S(=O)(=O)Nc3ccncn3)ccc12,ChEMBL,CHEMBL3687602,,4.522878745,Train,0
PXSHEVDNNWAFCU-UHFFFAOYSA-N,N#Cc1ccc(C2NCCOC2Oc2cc(F)c(S(=O)(=O)Nc3ncns3)cc2F)cc1,ChEMBL,CHEMBL4204409,,4.522878745,Train,0
HCMDTQWRWMJMOF-UHFFFAOYSA-N,O=S(=O)(Nc1ncns1)c1cc(F)c(OC2OCCNC2c2cccc3nccnc23)cc1F,ChEMBL,CHEMBL4205556,,4.522878745,Validation,0
JOZYIPJFVAJONN-UHFFFAOYSA-N,Cn1nccc1-c1cc(C(F)(F)F)ccc1-c1cn(C)c2cc(S(=O)(=O)Nc3ncns3)ccc12,ChEMBL,CHEMBL2409209,,4.522878745,Train,0
FEYQJDCJMVTWIG-UHFFFAOYSA-N,Cc1nccn1-c1ccc(-c2cn(CC(=O)Nc3cccc(Cl)c3Cl)nn2)cn1,ChEMBL,CHEMBL3965469,,4.522878745,Validation,0
GZWLOGSZDRMFEX-UHFFFAOYSA-N,O=S(=O)(Nc1nccs1)c1cc(Cl)c(NCC2CNCCO2)cc1F,ChEMBL,CHEMBL4089010,,4.522878745,Train,0
GFZPSOBCNKCNKE-UHFFFAOYSA-N,CN1CCCC(CNc2cc(F)c(S(=O)(=O)Nc3nccs3)cc2Cl)C1,ChEMBL,CHEMBL4067257,,4.522878745,Train,0
VXXIYUBYYXZZOE-FCJDFRRUSA-N,O=C(Nc1ccc(C[C@@H]2CC[C@H]([C@H](O)c3cccnc3)N2)cc1)[C@@H]1CCc2ccnn21,ChEMBL,CHEMBL3128188,,4.522878745,Train,0
FELABNZLNKGISO-UHFFFAOYSA-N,Cl.Nc1nc(-c2cccc(NC(=O)c3ccc[nH]3)c2)c[nH]1,ChEMBL,CHEMBL3113245,,4.522878745,Train,0
PEQRJRDZASEMBF-UHFFFAOYSA-N,Cn1cc(-c2ccc(C(F)F)cc2)c2ccc(C(=O)NS(C)(=O)=O)cc21,ChEMBL,CHEMBL4560705,,4.522878745,Train,0
WFHMYKDPZFLJNW-UHFFFAOYSA-N,CCc1ccc(-c2cn(C)c3cc(C(=O)NS(C)(=O)=O)ccc23)cc1,ChEMBL,CHEMBL4536400,,4.522878745,Train,0
FDLMAPIOZIFPBT-UHFFFAOYSA-N,CC(=O)N1CCCC(CNc2cc(F)c(S(=O)(=O)Nc3nccs3)cc2Cl)C1,ChEMBL,CHEMBL4098339,,4.522878745,Train,0
KGVQZJHSSDOJHG-UHFFFAOYSA-N,COCCOc1cc2ncc(C(N)=O)c(Nc3ccc(F)cc3F)c2cc1N1CCN(C)CC1,ChEMBL,CHEMBL479441,,4.522878745,Train,0
RAYLQRKSBHRPOJ-UHFFFAOYSA-N,N#Cc1cccc(C2NCCOC2Oc2cc(F)c(S(=O)(=O)Nc3ncns3)cc2F)c1,ChEMBL,CHEMBL4203201,,4.522878745,Train,0
WKPWFCICJIJNDA-UHFFFAOYSA-N,O=S(=O)(Nc1nccs1)c1cc(Cl)c(NCCC2CCNCC2)cc1F,ChEMBL,CHEMBL4096299,,4.522878745,Train,0
HWTRXDHEJRPGBM-UHFFFAOYSA-N,CN1CCC(CCNc2cc(F)c(S(=O)(=O)Nc3nccs3)cc2Cl)CC1,ChEMBL,CHEMBL4091922,,4.522878745,Train,0
KRBZMGJRGYZYBD-UHFFFAOYSA-N,O=S(=O)(Nc1nccs1)c1cc(Cl)c(NCCC2CNC2)cc1F,ChEMBL,CHEMBL4103940,,4.522878745,Train,0
GMXOBFHPACKZIZ-UHFFFAOYSA-N,Cn1nccc1C1NCCOC1Oc1cc(F)c(S(=O)(=O)Nc2ncns2)cc1F,ChEMBL,CHEMBL4208418,,4.522878745,Train,0
URALEAHLURQUDY-UHFFFAOYSA-N,Cn1cc(-c2cnc(OCC(C)(C)O)c(Cl)c2)c2ccc(C(=O)NS(C)(=O)=O)cc21,ChEMBL,CHEMBL4588325,,4.522878745,Train,0
CZPMXORQGHUMKF-UHFFFAOYSA-N,CC(C)Cc1ccc(-c2cn(C)c3cc(C(=O)NS(C)(=O)=O)ccc23)cc1,ChEMBL,CHEMBL4466131,,4.522878745,Train,0
FTACJEKNWHOBSG-UHFFFAOYSA-N,Cn1cc(-c2cnc(OCC(F)F)c(Cl)c2)c2ccc(C(=O)NS(C)(=O)=O)cc21,ChEMBL,CHEMBL4462639,,4.522878745,Train,0
JHEBJWGMBDJOND-UHFFFAOYSA-N,COc1cc(-c2ccc(Cl)c(C)c2)c(F)cc1-n1c(=O)ccc2cc(S(=O)(=O)Nc3ccon3)ccc21,ChEMBL,CHEMBL3933527,,4.522878745,Train,0
CUXAPKNXWSOMEJ-UHFFFAOYSA-N,COc1cc(-c2cn(C)c3cc(C(=O)NS(=O)(=O)C4CC4)ccc23)cnc1OCC(C)C,ChEMBL,CHEMBL4456402,,4.522878745,Train,0
OCDCTMROVJZCQS-FBHSLPMESA-N,Cc1nc2c(s1)CC[C@H]2C(=O)Nc1ccc(C[C@@H]2CC[C@H]([C@H](O)c3cccnc3)N2)cc1,ChEMBL,CHEMBL3128180,,4.522878745,Train,0
SMOITNGFALEXMK-UHFFFAOYSA-N,O=S(=O)(Nc1ncns1)c1ccc2c(-c3ccc(C(F)(F)F)cc3-c3ccncc3)cccc2c1,ChEMBL,CHEMBL3677850,,4.522878745,Train,0
QRIOFRCLJAONBX-UHFFFAOYSA-N,CC(C)COc1ccc(-c2nn(C)c3cc(C(=O)NS(C)(=O)=O)c(F)cc23)cn1,ChEMBL,CHEMBL4454918,,4.522878745,Validation,0
WFURHGQSYMLPGD-KQSJJWDHSA-N,CO[C@H]1CC[C@@]2(C)[C@@H](C1)C[C@@H](N1CCC[C@@H](N)C1)[C@@H]2Oc1ccc(C#N)cc1,ChEMBL,CHEMBL4127992,,4.522878745,Train,0
FXPCFXNDBASEIV-UHFFFAOYSA-N,CC(C)(C)OC(=O)n1cc(-c2cccc(NC(=O)c3c[nH]c4ccccc34)c2)nc1N,ChEMBL,CHEMBL3113254,,4.522878745,Train,0
KWARCMYNKYVWMI-UHFFFAOYSA-N,COc1cc2nnc(C(N)=O)c(Nc3ccc(C)cc3F)c2cc1N1CCS(=O)(=O)CC1,ChEMBL,CHEMBL2409405,,4.522878745,Train,0
KLBIRORQDBTLSE-UHFFFAOYSA-N,O=S(=O)(Nc1ncns1)c1cc(F)c(OC2OCCNC2c2ccc3c(c2)OCO3)cc1F,ChEMBL,CHEMBL4211717,,4.522878745,Train,0
BBBMEBSYGLNEGJ-UHFFFAOYSA-N,N#Cc1cc(S(=O)(=O)Nc2ncns2)ccc1Oc1ccc(C(F)(F)F)cc1-c1cn[nH]c1,ChEMBL,CHEMBL2325007,,4.522878745,Train,0
JLONQDUHUFTMRG-YFKPBYRVSA-N,Nc1nc2c(s1)C[C@@H](NC(=O)c1cc(Br)c(Br)[nH]1)CC2,ChEMBL,CHEMBL3085880,,4.522878745,Validation,0
XHKFAGUYZWCZRZ-BFLUCZKCSA-N,O=C(c1ccc(C[C@@H]2CC[C@H]([C@H](O)c3ccccc3)N2)cc1)N1CCN(Cc2ncn(CC(F)(F)F)n2)CC1,ChEMBL,CHEMBL4066314,,4.522878745,Train,0
NLXXAPYWQLPUAG-QZNHQXDQSA-N,O=C(Cn1cccnc1=O)Nc1ccc(C[C@@H]2CC[C@H]([C@H](O)c3ccccc3)N2)cc1,ChEMBL,CHEMBL3763594,,4.522878745,Train,0
YELHFBJXTQMHMA-UHFFFAOYSA-N,COc1cc(-c2cc(F)cc(Cl)c2)c(Cl)cc1-n1c(=O)ccc2cc(S(=O)(=O)Nc3ccon3)ccc21,ChEMBL,CHEMBL3897584,,4.522878745,Train,0
ZAGGUCLXSCVDCK-UHFFFAOYSA-N,O=S(=O)(Nc1nncs1)c1cc(Cl)c(Oc2ccc(C(F)(F)F)cc2-c2ccnnc2)cc1F,ChEMBL,CHEMBL2324776,,4.522878745,Train,0
OPVNJVVBYQITKX-UHFFFAOYSA-N,N#CCOc1ccccc1-c1nccc2cc(S(=O)(=O)N(OC(=O)C(F)(F)F)c3nccs3)ccc12,ChEMBL,CHEMBL3692154,,4.522878745,Validation,0
UVIQDKQYCQZUFY-UHFFFAOYSA-N,COc1cc(C(F)(F)F)ccc1-c1nc(C)nc2cc(S(=O)(=O)Nc3nccs3)ccc12,ChEMBL,CHEMBL3687737,,4.522878745,Validation,0
ALNIHGVACDPBGX-UHFFFAOYSA-N,O=S(=O)(Nc1ncns1)c1ccc2c(-c3ccc(C(F)(F)F)cc3Br)nccc2c1,ChEMBL,CHEMBL3692134,,4.522878745,Train,0
OACGJAIZFQFRCL-UHFFFAOYSA-N,COc1ccc(-c2cccc(F)c2)cc1-c1nccc2cc(S(=O)(=O)Nc3ccncn3)ccc12,ChEMBL,CHEMBL3687621,,4.522878745,Train,0
VMRKNPRTVBVORW-UHFFFAOYSA-N,Cc1cc(-c2cccc(F)c2)ccc1-c1nccc2cc(S(=O)(=O)Nc3ccncn3)ccc12,ChEMBL,CHEMBL3687629,,4.522878745,Train,0
ZHRPYFJVBTZRKC-JGKVKWKGSA-N,CCNC1=N[C@H]2[C@H](O[C@H](CO)[C@@H](OC)[C@@H]2O)S1,ChEMBL,CHEMBL4577980,,4.522878745,Train,0
NZEXZVQCBRICOH-UHFFFAOYSA-N,COc1ccc(-c2ccc(-c3nccc4cc(S(=O)(=O)Nc5ccncn5)ccc34)c(OC)c2)cc1,ChEMBL,CHEMBL3687705,,4.522878745,Train,0
QDTNMUCMEUTKCY-UHFFFAOYSA-N,COc1cc(-c2ccc(Cl)c(C)c2)ccc1-c1nccc2cc(S(=O)(=O)Nc3ccncn3)ccc12,ChEMBL,CHEMBL3687728,,4.522878745,Train,0
HJDUNWNQLHYTQR-UHFFFAOYSA-N,COc1cc(Cl)ccc1-c1ccc(-c2nccc3cc(S(=O)(=O)Nc4ccncn4)ccc23)c(OC)c1,ChEMBL,CHEMBL3687698,,4.522878745,Train,0
JHDUSWAQVMLCAK-UHFFFAOYSA-N,COc1cc(C(F)(F)F)ccc1-c1cnnc2cc(S(=O)(=O)Nc3nccs3)ccc12,ChEMBL,CHEMBL3682841,,4.522878745,Train,0
SOKFLWCZUBZWKW-UHFFFAOYSA-N,O=S(=O)(Nc1ncns1)c1cc(F)c(OC2OCCNC2c2ccc(C(F)(F)F)cc2)cc1F,ChEMBL,CHEMBL4205091,,4.522878745,Train,0
QYJWFGJRWVGCOV-UHFFFAOYSA-N,Cn1nc(C(F)(F)F)cc1C1NCCOC1Oc1cc(F)c(S(=O)(=O)Nc2ncns2)cc1F,ChEMBL,CHEMBL4214646,,4.522878745,Train,0
OCKGFTQIICXDQW-ZEQRLZLVSA-N,Cc1c([C@@H](O)CN2CCN(C[C@H](O)c3ccc4c(c3C)COC4=O)CC2)ccc2c1COC2=O,ChEMBL,CHEMBL3696475,,4.522878745,Train,0
OMBVVEVBGAPMHP-UHFFFAOYSA-N,COc1cc(-c2cccc(F)c2)c(Cl)cc1-n1c(=O)ccc2cc(S(=O)(=O)Nc3ccncn3)ccc21,ChEMBL,CHEMBL3975631,,4.522878745,Train,0
HIHSGWZEQXFDMD-UHFFFAOYSA-N,Cn1cc(C2CCCNC2)c2ccc(C(=O)NS(=O)(=O)C3CC3)cc21,ChEMBL,CHEMBL4527245,,4.522878745,Train,0
CYADIXZUNKDWSB-DIFFPNOSSA-N,O=S(=O)(Nc1nccs1)c1cc(Cl)c(NC[C@@]23CCCN2C[C@H](F)C3)cc1F,ChEMBL,CHEMBL4100911,,4.522878745,Train,0
VALBVPDTALTKAF-UHFFFAOYSA-N,Nc1nc2c(s1)CC(CNC(=O)c1cc(Br)c(Br)[nH]1)CC2,ChEMBL,CHEMBL3085874,,4.522878745,Train,0
LKLRNYYBQWYHND-UHFFFAOYSA-N,O=C1OCc2cc(CCN3CCN(C(=O)Cc4ccc(-n5cnnn5)cc4)CC3)ccc21,ChEMBL,CHEMBL2441437,,4.522878745,Train,0
FGGZSKMAUOZIQL-ZRRKCSAHSA-N,O=C(c1ccc(C[C@@H]2CC[C@H]([C@H](O)c3ccccc3)N2)cc1)N1CCN(Cc2nnn(CC3CC3)n2)CC1,ChEMBL,CHEMBL4092912,,4.522878745,Train,0
ZSDUFJDDLYNXDL-UHFFFAOYSA-N,COc1cc(-c2cccc(F)c2)c(F)cc1-c1nccc2cc(S(=O)(=O)Nc3nncs3)ccc12,ChEMBL,CHEMBL3687636,,4.522878745,Train,0
KDAGAYPCEDXKET-UHFFFAOYSA-N,COc1cc(Cl)ccc1-c1nccc2cc(S(=O)(=O)Nc3ncns3)ccc12,ChEMBL,CHEMBL3687638,,4.522878745,Train,0
YFOIZINSBOTVOO-UHFFFAOYSA-N,COc1cc(-c2cc(F)cc(F)c2)ccc1-c1nccc2cc(S(=O)(=O)Nc3cc(C)ncn3)ccc12,ChEMBL,CHEMBL3687641,,4.522878745,Validation,0
SYHVOZJLIJWRDL-UHFFFAOYSA-N,COc1cc(C(F)(F)F)ccc1-c1nccc2cc(S(=O)(=O)Nc3nc(C#N)cs3)ccc12,ChEMBL,CHEMBL3687672,,4.522878745,Train,0
REKZETGHOLPIDB-UHFFFAOYSA-N,COc1cc(-c2ccc(C)c(F)c2)ccc1-c1nccc2cc(S(=O)(=O)Nc3ccncn3)ccc12,ChEMBL,CHEMBL3687708,,4.522878745,Train,0
KOZQVDNHYNYMCA-UHFFFAOYSA-N,CN1C(C)(C)CC(Nc2cc(F)c(S(=O)(=O)Nc3nccs3)cc2Cl)CC1(C)C,ChEMBL,CHEMBL4064193,,4.522878745,Train,0
QUQQSAYJYFXNAN-UHFFFAOYSA-N,CNC(=O)c1c(-c2ccc(F)cc2)oc2cc(N(C)S(C)(=O)=O)c(-c3ccc4ncn5c6cccc(F)c6cc5c4n3)cc12,ChEMBL,CHEMBL4590062,,4.522878745,Train,0
YOMNBFDPZACIQP-UHFFFAOYSA-N,CN1CC(n2nccc2-c2cc(Cl)ccc2Oc2cc(F)c(S(=O)(=O)Nc3cscn3)cc2F)C1,ChEMBL,CHEMBL2325317,,4.522878745,Validation,0
XLKUKOXKOULLDW-UHFFFAOYSA-N,Cn1cc(-c2ccc(C(F)F)cc2)c2cc(F)c(C(=O)NS(C)(=O)=O)cc21,ChEMBL,CHEMBL4475206,,4.522878745,Train,0
BRJWQEKEJOMSRV-UHFFFAOYSA-N,O=S(=O)(Nc1ncns1)c1cc(F)c(NCC23CCCN2CCC3)cc1F,ChEMBL,CHEMBL4086486,,4.522878745,Train,0
HBEHFCQVYTUQRI-UHFFFAOYSA-N,O=S(=O)(Nc1ncns1)c1cc(F)c(OCC[C@]2(c3ccccc3)CC[C@H](NC3CC3)CC2)cc1F,PubChem,,134477133,4.522878745,Train,0
SBBAFQFNVBQQLF-JTQLQIEISA-N,O=S(=O)(Nc1nccs1)c1cc(Cl)c(NC[C@H]2CCCNC2)cc1F,ChEMBL,CHEMBL4085278,,4.522878745,Validation,0
IRNOMRBUIIXRDZ-UHFFFAOYSA-N,COc1ccc2c(c1)NC1(CCN(C(=O)Nc3ccc(C#N)cc3)CC1)c1cccn1-2,ChEMBL,CHEMBL3322765,,4.522878745,Train,0
SXVSUPYHNNTUMY-FTJBHMTQSA-N,C[C@]1(C(=O)O)CC[C@@](C)(c2nc(-c3ccc(C(=O)Nc4cc(C(F)(F)F)ccn4)cc3)c3c(N)nccn23)C1,ChEMBL,CHEMBL4068919,,4.522878745,Train,0
PBXGYXYBIGMVQD-KBABAZTHSA-N,C[C@@H](C(=O)Nc1ccc(C[C@@H]2CC[C@H]([C@H](O)c3ccccc3)N2)cc1)n1ncccc1=O,ChEMBL,CHEMBL3765335,,4.522878745,Train,0
VVHCOTIASQDDTB-UHFFFAOYSA-N,COc1cc(C(F)(F)F)ccc1-c1nccc2cc(S(=O)(=O)Nc3nccs3)ccc12,ChEMBL,CHEMBL3682786,,4.522878745,Train,0
HXNOCBIFNWVJLT-CYBMUJFWSA-N,C[C@@H]1CN(c2nc(C(F)(F)F)no2)CCN1c1ncc(OCc2ccc(CS(C)(=O)=O)cc2F)cn1,ChEMBL,CHEMBL3358006,,4.522878745,Train,0
VKSDOTFVEIWXEL-UHFFFAOYSA-N,COc1cc(C(F)(F)F)ccc1-c1nccc2cc(S(=O)(=O)Nc3ccncn3)ccc12,ChEMBL,CHEMBL3692139,,4.522878745,Train,0
AVBFRSQZSIUFPO-JGKVKWKGSA-N,CCNC1=N[C@H]2[C@H](O[C@H](COC)[C@@H](O)[C@@H]2O)S1,ChEMBL,CHEMBL4570378,,4.522878745,Train,0
ZPBNIQBBVBKMAX-CQSZACIVSA-N,COc1cc2nnc(C(N)=O)c(Nc3ccc(C)cc3F)c2cc1N1CCN(C(=O)[C@@H](C)O)CC1,ChEMBL,CHEMBL2409408,,4.522878745,Validation,0
CONXPSOEIRZIBT-UHFFFAOYSA-N,CS(=O)(=O)NC(=O)c1ccc2c(-c3ccc(C(F)(F)F)c(Cl)c3)nccc2c1,ChEMBL,CHEMBL4450471,,4.522878745,Train,0
AYGOUVZBEXIJRN-UHFFFAOYSA-N,CCOc1cc2ncc(C(N)=O)c(Nc3ccc(F)cc3F)c2cc1C1CCN(C)CC1,ChEMBL,CHEMBL2409309,,4.522878745,Train,0
ZNAGOGJXYGJLEM-UHFFFAOYSA-N,Nc1nc2c(s1)CC(CNC(=O)c1cc3ccccc3[nH]1)CC2,ChEMBL,CHEMBL3085875,,4.522878745,Train,0
HJBIOYGBCCKLGS-UHFFFAOYSA-N,COCCOc1cc2ncc(C(N)=O)c(Nc3ccc(C)cc3F)c2cc1N1CCN(C)CC1,ChEMBL,CHEMBL481205,,4.522878745,Train,0
CEGMRCDIICJVRP-UHFFFAOYSA-N,CCOc1cc2ncc(C(N)=O)c(Nc3ccc(F)cc3F)c2cc1N1CCCN(C)CC1,ChEMBL,CHEMBL520431,,4.522878745,Validation,0
OBZZQHAJJICIHN-UHFFFAOYSA-N,Cn1nc(-c2ccc(C(F)(F)F)cc2)c2cc(F)c(C(=O)NS(C)(=O)=O)cc21,ChEMBL,CHEMBL4451584,,4.522878745,Train,0
URTFFBLBZSMIET-YZUZCNPQSA-N,O=C(Cn1cnccc1=O)Nc1ccc(C[C@@H]2CC[C@H]([C@H](O)c3ccccc3)N2)cc1,ChEMBL,CHEMBL3764950,,4.522878745,Train,0
MGKCTMFWUSMCJX-UHFFFAOYSA-N,CNC(=O)c1c(-c2ccc(F)cc2)oc2cc(N(C)S(C)(=O)=O)c(-c3ccc4c(n3)-c3cc5c(F)cccc5n3CN4)cc12,ChEMBL,CHEMBL4435877,,4.522878745,Train,0
VJTCEXLHCAFONE-UHFFFAOYSA-N,COc1cc(-c2cccc(Cl)c2)c(F)cc1-n1c(=O)ccc2cc(S(=O)(=O)Nc3ccon3)ccc21,ChEMBL,CHEMBL3948535,,4.522878745,Validation,0
KXGAQPJJCHWIRY-CVXIRMMQSA-N,Cc1nnc(-c2cccc(CN3CCN(C(=O)c4ccc(C[C@@H]5CC[C@H]([C@H](O)c6ccccc6)N5)cc4)CC3)n2)o1,ChEMBL,CHEMBL4095361,,4.522878745,Train,0
FVGGAZKZIUTNLQ-UHFFFAOYSA-N,Cn1nccc1-c1cc(Cl)ccc1Oc1ccc(S(=O)(=O)Nc2ncns2)cc1C#N,ChEMBL,CHEMBL2324753,,4.522878745,Train,0
CECBCDWYPSYRMO-UHFFFAOYSA-N,CCc1cccc(-c2cn(C)c3cc(C(=O)NS(C)(=O)=O)ccc23)c1,ChEMBL,CHEMBL4568451,,4.522878745,Train,0
IAWNWMDZDAMTKU-UHFFFAOYSA-N,COc1cc(C(=O)NS(C)(=O)=O)ccc1-c1cnc(OCC(C)C)c(Cl)c1,ChEMBL,CHEMBL4474441,,4.522878745,Train,0
PPAIMZHKIXDJRN-FMDGEEDCSA-N,CCNC1=N[C@H]2[C@H](O[C@H](CO)[C@@H](O)[C@@H]2O)S1,ChEMBL,CHEMBL1213603,,4.522878745,Train,0
LSWMNYFPGSRIIB-UHFFFAOYSA-N,N#Cc1cc(S(=O)(=O)Nc2ccc(F)cn2)ccc1Oc1ccc(CO)c(Cl)c1,ChEMBL,CHEMBL3688197,,4.522878745,Train,0
IATOIMGOUCQDRU-UHFFFAOYSA-N,O=S(=O)(Nc1ccncn1)c1cc(Cl)c(NCC23CCCN2CCC3)cc1F,ChEMBL,CHEMBL4074359,,4.522878745,Train,0
XBIMZDZZPNFVOV-IBGZPJMESA-N,CC1(C)CN2CCC[C@@]2(CNc2cc(F)c(S(=O)(=O)Nc3nccs3)cc2Cl)C1,ChEMBL,CHEMBL4090731,,4.522878745,Train,0
YBWCZNQRUSMBRC-UHFFFAOYSA-N,O=S(=O)(Nc1nccs1)c1cc(Cl)c(NCC23CCCN2CC(F)(F)C3)cc1F,ChEMBL,CHEMBL4087167,,4.522878745,Validation,0
IUCGVOCXBQCPDU-UHFFFAOYSA-N,COc1cc(Cl)c(C#N)cc1-c1nccc2cc(S(=O)(=O)Nc3ncns3)ccc12,ChEMBL,CHEMBL3687609,,4.522878745,Train,0
XLGUNCFXZLFAGJ-UHFFFAOYSA-N,COc1ccc(-c2cccc(F)c2)cc1-c1nccc2cc(S(=O)(=O)Nc3nncs3)ccc12,ChEMBL,CHEMBL3687618,,4.522878745,Train,0
OXHNYFPQJUTHIF-UHFFFAOYSA-N,COc1cc(F)ccc1-c1nccc2cc(S(=O)(=O)Nc3nccs3)ccc12,ChEMBL,CHEMBL3687657,,4.522878745,Train,0
AWNWTZBXJHEXGS-UHFFFAOYSA-N,CC(C)COc1ccc(-c2cn(C)c3cc(C(=O)NS(C)(=O)=O)ccc23)cn1,ChEMBL,CHEMBL4449475,,4.522878745,Train,0
WQPNBTUHZVKISV-AWEZNQCLSA-N,CC(C)(C)OC(=O)n1cc(-c2ccc(NC(=O)[C@@H]3CCCN3)cc2)nc1N,ChEMBL,CHEMBL3113258,,4.522878745,Train,0
CEPNVOSNKMHHPC-UHFFFAOYSA-N,COc1cc(-c2ccc(-c3nccc4cc(S(=O)(=O)Nc5ccncn5)ccc34)c(OC)c2)ccc1F,ChEMBL,CHEMBL3687720,,4.522878745,Train,0
NVRNQLVEOCKBRR-UHFFFAOYSA-N,COc1cc(-c2ccc(F)c(C#N)c2)ccc1-c1nccc2cc(S(=O)(=O)Nc3ccncn3)ccc12,ChEMBL,CHEMBL3687722,,4.522878745,Train,0
RXTBDWMAPHSRCE-SJORKVTESA-N,Nc1nccn2c([C@@H]3CCC[C@H](C(=O)O)C3)nc(-c3ccc(C(=O)Nc4cc(C(F)(F)F)ccn4)cc3)c12,ChEMBL,CHEMBL4087679,,4.522878745,Train,0
KERGPEHQCLRISX-UHFFFAOYSA-N,COc1ccc2c(c1)NC1(CCC(NC(=O)c3ccc(OC)c(N(C)C)c3)CC1)c1cccn1-2,ChEMBL,CHEMBL3337593,,4.522878745,Train,0
SPWVCHPQWOLPGW-UHFFFAOYSA-N,Cn1cc(C2=CCOCC2)c2ccc(C(=O)NS(=O)(=O)C3CC3)cc21,ChEMBL,CHEMBL4450331,,4.522878745,Train,0
JXNFMVUGEKAWQP-UHFFFAOYSA-N,COc1cc(C(F)(F)F)ccc1-c1nccc2cc(S(=O)(=O)Nc3ncns3)ccc12,ChEMBL,CHEMBL3682785,,4.522878745,Train,0
WREBDSFOSWCPIS-UHFFFAOYSA-N,COc1ncc(-c2nc(C(=O)NC(=N)N)c(N)nc2N2CCCCCC2)cn1,ChEMBL,CHEMBL4217043,,4.522878745,Train,0
LSQBAAMKFJZQMX-UHFFFAOYSA-N,Cc1cn(C)c2cc(C(=O)NS(=O)(=O)C3CC3)ccc12,ChEMBL,CHEMBL4553845,,4.522878745,Validation,0
KUUASWDOSDXARW-UHFFFAOYSA-N,COc1ccc2c(c1)NC1(CN(C(=O)c3ccc4ncccc4c3)C1)c1cccn1-2,PubChem,,118714777,4.522878745,Train,0
BNBBUQXDNHCURU-UHFFFAOYSA-N,Cn1cc(-c2ccc(C(F)(F)F)cc2)c2cc(F)c(C(=O)NS(C)(=O)=O)cc21,PubChem,,132020541,4.522878745,Train,0
RQQJJXVETXFINY-UHFFFAOYSA-N,NC(N)=NC(=O)c1nc(Cl)c(N2CCCCCC2)nc1N,PubChem,,1794,4.522878745,Train,0
DINDRDOFKXNRRM-JIDHJSLPSA-N,CSc1ccc([C@@H]2N=C(OCc3ccc(NS(C)(=O)=O)cc3)N(C)Cc3ccccc32)cc1.Cl,PubChem,,118718808,4.522878745,Train,0
VAOBPPDVUDDCKB-UHFFFAOYSA-N,Cc1cc(C)cc(NC(=O)c2cncc(-c3ccc(C#N)cc3)c2)c1,PubChem,,50899643,4.522878745,Train,0
JZXHVNKYCRZJGN-NOZRDPDXSA-N,COCCCn1cc(CN(C(=O)[C@H]2CNCC[C@@H]2c2ccn(C)c(=O)c2)C2CC2)c2ccccc21,PubChem,,44481065,4.522878745,Train,0
IIBSHMFXVWTQSJ-UHFFFAOYSA-N,O=C(Nc1cnc(Cl)nc1)c1ccc(F)c(F)c1,PubChem,,10149311,4.522878745,Validation,0
PQACKXRGXFUJNA-UHFFFAOYSA-N,COc1cc2nnc(C(N)=O)c(Nc3ccc(C)cc3F)c2cc1N1CCOCC1,PubChem,,71812798,4.522878745,Validation,0
OQRBJCSMJMYEHI-UHFFFAOYSA-N,COc1cc2nnc(C(N)=O)c(Nc3ccc(C)cc3F)c2cc1N1CCC(OC)CC1,PubChem,,44476911,4.522878745,Train,0
ZJTOGZMETAQOQK-UHFFFAOYSA-N,COCCOc1cc2ncc(C(N)=O)c(Nc3ccc(C)cc3F)c2cc1N1CCOCC1,PubChem,,68434755,4.522878745,Validation,0
HGMSNMCROLQLSN-UHFFFAOYSA-N,CCOc1cc2ncc(C(N)=O)c(Nc3ccc(F)cc3F)c2cc1N1CCC(O)CC1,PubChem,,44571307,4.522878745,Train,0
GLWBJILVHXSPHS-UHFFFAOYSA-N,CCOc1cc2ncc(C(N)=O)c(Nc3cccc(Cl)c3Cl)c2cc1C1CCN(C)CC1,PubChem,,71812413,4.522878745,Train,0
HHAAZROPDZNJCJ-UHFFFAOYSA-N,CCOc1cc2ncc(C(N)=O)c(Nc3ccc(F)cc3F)c2cc1N1CCN(C)C(=O)C1,PubChem,,71812414,4.522878745,Train,0
BDYLGPUIUMBDQP-CZTZKLFOSA-N,Nc1nc(CC(=O)Nc2ccc(C[C@@H]3CC[C@H]([C@H](O)c4ccccc4)N3)cc2)cs1,PubChem,,44472590,4.522878745,Train,0
XVGBCMJPEKAVMH-UHFFFAOYSA-N,Cl.Nc1ncc(-c2ccc(NC(=O)c3cc4ccccc4[nH]3)cc2)[nH]1,PubChem,,76317629,4.522878745,Validation,0
WQPNBTUHZVKISV-CQSZACIVSA-N,CC(C)(C)OC(=O)n1cc(-c2ccc(NC(=O)[C@H]3CCCN3)cc2)nc1N,PubChem,,76310408,4.522878745,Train,0
RDODCYMNRWTHJS-UHFFFAOYSA-N,CC(C)(C)OC(=O)n1cc(-c2cccc(NC(=O)c3cc4ccccc4[nH]3)c2)nc1N,PubChem,,76332200,4.522878745,Train,0
NZKATIUTLYOQFE-UHFFFAOYSA-N,CC(C)(C)OC(=O)n1cc(-c2cccc(NC(=O)c3cc[nH]c3)c2)nc1N,PubChem,,76328517,4.522878745,Train,0
CZXUSOHRCNLWLL-UHFFFAOYSA-N,Cl.Nc1ncc(-c2cccc(NC(=O)c3cc4ccccc4[nH]3)c2)[nH]1,PubChem,,76310406,4.522878745,Train,0
XXEGFBYTULJGTG-UHFFFAOYSA-N,CC(C)(C)OC(=O)n1cc(-c2ccc(NC(=O)c3ccc[nH]3)cc2)nc1N,PubChem,,76335833,4.522878745,Train,0
PDHUICBUQPZDFK-CQSZACIVSA-N,CC(C)(C)OC(=O)n1cc(-c2cccc(NC(=O)[C@H]3CCCN3)c2)nc1N,PubChem,,76321352,4.522878745,Train,0
OPCHXZNGOYKFPJ-JQWIXIFHSA-N,CC(C)(C)OC(=O)N1CCC[C@H]1C(=O)N[C@H]1CCc2nc(N)sc2C1,PubChem,,76320732,4.522878745,Train,0
MYQPPJPFDPDLOC-UHFFFAOYSA-N,Nc1nc2c(s1)CC(CNC(=O)c1cc(Br)c[nH]1)CC2,PubChem,,76331591,4.522878745,Validation,0
MKMPWKUAHLTIBJ-ISTRZQFTSA-N,CS(=O)(=O)n1cc2c(n1)CN([C@H]1CO[C@H](c3cc(F)ccc3F)[C@@H](N)C1)C2,PubChem,,46209133,4.522878745,Train,0
YOVGCKBDPOHLAV-CNIHBODFSA-N,CCOC[C@@H](CC(C)C)NC(=O)[C@@H]1CNC[C@H](C(=O)N(c2ccc(C(C)C)cn2)C2CC2)[C@@H]1O,PubChem,,25143506,4.522878745,Train,0
OBVZHDKWMKBQLS-UHFFFAOYSA-N,COc1cc(-c2cc(F)cc(C#N)c2)ccc1-c1nccc2cc(S(=O)(=O)Nc3ccncn3)ccc12,PubChem,,89614429,4.522878745,Train,0
IYCGIOVRQXMKDM-UHFFFAOYSA-N,COc1ccc(-c2cccc(F)c2)cc1-c1n[nH]c(=O)c2cc(S(=O)(=O)Nc3ccncn3)ccc12,PubChem,,89614386,4.522878745,Train,0
MULYVGMMJVMQFZ-UHFFFAOYSA-N,COc1cccc(-c2ccc(-c3nccc4cc(S(=O)(=O)Nc5ccncn5)ccc34)c(OC)c2)c1,PubChem,,89614475,4.522878745,Train,0
WUENHYGUAXJLQG-UHFFFAOYSA-N,COc1cc(-c2cc(F)cc(F)c2)ccc1-c1nccc2cc(S(=O)(=O)Nc3ccnc(C)n3)ccc12,PubChem,,86687646,4.522878745,Train,0
RSLJEAASBNEAMV-UHFFFAOYSA-N,COc1cc(C(F)(F)F)ccc1-c1nccc2cc(S(=O)(=O)Nc3nc(Cl)cs3)ccc12,PubChem,,89614186,4.522878745,Train,0
OUCUPBQBDDESQW-UHFFFAOYSA-N,COc1cc(-c2cc(F)ccc2F)ccc1-c1nccc2cc(S(=O)(=O)Nc3ccncn3)ccc12,PubChem,,89614438,4.522878745,Train,0
KIFAYLIPHQRPFM-UHFFFAOYSA-N,COc1cc(-c2c(F)cccc2F)ccc1-c1nccc2cc(S(=O)(=O)Nc3ccncn3)ccc12,PubChem,,89614316,4.522878745,Train,0
ITXZDBZSOFLFKZ-UHFFFAOYSA-N,O=S(=O)(Nc1ncns1)c1ccc2c(-c3ccc(C(F)(F)F)cc3Cl)cccc2c1,PubChem,,86687353,4.522878745,Train,0
MCBHAFILNSIHFY-UHFFFAOYSA-N,Nc1cc(Cl)ccc1-c1cccc2cc(S(=O)(=O)Nc3ncns3)ccc12,PubChem,,89614553,4.522878745,Train,0
HFFASXVMPOVFDT-UHFFFAOYSA-N,NC(=O)c1cc(C(F)(F)F)ccc1-c1cccc2cc(S(=O)(=O)Nc3ncns3)ccc12,PubChem,,89614027,4.522878745,Train,0
AFWKFAHNWARIHO-UHFFFAOYSA-N,COc1cc(Cl)ccc1-c1ncnc2cc(S(=O)(=O)Nc3ncns3)ccc12,PubChem,,86687770,4.522878745,Train,0
INWWBXFEFPNCFR-UHFFFAOYSA-N,O=S(=O)(Nc1ncns1)c1ccc2c(-c3ccc(C(F)(F)F)cc3-c3ccncc3)nccc2c1,PubChem,,71586228,4.522878745,Train,0
NZMFICPMOIISOG-UHFFFAOYSA-N,N#CCOc1cc(Cl)ccc1-c1nccc2cc(S(=O)(=O)N(OC(=O)C(F)(F)F)c3nccs3)ccc12,PubChem,,91970616,4.522878745,Validation,0
DSCYPKSVLPGNNB-UHFFFAOYSA-N,COc1cc(C(F)(F)F)ccc1-c1nccc2cc(S(=O)(=O)Nc3cscn3)ccc12,PubChem,,86687713,4.522878745,Validation,0
OFTWATZYEKIRCP-UHFFFAOYSA-N,COc1cc(-c2ccc(F)c(Cl)c2)ccc1-c1nccc2cc(S(=O)(=O)Nc3ccncn3)ccc12,PubChem,,89614163,4.522878745,Train,0
AHBCOCUKPIGCNM-UHFFFAOYSA-N,COc1ccccc1-c1ncc(F)c2cc(S(=O)(=O)Nc3ncns3)ccc12,PubChem,,86687664,4.522878745,Train,0
ZRPIOLZRWCXYLY-UHFFFAOYSA-N,COc1cc(Oc2cccc(F)c2)ccc1-c1nccc2cc(S(=O)(=O)Nc3ccncn3)ccc12,PubChem,,86687703,4.522878745,Train,0
WVTZRURPOGWBCC-UHFFFAOYSA-N,COc1cc(-c2cc(F)cc(F)c2)c(C#N)cc1-c1nccc2cc(S(=O)(=O)Nc3ccon3)ccc12,PubChem,,89614421,4.522878745,Train,0
NIJYLVOEINTHDN-UHFFFAOYSA-N,COc1ccc(-c2cccc(F)c2)cc1-c1nccc2cc(S(=O)(=O)Nc3ncns3)ccc12,PubChem,,89614644,4.522878745,Train,0
YMLPBWVVTMDXTR-UHFFFAOYSA-N,COc1cc(-c2cccc(F)c2)ccc1-c1nccc2cc(S(=O)(=O)Nc3nncs3)ccc12,PubChem,,89614390,4.522878745,Validation,0
JCDYSABFIIBLPS-UHFFFAOYSA-N,COc1cc(C(F)F)c(F)cc1-c1ncnc2cc(S(=O)(=O)Nc3cscn3)ccc12,PubChem,,86687750,4.522878745,Train,0
ULPYDMZVHNOVOF-UHFFFAOYSA-N,COc1cc(-c2ccc(F)c(F)c2)ccc1-c1ncnc2cc(S(=O)(=O)Nc3nncs3)ccc12,PubChem,,89614537,4.522878745,Train,0
LQLSAATTXQTGOX-UHFFFAOYSA-N,O=S(=O)(Nc1nccs1)c1ccc2c(-c3ccc(C(F)(F)F)cc3Cl)nccc2c1,PubChem,,71586226,4.522878745,Train,0
JCTUIJTXDRGWNK-UHFFFAOYSA-N,COc1cc(-c2ccccc2C)ccc1-c1nccc2cc(S(=O)(=O)Nc3ccncn3)ccc12,PubChem,,86687691,4.522878745,Validation,0
LYDSTMUBDYWHQP-UHFFFAOYSA-N,COc1cc(-c2ccc(C)cc2)ccc1-c1nccc2cc(S(=O)(=O)Nc3ccncn3)ccc12,PubChem,,89614676,4.522878745,Validation,0
JBBLGLCAVJZSDM-UHFFFAOYSA-N,COc1cc(-c2ccc(F)cc2F)ccc1-c1nccc2cc(S(=O)(=O)Nc3ccncn3)ccc12,PubChem,,89614494,4.522878745,Train,0
VFHKNLPMWZUPFI-UHFFFAOYSA-N,COc1cc(-c2cc(F)cc(F)c2)ccc1-c1nccc2cc(S(=O)(=O)Nc3nncs3)ccc12,PubChem,,89614318,4.522878745,Train,0
HHYGQXGPTBIGDW-UHFFFAOYSA-N,COc1cc(-c2cc(F)cc(F)c2)c(F)cc1-c1nccc2cc(S(=O)(=O)Nc3nncs3)ccc12,PubChem,,86687638,4.522878745,Train,0
RIJMZEVGOXDRBY-UHFFFAOYSA-N,COc1cc(C(F)(F)F)ccc1-c1ncc(F)c2cc(S(=O)(=O)Nc3ncns3)ccc12,PubChem,,86687662,4.522878745,Train,0
RBKQZSPUUREFHN-UHFFFAOYSA-N,COc1cc(F)ccc1-c1ncc(F)c2cc(S(=O)(=O)Nc3ncns3)ccc12,PubChem,,86687665,4.522878745,Train,0
KRCCOGVLSKLLMP-UHFFFAOYSA-N,COc1cc(C#N)ccc1-c1cccc2cc(S(=O)(=O)Nc3ncns3)ccc12,PubChem,,86687597,4.522878745,Validation,0
DUMMTDWYPVIFOZ-UHFFFAOYSA-N,COc1cc(Cl)c(C#N)cc1-c1nccc2cc(S(=O)(=O)Nc3nncs3)ccc12,PubChem,,86687610,4.522878745,Train,0
NKGHZLKJWHZFKH-UHFFFAOYSA-N,COc1ccc(-c2cccc(C(F)(F)F)c2)cc1-c1nccc2cc(S(=O)(=O)Nc3nncs3)ccc12,PubChem,,89614462,4.522878745,Train,0
DDZMARYJOHQSJW-UHFFFAOYSA-N,COc1ccc(Cl)cc1-c1nccc2cc(S(=O)(=O)Nc3ncns3)ccc12,PubChem,,86687618,4.522878745,Train,0
QAOSOUGORUMZQA-UHFFFAOYSA-N,COc1ccc(Cl)cc1-c1n[nH]c(=O)c2cc(S(=O)(=O)Nc3nccs3)ccc12,PubChem,,86687724,4.522878745,Train,0
YPRHFLQJINWLPG-UHFFFAOYSA-N,COc1cc(-c2cccc(F)c2)ccc1-c1ncnc2cc(S(=O)(=O)Nc3ncns3)ccc12,PubChem,,86687772,4.522878745,Validation,0
RLFNGRGSDXFYJJ-UHFFFAOYSA-N,O=S(=O)(Nc1ncns1)c1ccc2c(-c3ccc(Cl)cc3-c3ccncc3)cccc2c1,PubChem,,86687352,4.522878745,Train,0
KVOUXZJANUUUMB-UHFFFAOYSA-N,COc1cc(-c2ccc(C)c(Cl)c2)ccc1-c1nccc2cc(S(=O)(=O)Nc3ccncn3)ccc12,PubChem,,89614615,4.522878745,Train,0
BZVMLHXPEHBRBB-UHFFFAOYSA-N,COc1cc(-c2cccc(F)c2)c(Cl)cc1-c1ncnc2cc(S(=O)(=O)Nc3nncs3)ccc12,PubChem,,89614456,4.522878745,Train,0
LHDUXFYCCLJXTC-UHFFFAOYSA-N,COc1nc(-c2cccc(F)c2)c(Cl)cc1-c1nccc2cc(S(=O)(=O)Nc3nncs3)ccc12,PubChem,,86687717,4.522878745,Validation,0
CBNSHQLPFOOXEN-UHFFFAOYSA-N,COc1cc(CC(C)(C)C)ccc1-c1nccc2cc(S(=O)(=O)Nc3ccncn3)ccc12,PubChem,,86687631,4.522878745,Validation,0
FUKISIJIYRLZHQ-UHFFFAOYSA-N,COc1cc(-c2ccc(Cl)c(F)c2)ccc1-c1nccc2cc(S(=O)(=O)Nc3ccncn3)ccc12,PubChem,,89614492,4.522878745,Train,0
VVURYSCHDHPNSP-UHFFFAOYSA-N,Cc1cc(Cl)ccc1-c1ccnc2cc(S(=O)(=O)Nc3ncns3)ccc12,PubChem,,86687573,4.522878745,Train,0
WTEDGDIMGZBXLR-UHFFFAOYSA-N,COc1cc(-c2cccc(F)c2)c(C#N)cc1-c1nccc2cc(S(=O)(=O)Nc3nncs3)ccc12,PubChem,,86687613,4.522878745,Train,0
XJSCBKAFQWLUMQ-UHFFFAOYSA-N,COc1cc(-c2cccc(F)c2)c(C#N)cc1-c1nccc2cc(S(=O)(=O)Nc3ccon3)ccc12,PubChem,,86687614,4.522878745,Train,0
IXZSJZOSZPPMOT-UHFFFAOYSA-N,COc1cc(F)ccc1-c1ncnc2cc(S(=O)(=O)Nc3nccs3)ccc12,PubChem,,89614059,4.522878745,Train,0
OWTLMVCLXORRMU-UHFFFAOYSA-N,O=S(=O)(Nc1ncns1)c1ccc2c(-c3ccc(Cl)cc3Cl)cccc2c1,PubChem,,89614306,4.522878745,Validation,0
RDHMFRCHYGEPET-UHFFFAOYSA-N,Cn1nccc1-c1cc(Cl)ccc1-c1cccc2cc(S(=O)(=O)Nc3ncns3)ccc12,PubChem,,86687351,4.522878745,Validation,0
YTLROJLEAFXNIK-GOSISDBHSA-N,Cc1nnc2n1-c1ccc(-c3cncc([C@@](C)(O)C(F)(F)F)c3)cc1CC2,PubChem,,122191834,4.522878745,Train,0
ZCWSKWSPXNSPLS-UHFFFAOYSA-N,Fc1cncc(-c2nc3cc(F)c(F)cc3n2C2CC2)c1,PubChem,,56645570,4.522878745,Validation,0
RJTCPQUWULEEAK-GEWUYGHSSA-N,O=C(Cn1cnc2ccccc2c1=O)Nc1ccc(C[C@@H]2CC[C@H]([C@H](O)c3ccccc3)N2)cc1,PubChem,,44472591,4.522878745,Train,0
HSUZTUCBYOJAHK-SGIRGMQISA-N,O=C(Cn1ccccc1=O)Nc1ccc(C[C@@H]2CC[C@H]([C@H](O)c3ccccc3)N2)cc1,PubChem,,44472613,4.522878745,Train,0
OYURTPRHVJSKRC-DZCCDHAISA-N,O=C(Nc1ccc(C[C@@H]2CC[C@H]([C@H](O)c3cccnc3)N2)cc1)[C@@H]1CCc2scnc21,PubChem,,76322043,4.522878745,Train,0
URLFNGRPGJRFPI-YZUZCNPQSA-N,O=C(Cn1ncccc1=O)Nc1ccc(C[C@@H]2CC[C@H]([C@H](O)c3ccccc3)N2)cc1,PubChem,,44472610,4.522878745,Validation,0
DJXRIQMCROIRCZ-XOEOCAAJSA-N,O=C(Nc1ccc(C[C@@H]2CC[C@H]([C@H](O)c3ccccc3)N2)cc1)[C@@H]1CCc2nccc(=O)n21,PubChem,,44472635,4.522878745,Validation,0
HKIDFORJSUPOOU-UHFFFAOYSA-N,COc1cc(-c2cccc(F)c2)c(Cl)cc1-n1c(=O)ccc2cc(S(=O)(=O)Nc3cccnn3)ccc21,PubChem,,117736941,4.522878745,Train,0
RBMIPBOQLVUBKL-UHFFFAOYSA-N,COc1cc(-c2cccc(C(F)(F)F)c2)c(Cl)cc1-n1c(=O)ccc2cc(S(=O)(=O)Nc3ccon3)ccc21,PubChem,,117741591,4.522878745,Train,0
ORNDBCORCUTKLC-UHFFFAOYSA-N,COc1cc(-c2cc(F)cc(F)c2)c(C)cc1-n1c(=O)ccc2cc(S(=O)(=O)Nc3ccon3)ccc21,PubChem,,124221800,4.522878745,Train,0
OAYPMTXLKCJCGV-UHFFFAOYSA-N,COc1cc(-c2cccc(F)c2)c(Cl)cc1-n1c(=O)ccc2cc(S(=O)(=O)Nc3nncs3)ccc21,PubChem,,117736985,4.522878745,Validation,0
XHSSYBXTQWHQSD-AVRDEDQJSA-N,Cc1c([C@@H]2CN3CCN(C(=O)Cc4ccc(-n5cnnn5)cn4)C[C@H]3CO2)ccc(F)c1C#N,PubChem,,71603917,4.522878745,Train,0
HTIVRXDQROURHF-UHFFFAOYSA-N,O=C(O)CCc1cc2cc(-c3cc(OC(F)(F)F)ccc3F)ccc2o1,PubChem,,134134229,4.522878745,Train,0
VOCMMRLTVLKRRW-UHFFFAOYSA-N,O=S(=O)(Nc1ncns1)c1ccc2c(-c3ccc(C(F)(F)F)cc3C3=CCNCC3)cccc2c1,PubChem,,134146511,4.522878745,Train,0
NYXYUZXPPILSFD-UHFFFAOYSA-N,COc1cc(C(F)(F)F)ccc1-c1cccc2cc(S(=O)(=O)Nc3ccncn3)ccc12,PubChem,,71586033,4.522878745,Train,0
ZBCGZWKBUHMOHN-UHFFFAOYSA-N,COc1cc(C(F)(F)F)ccc1-c1nccc2cc(S(=O)(=O)Nc3nccs3)cnc12,PubChem,,89614770,4.522878745,Validation,0
LMIJVCDFGCEVCX-UHFFFAOYSA-N,COc1cc(C(F)(F)F)ccc1-c1n[nH]c(=O)c2cc(S(=O)(=O)Nc3nccs3)ccc12,PubChem,,86687557,4.522878745,Validation,0
XFRLPIMGOMZXNS-UHFFFAOYSA-N,COc1cc(C(F)(F)F)ccc1-c1cccc2cc(S(=O)(=O)Nc3ncccn3)ccc12,PubChem,,134133921,4.522878745,Train,0
PRSMZNFUKBHAIS-UHFFFAOYSA-N,Cc1cn(-c2ccc(-c3cn(CC(=O)Nc4cccc(Cl)c4Cl)nn3)cc2F)cn1,PubChem,,134135307,4.522878745,Validation,0
SNONARCBEJVSFG-UHFFFAOYSA-N,O=S(=O)(Nc1cncc(C(F)(F)F)c1)c1ccccc1C(F)(F)F,PubChem,,118917671,4.522878745,Train,0
ABKCBHGHCYFDNT-UHFFFAOYSA-N,N#Cc1ccc(Oc2ccc(S(=O)(=O)Nc3ccc(F)cn3)cc2C#N)cc1Cl,PubChem,,86294663,4.522878745,Train,0
PDVJZLKIJAIUCL-UHFFFAOYSA-N,O=S(=O)(Nc1ncns1)c1cc(F)c(OC2OCCNC2c2ccc(F)cc2)cc1F,PubChem,,145964527,4.522878745,Train,0
HHJSDZBCZVKEOD-UHFFFAOYSA-N,O=S(=O)(Nc1ncns1)c1cc(F)c(OC2OCCNC2c2ccc3cnccc3c2)cc1F,PubChem,,145967515,4.522878745,Validation,0
VJSJQQNZCOIINF-BCPRUYEDSA-N,CO/N=C1\CC[C@@]2(C)[C@@H](C1)C[C@@H](N1CCC[C@@H](N)C1)[C@@H]2Oc1ccc(C#N)cc1,PubChem,,145961777,4.522878745,Train,0
BRVBNTMXWCBWKC-UHFFFAOYSA-N,O=S(=O)(Nc1ccncn1)c1ccc2c(-c3ccc(C(F)(F)F)cc3C3=CCNCC3)cccc2c1,PubChem,,71586128,4.522878745,Train,0
RYLUHGPGZUQBML-UHFFFAOYSA-N,COc1ccccc1N1CCOc2cc(S(=O)(=O)Nc3nccs3)ccc21,PubChem,,89761777,4.522878745,Train,0
AEQJLXICIKRMCT-IBGZPJMESA-N,Cc1c([C@@H](O)CN2CCC3(CC2)CCN(c2ccc(=O)n(C)n2)C3=O)ccc2c1COC2=O,PubChem,,121313969,4.522878745,Train,0
DJVYXMINSBMUHH-UHFFFAOYSA-N,c1nc(NC2CCC(N3CCOCC3)CC2)c2c(C3CCOCC3)c[nH]c2n1,PubChem,,131839619,4.522878745,Train,0
HARRKNSQXBRBGZ-GVKWWOCJSA-N,C[C@]12CC[C@@H]3[C@H]4CC[C@@](C)(O)C[C@H]4CC[C@H]3[C@@H]1CC[C@@H]2C(=O)Cn1cc(C#N)cn1,PubChem,,86294073,4.522878745,Train,0
OGBDDOBYHJYBFF-UHFFFAOYSA-N,CCN1CC(n2nccc2-c2cc(Cl)ccc2Oc2ccc(S(=O)(=O)Nc3cscn3)cc2C#N)C1,PubChem,,46841648,4.522878745,Train,0
RJCFHJAHXZNRRQ-UHFFFAOYSA-N,O=S(=O)(Nc1nccs1)c1cc(Cl)c(NCC23CCCCN2CCCC3)cc1F,PubChem,,118112295,4.522878745,Train,0
NRDVNSLOKZCIOU-UHFFFAOYSA-N,Cc1nc(NS(=O)(=O)c2cc(Cl)c(NCC34CCCN3CCC4)cc2F)sc1F,PubChem,,118109304,4.522878745,Train,0
XBIMZDZZPNFVOV-LJQANCHMSA-N,CC1(C)CN2CCC[C@]2(CNc2cc(F)c(S(=O)(=O)Nc3nccs3)cc2Cl)C1,PubChem,,91666645,4.522878745,Validation,0
YAJKJILBISXSFM-UHFFFAOYSA-N,O=S(=O)(Nc1cscn1)c1cc(Cl)c(NCC23CCCN2CCC3)cc1F,PubChem,,118121135,4.522878745,Validation,0
DHCYDVCVVGUYEN-UHFFFAOYSA-N,COc1cc(-c2cccc(F)c2)ccc1-c1nccc2cc(S(=O)(=O)Nc3ccncn3)ccc12,PubChem,,89614650,4.522878745,Train,0
USIAWHSRJOGWQW-UHFFFAOYSA-N,NC1CCC(CCOc2cc(F)c(S(=O)(=O)Nc3ncns3)cc2F)(c2ccc(Cl)cc2)CC1,PubChem,,137632393,4.522878745,Train,0
ANLVMSBBWJNZSY-UHFFFAOYSA-N,NC1CCC(CCNc2cc(F)c(S(=O)(=O)Nc3nccs3)cc2Cl)(c2ccccc2)CC1,PubChem,,134477260,4.522878745,Train,0
MTQBZRRUVZFECS-UHFFFAOYSA-N,NC1CCC(CCOc2cc(F)c(S(=O)(=O)Nc3ncns3)cc2Cl)(c2ccccc2)CC1,PubChem,,134477283,4.522878745,Validation,0
RUFOCWIZLKLQEG-UHFFFAOYSA-N,NC1CCC(CCOc2cc(F)c(S(=O)(=O)Nc3ncns3)cc2F)(c2ccccc2)CC1,PubChem,,134477070,4.522878745,Train,0
UJNZKASOHZSXKG-UHFFFAOYSA-N,O=S(=O)(Nc1nccs1)c1cc(Cl)c(NCC2CNC2)cc1F,PubChem,,134477093,4.522878745,Train,0
GVJVTZIRACSJPP-UHFFFAOYSA-N,CNC1CCC(CCOc2cc(F)c(S(=O)(=O)Nc3ncns3)cc2F)(c2ccccc2)CC1,PubChem,,134477224,4.522878745,Train,0
MVPGAQAVEBEWIU-UHFFFAOYSA-N,O=S(=O)(Nc1nccs1)c1cc(Cl)c(NCCC2CCNC2)cc1F,PubChem,,134477136,4.522878745,Train,0
LNFRMPJWRZFBPR-KJYTXNCISA-N,O=C(c1ccc(C[C@@H]2CC[C@H]([C@H](O)c3ccccc3)N2)cc1)N1CCN(Cc2ccccn2)CC1,PubChem,,67972431,4.522878745,Train,0
YLRSLIWLHGPCOC-CLCZQPDDSA-N,O=C(c1ccc(C[C@@H]2CC[C@H]([C@H](O)c3ccccc3)N2)cc1)N1CCN(Cc2ncn(CC(F)F)n2)CC1,PubChem,,137643636,4.522878745,Train,0
XIBYXZUPGGMCHX-CVXIRMMQSA-N,Cc1noc(-c2cccc(CN3CCN(C(=O)c4ccc(C[C@@H]5CC[C@H]([C@H](O)c6ccccc6)N5)cc4)CC3)n2)n1,PubChem,,137649223,4.522878745,Validation,0
YDJMKEIHCDSIFC-PPJWLVRDSA-N,O=C(c1ccc(C[C@@H]2CC[C@H]([C@H](O)c3ccccc3)N2)cc1)N1CCN(Cc2nnn(CC(F)F)n2)CC1,PubChem,,137656598,4.522878745,Train,0
TUABCARNQAPXIP-SXOMAYOGSA-N,C[C@]1(C(=O)O)CCC[C@@](C)(c2nc(-c3ccc(C(=O)Nc4cc(C(F)(F)F)ccn4)cc3)c3c(N)nccn23)C1,PubChem,,137649218,4.522878745,Train,0
KTQAEYIAPRUAEC-UHFFFAOYSA-N,CC1(C(=O)O)CCC(C)(c2nc(-c3ccc(C(=O)Nc4cc(C(F)(F)F)ccn4)cc3)c3c(N)nccn23)CC1,PubChem,,121454982,4.522878745,Train,0
DDAGGHIDQSHQBU-VSGBNLITSA-N,CC(C)[C@@]1(C(=O)O)CC[C@@](C)(c2nc(-c3ccc(C(=O)Nc4cc(C(F)(F)F)ccn4)cc3)c3c(N)nccn23)C1,PubChem,,137655281,4.522878745,Train,0
GSURGAWEPTXPFX-UHFFFAOYSA-N,CNC(=O)c1c(-c2ccc(F)cc2)oc2cc(N(C)S(C)(=O)=O)c(-c3ccc4ccn5c6cccc(F)c6cc5c4n3)cc12,PubChem,,90341025,4.522878745,Train,0
MURUVADFDBVLDP-UHFFFAOYSA-N,CNC(=O)c1c(-c2ccc(F)cc2)oc2cc(N(C)S(C)(=O)=O)c(-c3ccc4c(n3)-c3cc5c(F)cccc5n3CC4)cc12,PubChem,,77845572,4.522878745,Train,0
YAXLMMDYZWFFAQ-UHFFFAOYSA-N,O=C(O)CNC(=O)c1c(O)c2c(n(Cc3ccc(C(F)(F)F)cc3)c1=O)COC2,PubChem,,54746913,4.522878745,Validation,0
APWZIFIAVVFPNT-PELKAZGASA-N,C[C@@H](C(N)=O)[C@H](N)c1nc2ccc(C(C)(C)C)cc2[nH]1,PubChem,,71666749,4.522878745,Validation,0
PIVDGSIZIIQIJE-UHFFFAOYSA-N,Cn1cc(C2CCN(C(=O)OC(C)(C)C)CC2)c2ccc(C(=O)NS(=O)(=O)C3CC3)cc21,PubChem,,155512957,4.522878745,Validation,0
BJCFFDGQFPMUTR-UHFFFAOYSA-N,Cn1cc(C2=CCNCC2)c2ccc(C(=O)NS(=O)(=O)C3CC3)cc21,PubChem,,155538523,4.522878745,Train,0
OJJCHVDMCYESRG-UHFFFAOYSA-N,Cn1cc(C(C)(C)C)c2ccc(C(=O)NS(=O)(=O)C3CC3)cc21,PubChem,,155539819,4.522878745,Validation,0
PBJROYRVQJYBRL-UHFFFAOYSA-N,Cn1cc(C2CCCN(C(=O)OC(C)(C)C)C2)c2ccc(C(=O)NS(=O)(=O)C3CC3)cc21,PubChem,,155541113,4.522878745,Train,0
VCWBXUVWZOTQHS-UHFFFAOYSA-N,CN1CCC(c2cn(C)c3cc(C(=O)NS(=O)(=O)C4CC4)ccc23)CC1,PubChem,,155562578,4.522878745,Train,0
NVPHCPSHUAUQSI-FMDGEEDCSA-N,CCN=C1N[C@H]2[C@H](O[C@H](C)[C@@H](O)[C@@H]2O)S1,PubChem,,136416815,4.522878745,Train,0
JFKXPYCYZANQTG-JGKVKWKGSA-N,CCN(C)C1=N[C@H]2[C@H](O[C@H](CO)[C@@H](O)[C@@H]2O)S1,PubChem,,59153288,4.522878745,Train,0
JRZSXVZVOPYSIU-JGKVKWKGSA-N,CCNC1=N[C@H]2[C@H](O[C@H](CO)[C@@H](O)[C@@H]2OC)S1,PubChem,,71271461,4.522878745,Train,0
XIBRBQOZJDMOOG-RULNZFCNSA-N,CCNC1=N[C@@H]2[C@@H](O)C[C@@H](CO)O[C@@H]2S1,PubChem,,155542416,4.522878745,Train,0
PMUWLFAMOSIEGD-RYXNKOGWSA-N,CCNC1=N[C@H]2[C@H](O[C@H](CO)C(F)[C@@H]2O)S1,PubChem,,155556441,4.522878745,Train,0
NRMRBIFNVWTRMX-UHFFFAOYSA-N,CC(C)COc1ccc(-c2nn(C)c3cc(C(=O)NS(C)(=O)=O)ccc23)cn1,PubChem,,155511848,4.522878745,Train,0
TYUUKNZVFJAZHS-UHFFFAOYSA-N,Cc1ccc(-c2cn(C)c3cc(C(=O)NS(C)(=O)=O)ccc23)cc1,PubChem,,132051461,4.522878745,Validation,0
IRYIUGRBRQKYQO-UHFFFAOYSA-N,Cn1cc(-c2ccc(C(F)F)cc2)c2ccc(C(=O)NS(=O)(=O)C3CC3)cc21,PubChem,,132020475,4.522878745,Train,0
YTBSWKZXZGXSBM-UHFFFAOYSA-N,Cn1cc(-c2ccccc2)c2ccc(C(=O)NS(C)(=O)=O)cc21,PubChem,,132020408,4.522878745,Validation,0
ADEVOKHVTSQTBX-UHFFFAOYSA-N,Cn1nc(-c2ccc(C(F)(F)F)cc2)c2ccc(C(=O)NS(C)(=O)=O)cc21,PubChem,,155536189,4.522878745,Train,0
VDONYMWVAWWVER-UHFFFAOYSA-N,COc1cc(-c2cn(C)c3cc(C(=O)NS(C)(=O)=O)ccc23)cnc1OCC(C)C,PubChem,,155547824,4.522878745,Validation,0
AZGUAMOGUBTAQX-UHFFFAOYSA-N,Cc1cccc(-c2cn(C)c3cc(C(=O)NS(C)(=O)=O)ccc23)c1,PubChem,,132020512,4.522878745,Train,0
ZVQRMIXAIICOKV-UHFFFAOYSA-N,CC(C)COc1ncc(-c2cc(F)c(C(=O)NS(C)(=O)=O)cc2F)cc1Cl,PubChem,,117993998,4.522878745,Train,0
GXEXIUKEWXZCEF-UMVBOHGHSA-N,C[C@@H]1C[C@H]1C(=O)N1CCN(c2cnc(C#N)c(-c3cnn(C)c3)n2)C[C@H]1C,PubChem,,145704650,4.522878745,Validation,0
YYXYTTPRFNUTKT-DEOSSOPVSA-N,CCn1c(-c2cnc(C)nc2)nc2c(-c3cnc4c(c3)[C@](C)(NCC(C)(C)F)C(=O)N4)ncnc21,PubChem,,131964725,4.522878745,Train,0
MHEWWXGARXQJFP-MHZLTWQESA-N,Cc1ncc(-c2nc3c(-c4ccc5c(c4)[C@@]4(CCCN4C(=O)C4CC4)C(=O)N5C)ncnc3n2C)cn1,PubChem,,131964853,4.522878745,Validation,0
UEMQPCYDWCSVCU-UHFFFAOYSA-N,COc1cc(C#N)ccc1S(=O)(=O)Nc1ccc2c(c1)cc(C)c(=O)n2C,ChEMBL,CHEMBL3752151,,4.522878745,Train,0
UDQTXCHQKHIQMH-KYGLGHNPSA-N,CCNC1=N[C@H]2[C@H](O[C@H](C(F)F)[C@@H](O)[C@@H]2O)S1,ChEMBL,CHEMBL4111094,,4.522878745,Train,0
QRKQGOWSACQLGK-QAJUQPOASA-N,CC(=O)N[C@@H]1C[C@H](NC(C)(C)C)CC[C@@H]1N1CC[C@H](Nc2ncnc3ccc(OC(F)(F)F)cc23)C1=O,ChEMBL,CHEMBL4746510,,4.522878745,Validation,0
QAPTWHXHEYAIKG-RCOXNQKVSA-N,CC(=O)N[C@@H]1C[C@H](NC(C)(C)C)CC[C@@H]1N1CC[C@H](Nc2ncnc3ccc(C(F)(F)F)cc23)C1=O,ChEMBL,CHEMBL4781426,,4.522878745,Validation,0
XAEGFERQJKCQQO-FDPIWHGQSA-N,CN[C@@H]1CC[C@H](N2CC[C@H](Nc3ncnc4ccc(C(F)(F)F)cc34)C2=O)[C@H](NC(C)=O)C1,ChEMBL,CHEMBL4760098,,4.522878745,Validation,0
SSVBJRBZPBDWRB-FTOUIILSSA-N,COc1ccc2c(c1)[C@@H]1C[C@]1(C(=O)N1C3CC1CN(C)C3)Cn1c-2c(C2CCCCC2)c2ccc(C(=O)NS(=O)(=O)N(C)C)cc21,ChEMBL,CHEMBL3126834,,4.522878745,Train,0
JMHYCBFEEFHTMK-UHFFFAOYSA-N,COc1ccc(CCOC2CCCCC2N2CCC(O)C2)cc1OC.Cl,ChEMBL,CHEMBL3914098,,4.518557372,Train,0
FDVHTMPORAQXDN-UHFFFAOYSA-N,CC(CC#N)N1C(=O)c2ccccc2C1C(=O)NCc1ccc(OC(F)(F)F)cc1,PubChem,,44544123,4.508638306,Train,0
ACHAGBFZZOHGJZ-UHFFFAOYSA-N,O=C(CC1CCN(Cc2ccn(-c3ccc(C(F)(F)F)cc3)c2)CC1)NC(c1ccc(F)cc1)c1c[nH]c(=O)c(Cl)c1,PubChem,,11599973,4.500312917,Train,0
VAKSCAGQAFHWEJ-UHFFFAOYSA-N,COc1cnc(-c2ccccc2C(F)(F)CNC(=O)c2ccc(COCC(F)(F)F)nc2)cn1,ChEMBL,CHEMBL2147316,,4.499999953,Train,0
YQIDSLFXPFOWIF-SFHVURJKSA-N,Cc1nn(-c2ccccc2)nc1C(=O)N[C@@H]1COc2cccc(-c3ccncc3)c2C1,ChEMBL,CHEMBL2069416,,4.499999953,Train,0
UJPPVXOKSRLWCP-KRWDZBQOSA-N,Cc1nn(CC(C)C)nc1C(=O)N[C@@H]1COc2cccc(-c3cccnc3)c2C1,ChEMBL,CHEMBL2069419,,4.499999953,Train,0
ZBTWXCSGAHBTJU-INIZCTEOSA-N,COCCn1nc(C)c(C(=O)N[C@@H]2COc3cccc(-c4ccncc4)c3C2)n1,ChEMBL,CHEMBL2069417,,4.499999953,Train,0
NMFZBEFJDXWDLZ-UHFFFAOYSA-N,COc1ncc(-c2cccc(C#N)c2CCNC(=O)c2ccc(OCCC(F)(F)F)nc2)cn1,ChEMBL,CHEMBL2147226,,4.499999953,Train,0
VLDFXEZOZNXAOY-UHFFFAOYSA-N,Cc1ncc(-c2ccccc2CCNC(=O)c2ccc(CNCCC(F)(F)F)nc2)cn1,ChEMBL,CHEMBL2147220,,4.499999953,Train,0
DZZDGFAFADZZQZ-UHFFFAOYSA-N,Cc1ncc(-c2ccccc2CCNC(=O)c2cnc(OCCOCC(F)(F)F)c(C)c2)cn1,ChEMBL,CHEMBL2147218,,4.499999953,Train,0
PUEMFOUUPWVBNC-UHFFFAOYSA-N,COc1ncc(-c2cccnc2C(C)CNC(=O)c2ccc(OCCC(F)(F)F)nc2)cn1,ChEMBL,CHEMBL2147314,,4.499999953,Train,0
OWCJHLUHPFYWOT-INIZCTEOSA-N,COCCn1nc(C)c(C(=O)N[C@@H]2COc3cccc(-c4cccnc4)c3C2)n1,PubChem,,66813354,4.499999679,Validation,0
CBBHGGGYBJMVTI-UHFFFAOYSA-N,Cc1ncc(-c2ccccc2CCNC(=O)c2ccc(OCCOCC(F)(F)F)nc2)cn1,PubChem,,71451077,4.499999679,Train,0
KXPIWOKFJNDYEG-UHFFFAOYSA-N,COc1ncc(-c2cccnc2CCNC(=O)c2ccc(OCCC(F)(F)F)nc2)cn1,PubChem,,71452907,4.499999679,Validation,0
IRCDXLQCSSEHLM-UHFFFAOYSA-N,COc1ncc(-c2ccc(C)nc2CCNC(=O)c2ccc(OCCC(F)(F)F)nc2)cn1,PubChem,,71449295,4.499999679,Train,0
CYAJYYTXFRNRLB-UHFFFAOYSA-N,Cc1ncc(-c2ccccc2CCNC(=O)c2ccc(COCC(F)(F)F)nc2)cn1,PubChem,,71452900,4.499999679,Train,0
WUWWZGBSJORNNV-UHFFFAOYSA-N,O=C(NCc1ccc(OC(F)(F)F)cc1)C1c2ccccc2C(=O)N1C1CCC(F)(F)CC1,ChEMBL,CHEMBL2164373,,4.494850022,Train,0
NDCGLCOJCCYECT-UHFFFAOYSA-N,CC(C)COc1ncc(-c2ccc(C(=O)NS(C)(=O)=O)cc2)cc1Cl,PubChem,,118002063,4.494850022,Train,0
ROTWSDMXHVGAHZ-QZTJIDSGSA-N,Cc1cc(-c2ccc(C(=O)[C@@H]3CCCC[C@H]3C(=O)Nc3cnn4c3C(=O)NCC4)cc2)n[nH]1,ChEMBL,CHEMBL4542281,,4.48148606,Train,0
OUYULONQGHHEEU-UHFFFAOYSA-N,O=C(NCc1ccc(OC(F)F)nc1)C1c2ccccc2C(=O)N1CCc1ccccn1,ChEMBL,CHEMBL2164394,,4.48148606,Train,0
FWKHYTJUMWATOO-UHFFFAOYSA-N,CC(CC(=O)O)c1cccc(-n2c(C(N)=O)cc3ccc(OC(F)(F)F)cc32)n1,ChEMBL,CHEMBL4215835,,4.48148606,Train,0
ICGMZCVSHDKQTE-UHFFFAOYSA-N,O=C(NCc1ccc(OC(F)(F)F)cc1)C1c2ccccc2C(=O)N1C1CCOCC1,ChEMBL,CHEMBL2164371,,4.48148606,Train,0
CKRWGBKIBACFNV-UHFFFAOYSA-N,Cc1cc2c(cc1CN(C)C)CCN(C(=O)c1cc3cc(Cl)ccc3n1C)C2,ChEMBL,CHEMBL3314362,,4.48148606,Train,0
ADTJNFNFTUUFIJ-UCFFOFKASA-N,O=C(NCc1ccc(OC(F)(F)F)cc1)C1c2ccccc2C(=O)N1C[C@@H]1CCCO1,ChEMBL,CHEMBL2164372,,4.48148606,Validation,0
UQCPFMDHAKQEAO-UHFFFAOYSA-N,O=C(NCc1ccc(OCC(F)(F)F)nc1)C1c2ccccc2C(=O)N1CCc1ccccn1,ChEMBL,CHEMBL2164395,,4.48148606,Train,0
VFJLUSQFBJYEIR-UHFFFAOYSA-N,O=C(c1ccccc1)c1ccccc1OCC(O)CN1CCC(N2C(=O)Cc3ccccc32)CC1,ChEMBL,CHEMBL3634328,,4.48148606,Train,0
AURQGFNAFLUKPW-UHFFFAOYSA-N,CN(C)Cc1ccc2c(c1)CCN(C(=O)c1cc3cc(Br)ncc3n1C)C2,ChEMBL,CHEMBL3314352,,4.48148606,Train,0
VIYGRMYFKBEEHI-UHFFFAOYSA-N,O=C(NCc1ccc(OC(F)(F)F)cc1)C1c2c(O)cccc2C(=O)N1CCc1ccccn1,ChEMBL,CHEMBL2164038,,4.48148606,Train,0
RTLVFTLHWCSMKT-UHFFFAOYSA-N,O=C(CN1CCN(c2cccc3c2cnn3-c2ccccc2F)C1=O)NC1CC1,ChEMBL,CHEMBL3799205,,4.48148606,Train,0
RAZOFRCGTLUGNK-UHFFFAOYSA-N,CC(C)(C)NC(=O)NCCN1CCC(CO)(CNC(=O)c2cc(Cl)cc(Cl)c2)CC1,ChEMBL,CHEMBL2337981,,4.48148606,Train,0
GSNJNJVRZJSKNQ-UHFFFAOYSA-N,O=C(NCc1ccccc1Br)C1c2ccccc2C(=O)N1CCc1ccccn1,PubChem,,60200915,4.48148606,Validation,0
WRMHMOIOLJMNFH-UHFFFAOYSA-N,O=C(NCc1ccc(OC(F)(F)F)cc1)C1c2ccccc2C(=O)N1CCOCC(F)(F)F,PubChem,,60201084,4.48148606,Validation,0
CLTDPAFURBFXKB-UHFFFAOYSA-N,O=C(NCc1ccc(OCCC(F)(F)F)nc1)C1c2ccccc2C(=O)N1CCc1ccccn1,PubChem,,44552634,4.48148606,Validation,0
VVMSTQZOIKYVBV-HNNXBMFYSA-N,O=C(CN1CCN(c2cccc3c2cnn3-c2ccccc2F)C1=O)N1CC[C@H](F)C1,PubChem,,118937760,4.48148606,Train,0
RLXGMHWKXRLKHB-RDJZCZTQSA-N,CC(C)(O)CC(=O)N1C[C@H]2CN(c3cccc4c3cnn4-c3ccccc3F)C(=O)[C@H]2C1,PubChem,,122513516,4.48148606,Train,0
WDZXHUWJTRJVTF-UHFFFAOYSA-N,O=C(CN1CCN(c2cccc3c2cnn3-c2ccccc2F)C1=O)N1CCCC1,PubChem,,118937903,4.48148606,Train,0
IVYACETTWFJKQK-IAGOWNOFSA-N,Cc1cc(-c2ccc(C(=O)[C@@H]3CCCC[C@H]3C(=O)Nc3cnn(C)c3S(N)(=O)=O)cc2)n[nH]1,PubChem,,122678192,4.48148606,Train,0
BMQWIMXUMVEYAP-WOJBJXKFSA-N,Cc1cc(-c2ccc(C(=O)[C@@H]3CCCC[C@H]3C(=O)Nc3cnn(C)c3C(=O)NOC(C)(C)C)cc2)n[nH]1,PubChem,,155559364,4.48148606,Train,0
AFOVOYRODSYDMK-UHFFFAOYSA-N,Cc1c(Cc2ccc(C(F)(F)F)nc2)c[nH]c1C(=O)NC1CC1,PubChem,,154699462,4.48148606,Train,0
SOEIDCOJJGHLKZ-UHFFFAOYSA-N,Cc1onc(-c2c(Cl)cccc2Cl)c1CC(=O)NCc1ccc(OCC(F)(F)F)nc1,PubChem,,53307604,4.480000159,Train,0
LNGDCWJHLCMDDN-UHFFFAOYSA-N,Cc1onc(-c2c(Cl)cncc2Cl)c1NC(=O)NCc1ccc(OC(C)C)nc1,PubChem,,56666584,4.480000159,Validation,0
VXMWDJDJGPLVJE-UHFFFAOYSA-N,Cc1onc(-c2c(Cl)cccc2Cl)c1CC(=O)NCc1ccc(-n2cccn2)cc1,PubChem,,56659661,4.480000159,Train,0
FGGFYAJILPGIFX-UHFFFAOYSA-N,Cc1cccc(C)c1-c1noc(C)c1N(C)C(=O)NCc1ccc(OC2CCOCC2)nc1,ChEMBL,CHEMBL1797404,,4.480000028,Train,0
BBXYEZZECJBDRM-UHFFFAOYSA-N,Cc1cccc(C)c1-c1noc(C)c1CC(=O)NCc1ccc(OCC(F)(F)F)nc1,ChEMBL,CHEMBL1797411,,4.480000028,Train,0
ZIBODPJERIUPEU-UHFFFAOYSA-N,Cc1onc(-c2c(Cl)cccc2Cl)c1NC(=O)NCc1ccc(-n2cccn2)cc1,ChEMBL,CHEMBL1797406,,4.480000028,Train,0
UIKFNFVOGNVNOT-UHFFFAOYSA-N,Cc1onc(-c2ccccc2Cl)c1N(C)C(=O)NCc1ccc(OC2CCOCC2)nc1,ChEMBL,CHEMBL1797403,,4.480000028,Train,0
BQCUXYRACVYLPD-UHFFFAOYSA-N,Cc1cccc(C)c1-c1noc(C)c1NC(=O)NCc1ccc(-n2cccn2)cc1,ChEMBL,CHEMBL1797407,,4.480000028,Train,0
UHEGDWIZAOPGIY-UHFFFAOYSA-N,NC(=O)c1ccc(Cc2ccccc2)cc1-c1cccc(CCC(=O)O)c1,PubChem,,121596332,4.477555767,Train,0
XURGDBWYPRLMBT-UHFFFAOYSA-N,N#Cc1cc(S(=O)(=O)Nc2ncns2)ccc1Oc1ccc(C(F)(F)F)cc1-c1ccnnc1,PubChem,,46841216,4.454470226,Train,0
QMSYRAZMYGWQJB-UHFFFAOYSA-N,NC1(Cc2nc(-c3ccc(OC(F)(F)F)cc3)c[nH]2)COC1,ChEMBL,CHEMBL4096468,,4.443697499,Validation,0
PVHUJELLJLJGLN-UHFFFAOYSA-N,CCOC(=O)C1=C(C)NC(C)=C(C(=O)OC)C1c1cccc([N+](=O)[O-])c1,PubChem,,4507,4.443697499,Validation,0
JMHYCBFEEFHTMK-PWGAQZMISA-N,COc1ccc(CCO[C@H]2CCCC[C@@H]2N2CC[C@@H](O)C2)cc1OC.Cl,ChEMBL,CHEMBL3916855,,4.438898616,Train,0
HYIMSNHJOBLJNT-UHFFFAOYSA-N,COC(=O)C1=C(C)NC(C)=C(C(=O)OC)C1c1ccccc1[N+](=O)[O-],ChEMBL,CHEMBL193,,4.431798276,Train,0
ZRJGMDIPCQOGNI-UHFFFAOYSA-N,COc1ccc(Cl)c(-c2ccc(NC(=O)c3ccnn3C)nc2N)c1,PubChem,,57582353,4.431798276,Train,0
JMHYCBFEEFHTMK-UVJOBNTFSA-N,COc1ccc(CCO[C@H]2CCCC[C@@H]2N2CC[C@H](O)C2)cc1OC.Cl,PubChem,,11463300,4.42945706,Validation,0
ZGWFPYHTAGTHNT-VVNVTDAASA-N,CC[C@H](C)[C@@H]1NC(=O)[C@@H]2CSSC[C@@H]3NC(=O)[C@H](C(C)C)NC(=O)[C@H](CC(C)C)NC(=O)[C@H](CC(N)=O)NC(=O)[C@@H]4CCCN4C(=O)[C@H](CCCNC(=N)N)NC(=O)[C@H](CSSC[C@H](NC(=O)[C@@H](N)CC(=O)O)C(=O)N[C@@H](CC(C)C)C(=O)NCC(=O)N[C@@H](Cc4ccccc4)C(=O)N[C@@H](CCSC)C(=O)N[C@@H](CCCNC(=N)N)C(=O)N[C@@H](CCCCN)C(=O)N2)NC(=O)[C@H](CSSC[C@@H](C(=O)N[C@@H](CCCCN)C(=O)N[C@@H](Cc2ccc(O)cc2)C(=O)N[C@H](C(=O)N[C@@H](Cc2ccccc2)C(N)=O)C(C)C)NC(=O)[C@H](Cc2c[nH]c4ccccc24)NC(=O)[C@H](CC(=O)O)NC(=O)[C@H](Cc2cnc[nH]2)NC(=O)[C@H]([C@@H](C)O)NC(=O)[C@H](CCCNC(=N)N)NC(=O)[C@H](CO)NC3=O)NC(=O)[C@H](CCCCN)NC(=O)[C@H](CC(=O)O)NC(=O)[C@H](CC(N)=O)NC(=O)[C@H](CC(=O)O)NC(=O)[C@@H]2CCCN2C1=O,ChEMBL,CHEMBL3799379,,4.42136079,Train,0
WNTURYBMEBLEJN-UHFFFAOYSA-N,O=C1c2ccccc2CN1C1CCN(CC(O)COc2ccccc2)CC1,PubChem,,122196021,4.420216403,Train,0
CJOFXWAVKWHTFT-XSFVSMFZSA-N,COCCCC/C(=N\OCCN)c1ccc(C(F)(F)F)cc1,ChEMBL,CHEMBL814,,4.404503778,Validation,0
CJBJHOAVZSMMDJ-HEXNFIEUSA-N,CC(C)CN(C[C@@H](O)[C@H](Cc1ccccc1)NC(=O)O[C@H]1CO[C@H]2OCC[C@@H]12)S(=O)(=O)c1ccc(N)cc1,PubChem,,213039,4.400000186,Train,0
WINHZLLDWRZWRT-ATVHPVEESA-N,CCN(CC)CCNC(=O)c1c(C)[nH]c(/C=C2\C(=O)Nc3ccc(F)cc32)c1C,ChEMBL,CHEMBL535,,4.399999968,Train,0
PYZRQGJRPPTADH-UHFFFAOYSA-N,Nc1nnc(-c2cccc(Cl)c2Cl)c(N)n1,ChEMBL,CHEMBL741,,4.399999968,Train,0
CPDKCWNAYYOWLG-VWLOTQADSA-N,C[C@H](NC(=O)c1c(CN2CCC(N3CCCCC3)CC2)c(-c2cccc(C(F)(F)F)c2)nc2ccccc12)c1ccccc1,PubChem,,137647980,4.397940009,Validation,0
NCYAOGNZTIDLCT-ABAIWWIYSA-N,Cn1nccc1[C@H]1CCCC[C@@H]1Oc1cc(F)c(S(=O)(=O)Nc2ncns2)cc1F,PubChem,,89963239,4.397940009,Train,0
ZZVUWRFHKOJYTH-UHFFFAOYSA-N,CN(C)CCOC(c1ccccc1)c1ccccc1,ChEMBL,CHEMBL657,,4.387216143,Train,0
SGTNSNPWRIOYBX-UHFFFAOYSA-N,COc1ccc(CCN(C)CCCC(C#N)(c2ccc(OC)c(OC)c2)C(C)C)cc1OC,ChEMBL,CHEMBL6966,,4.381951903,Train,0
SFSLHKNGLMRBTO-ZETCQYMHSA-N,C[C@H](NC(=O)c1cc(C(F)(F)F)nn1C)c1nc(-c2ccnc(C(F)(F)F)c2)no1,ChEMBL,CHEMBL4741793,,4.37675071,Validation,0
PGJCCDDVYSTICD-UHFFFAOYSA-N,CC(C)COc1ncc(-c2ccc(C(=O)NS(C)(=O)=O)cc2C2=CCOC2)cc1Cl,ChEMBL,CHEMBL4517426,,4.37675071,Train,0
VBMRMFFQPCIXEU-SLXFGWRHSA-N,N#Cc1ccc([C@H](C(=O)NCC2CC2)N2CC3CCC(C2)N3C(=O)c2cc(F)ccc2F)cc1,ChEMBL,CHEMBL4283876,,4.37675071,Train,0
WIWHRSVNWQQXEW-UHFFFAOYSA-N,CS(=O)(=O)NC(=O)c1cc(F)c(-c2ccc(Cl)c(Cl)c2)cc1F,PubChem,,155517299,4.37675071,Train,0
OANGKKPLBYQNSA-UHFFFAOYSA-N,CS(=O)(=O)NC(=O)c1ccc(-c2ccc(Cl)c(Cl)c2)cc1,PubChem,,155558045,4.37675071,Train,0
PKVNQSWFNLYRTM-KXTRFFEISA-N,N#Cc1ccc([C@H](C(=O)NCC2CC2)N2CC3CCC(C2)N3C(=O)c2cc(F)cc(F)c2)cc1,PubChem,,145988718,4.37675071,Train,0
ARJLZIQJKVTPEU-UHFFFAOYSA-N,N#Cc1cc(S(=O)(=O)Nc2ncns2)ccc1Oc1ccc(C(F)(F)F)cc1-c1cccnn1,PubChem,,71716821,4.359528501,Validation,0
YKFSMOUFOXUQLG-UHFFFAOYSA-N,Cc1ccc(Nc2nc(C(=O)N3CCCC(C)C3C)cs2)cc1,ChEMBL,CHEMBL2418806,,4.301029996,Train,0
VLPIATFUUWWMKC-UHFFFAOYSA-N,Cc1cccc(C)c1OCC(C)N,ChEMBL,CHEMBL558,,4.296708622,Train,0
YNUAEEJQYHYLMS-UHFFFAOYSA-N,O=C1c2cc(-c3ccc(OC(F)(F)F)cc3)ccc2OCCN1Cc1ncccn1,PubChem,,71183216,4.283996656,Train,0
VSPBUXMHBOITMH-HLRBRJAUSA-N,CN(C)C(=O)[C@@H](c1ccc(-c2ccn3nccc3n2)cc1)[C@H](N)C(=O)N1CCC(F)(F)C1.O=C(O)C(F)(F)F,PubChem,,11541314,4.22184875,Validation,0
PGAPJRVJNZPHAS-ABAIWWIYSA-N,Cn1nccc1[C@H]1CCC[C@@H]1Oc1cc(F)c(S(=O)(=O)Nc2nccs2)cc1F,PubChem,,71660879,4.200659451,Train,0
PNCPYILNMDWPEY-QGZVFWFLSA-N,C[C@H](Cc1cc2c(c(C(N)=O)c1)N(CCCO)CC2)NCCOc1ccccc1OCC(F)(F)F,ChEMBL,CHEMBL24778,,4.200000031,Train,0
WWJPTIQVZZTQLJ-UHFFFAOYSA-N,COc1ccccc1OCC(O)CN1CCC(N2Cc3ccccc3C2=O)CC1,ChEMBL,CHEMBL3634334,,4.113509275,Train,0
BOFQWVMAQOTZIW-UHFFFAOYSA-N,O=C(O)c1ccc(-n2nc(-c3ccccc3O)nc2-c2ccccc2O)cc1,ChEMBL,CHEMBL550348,,4.100000019,Train,0
QAGYKUNXZHXKMR-HKWSIXNMSA-N,Cc1c(O)cccc1C(=O)N[C@@H](CSc1ccccc1)[C@H](O)CN1C[C@H]2CCCC[C@H]2C[C@H]1C(=O)NC(C)(C)C,ChEMBL,CHEMBL584,,4.100000019,Validation,0
DKNDOKIVCXTFHJ-HNNXBMFYSA-N,CC1(C)C[C@@H](CN2CCC(F)(CNC(=O)c3cc(Cl)cc(Cl)c3)CC2)CCO1,PubChem,,24893979,4.075720714,Train,0
JESCETIFNOFKEU-SJORKVTESA-N,NC(=O)[C@@H]1CC[C@H](c2ccc(OCc3ccccc3F)cc2)N1,PubChem,,16046068,4.075720714,Train,0
WMJRYBDMGFCCAB-OCCSQVGLSA-N,Cn1nccc1[C@H]1CCC[C@@H]1Oc1ccc(S(=O)(=O)Nc2ccncn2)c(F)c1F,PubChem,,89963414,4.075720714,Train,0
OJKONCJPCULNOW-DYVFJYSZSA-N,Cn1nccc1[C@H]1CCCC[C@@H]1Oc1cc(F)c(S(=O)(=O)Nc2ccncn2)cc1Cl,ChEMBL,CHEMBL4633566,,4.031517051,Train,0
NEBBLFXFQXPNBT-BEFAXECRSA-N,Cn1nccc1[C@H]1CCCCC[C@@H]1Oc1cc(F)c(S(=O)(=O)Nc2ccncn2)c(F)c1,ChEMBL,CHEMBL4642940,,4.017728767,Train,0
RVWHUGYOAUGVAQ-HLRBRJAUSA-N,CN(C)C(=O)[C@@H](c1ccc(-c2ccn3ncnc3c2)cc1)[C@H](N)C(=O)N1CCC(F)(F)C1.O=C(O)C(F)(F)F,ChEMBL,CHEMBL210829,,4,Train,0
RBAHIIPVJVMACF-UHFFFAOYSA-N,Cc1cc(Oc2cncnc2)cc(C(=O)Nc2ccc(F)cn2)n1,ChEMBL,CHEMBL2386850,,4,Train,0
IRQSLZMCJNUIOZ-ILJMKYQKSA-N,N#Cc1ccc(O[C@@H]2[C@H]3[C@@H]4C[C@@H](CC4=O)[C@H]3C[C@H]2N2CCC[C@@H](N)C2)cc1,ChEMBL,CHEMBL4129805,,4,Train,0
PFLFNIHOSXRMGE-WQMAJOMYSA-N,C[C@]12CC[C@@H](O)C[C@H]1C[C@@H](N1CCC[C@@H](N)C1)[C@@H]2Oc1ccc(C#N)cc1,ChEMBL,CHEMBL4125756,,4,Train,0
HKJLEAVBPICPPH-JQWYQIDTSA-N,CC1(O)CC[C@@]2(C)[C@H](C[C@@H](N3CCC[C@@H](N)C3)[C@@H]2Oc2ccc(C#N)cc2)C1,ChEMBL,CHEMBL4126938,,4,Train,0
ZHFFQIKHYAWUBX-OAIGWWADSA-N,N#Cc1ccc(O[C@@H]2[C@@H]3CC(=O)[C@@H]3C[C@H]2N2CCC[C@@H](N)C2)cc1,ChEMBL,CHEMBL4130214,,4,Train,0
XPSAGIQSESMIJK-UHFFFAOYSA-N,CCn1cnc2c(-c3ccc(F)c(-c4cc5c(cc4OC)C(=O)N(C)C5)c3)cnnc21,ChEMBL,CHEMBL4545044,,4,Train,0
MLKTVWCOIHPLFI-HLRBRJAUSA-N,CN(C)C(=O)[C@@H](c1ccc(-c2ccc3ncnn3c2)cc1)[C@H](N)C(=O)N1CCC(F)(F)C1.O=C(O)C(F)(F)F,ChEMBL,CHEMBL209064,,4,Train,0
VQECILSOQQFMKP-UHFFFAOYSA-N,COc1ccc2ncc(=O)n(CCN3CCC(NCc4ccc5c(n4)NC(=O)CO5)CC3)c2c1,ChEMBL,CHEMBL2165063,,4,Train,0
GHOSFOBBUGQTRM-WBMJQRKESA-N,Cn1nccc1[C@H]1CCC[C@@H]1Oc1cc(F)c(S(=O)(=O)Nc2ccncn2)cc1F,ChEMBL,CHEMBL4642726,,4,Validation,0
JHSOBKSPKNURCU-WBMJQRKESA-N,Cn1nccc1[C@H]1CCCC[C@@H]1Oc1cc(F)c(S(=O)(=O)Nc2cscn2)cc1F,ChEMBL,CHEMBL4635030,,4,Train,0
PDNOJYMMZNQRJD-KDOFPFPSSA-N,Cn1nccc1[C@H]1CCCC[C@@H]1Oc1cc(F)c(S(=O)(=O)Nc2ccncn2)c(F)c1,ChEMBL,CHEMBL4648397,,4,Validation,0
GNEIAVSENMALRU-DYVFJYSZSA-N,Cn1nccc1[C@H]1CCC[C@@H]1Oc1cc(F)c(S(=O)(=O)Nc2ccncn2)c(F)c1,ChEMBL,CHEMBL4645788,,4,Train,0
ZVPSWCAUXFLKFN-PBHICJAKSA-N,Cc1cc(S(=O)(=O)Nc2ccncn2)c(F)cc1O[C@H]1CCC[C@@H]1c1ccnn1C,ChEMBL,CHEMBL4637488,,4,Train,0
DECIONKKGDACND-UQIIZPHYSA-N,CN1Cc2ccccc2[C@@H](c2ccc(F)cc2F)N=C1CCc1ccc(NS(C)(=O)=O)cc1.Cl,PubChem,,70697529,4,Train,0
DECIONKKGDACND-VQIWEWKSSA-N,CN1Cc2ccccc2[C@H](c2ccc(F)cc2F)N=C1CCc1ccc(NS(C)(=O)=O)cc1.Cl,PubChem,,54580954,4,Train,0
FQUAFMNPXPXOJE-UHFFFAOYSA-N,COc1ccc(S(=O)(=O)Nc2c(C)cc(C)cc2C)cc1,PubChem,,743974,4,Train,0
PTFOPJRHJXMKQL-UHFFFAOYSA-N,O=S(=O)(Nc1ccc(C(F)(F)F)nc1)c1ccccc1C(F)(F)F,PubChem,,118917669,4,Validation,0
SGBPAAQZMAQDKI-GOKWSCARSA-N,CN(C)C(=O)/C=C1\CC[C@@]2(C)[C@@H](C1)C[C@@H](N1CCC[C@@H](N)C1)[C@@H]2Oc1ccc(C#N)cc1,PubChem,,145955642,4,Train,0
PFLFNIHOSXRMGE-ISYHVGNFSA-N,C[C@]12CC[C@H](O)C[C@H]1C[C@@H](N1CCC[C@@H](N)C1)[C@@H]2Oc1ccc(C#N)cc1,PubChem,,145963706,4,Train,0
QSAZIXCMYAOKGL-JQLJIJSLSA-N,N#Cc1ccc(O[C@@H]2[C@@H]3CCC(=O)[C@@H]3C[C@H]2N2CCC[C@@H](N)C2)cc1,PubChem,,145962956,4,Train,0
ZHIVJKLMVJUNNQ-YHXSNJQLSA-N,C[C@@]12CCC(=O)C[C@@H]1C[C@@H](N1CCC[C@@H](N)C1)[C@@H]2Oc1ccc(C#N)cc1,PubChem,,145963172,4,Train,0
PTTQXDBPTFOCMT-UHFFFAOYSA-N,CCn1cnc2c(-c3ccc(F)c(-c4ccc(S(=O)(=O)CC)cc4OC)c3)cnnc21,PubChem,,76287260,4,Train,0
IQETYCXHLGJUJR-WBMJQRKESA-N,Cn1nccc1[C@H]1CCC[C@@H]1Oc1cc(F)c(S(=O)(=O)Nc2ccncn2)cc1Cl,PubChem,,89963023,4,Train,0
SYVURMUJRIEXKO-QAPCUYQASA-N,Cc1cc(S(=O)(=O)Nc2ccncn2)c(F)cc1O[C@H]1CCCC[C@@H]1c1ccnn1C,PubChem,,89963585,4,Train,0
CEHAIZRVGILZFK-DYVFJYSZSA-N,Cn1nccc1[C@H]1CCCC[C@@H]1Oc1cc(F)c(S(=O)(=O)Nc2ccncn2)cc1F,PubChem,,71711783,4,Train,0
WGLIKNZYPIHIIX-ABAIWWIYSA-N,Cc1nsc(NS(=O)(=O)c2cc(F)c(O[C@H]3CCC[C@@H]3c3ccnn3C)cc2F)n1,PubChem,,156017162,4,Train,0
QWVOWTQCAWDAIT-LVEBQJTPSA-N,COc1ccc2ncc(F)c(CC[C@@]3(O)CO[C@@H]4[C@@H](NCc5cc6c(cn5)OCCO6)CO[C@@H]43)c2n1,ChEMBL,CHEMBL4788651,,4,Validation,0
RAPZEAPATHNIPO-UHFFFAOYSA-N,Cc1nc2n(c(=O)c1CCN1CCC(c3noc4cc(F)ccc34)CC1)CCCC2,PubChem,,5073,3.991399828,Train,0
NNJVILVZKWQKPM-UHFFFAOYSA-N,CCN(CC)CC(=O)Nc1c(C)cccc1C,PubChem,,3676,3.966576245,Train,0
BSGONBKDBGMBNS-RNCYCKTQSA-N,CN1Cc2ccccc2[C@@H](c2ccccc2)N=C1OCc1ccc(NS(C)(=O)=O)cc1.O=C(O)/C=C/C(=O)O,ChEMBL,CHEMBL1788206,,3.899629455,Validation,0
WWFCNKUCFKPXRI-UHFFFAOYSA-N,Cc1noc(Cn2nc3ccc(-c4ccc(Oc5ccc(Cl)cc5)cc4)cn3c2=O)n1,ChEMBL,CHEMBL2147142,,3.872895202,Train,0
WOXKDUGGOYFFRN-IIBYNOLFSA-N,CN1CC(=O)N2[C@H](Cc3c([nH]c4ccccc34)[C@H]2c2ccc3c(c2)OCO3)C1=O,ChEMBL,CHEMBL779,,3.847128105,Train,0
SVOQIEJWJCQGDQ-UHFFFAOYSA-N,Cc1ccc(-n2[nH]c(C)c(N=Nc3cccc(-c4cccc(C(=O)O)c4)c3O)c2=O)cc1C,PubChem,,135449332,3.800000875,Train,0
PMXMIIMHBWHSKN-UHFFFAOYSA-N,Cc1nc2n(c(=O)c1CCN1CCC(c3noc4cc(F)ccc34)CC1)CCCC2O,ChEMBL,CHEMBL1621,,3.799999998,Train,0
SECKRCOLJRRGGV-UHFFFAOYSA-N,CCCc1nc(C)c2c(=O)nc(-c3cc(S(=O)(=O)N4CCN(CC)CC4)ccc3OCC)[nH]n12,ChEMBL,CHEMBL1520,,3.700000003,Validation,0
WNMJYKCGWZFFKR-UHFFFAOYSA-N,COc1cc2nc(N(C)CCCNC(=O)C3CCCO3)nc(N)c2cc1OC,ChEMBL,CHEMBL709,,3.700000003,Train,0
KYYIDSXMWOZKMP-UHFFFAOYSA-N,CN(C)CC(c1ccc(O)cc1)C1(O)CCCCC1,ChEMBL,CHEMBL1118,,3.700000003,Validation,0
HKVAMNSJSFKALM-FESMRNBOSA-N,CO[C@H]1C[C@@H]2CC[C@@H](C)[C@@](O)(O2)C(=O)C(=O)N2CCCC[C@H]2C(=O)O[C@H]([C@H](C)C[C@@H]2CC[C@@H](OCCO)[C@H](OC)C2)CC(=O)[C@H](C)/C=C(\C)[C@@H](O)[C@@H](OC)C(=O)[C@H](C)C[C@H](C)/C=C/C=C/C=C/1C,PubChem,,60150250,3.700000003,,0
CYVQWKYIMKBUQR-UHFFFAOYSA-N,Cc1noc(Cn2nc3ccc(-c4ccc(Oc5ccc(F)cc5)cc4)cn3c2=O)n1,PubChem,,56596475,3.66756154,Validation,0
FABPRXSRWADJSP-MEDUHNTESA-N,COc1c(N2C[C@@H]3CCCN[C@@H]3C2)c(F)cc2c(=O)c(C(=O)O)cn(C3CC3)c12,ChEMBL,CHEMBL32,,3.600000005,Train,0
UPNUIXSCZBYVBB-JVFUWBCBSA-N,C[C@H]1CN(C[C@H](Cc2ccccc2)C(=O)NCC(=O)O)CC[C@@]1(C)c1cccc(O)c1,PubChem,,5488548,3.599999383,Train,0
ZHIVJKLMVJUNNQ-HFQQBTNDSA-N,C[C@]12CCC(=O)C[C@H]1C[C@@H](N1CCC[C@@H](N)C1)[C@@H]2Oc1ccc(C#N)cc1,ChEMBL,CHEMBL4127600,,3.522878745,Validation,0
IXTMWRCNAAVVAI-UHFFFAOYSA-N,CN(CCOc1ccc(NS(C)(=O)=O)cc1)CCc1ccc(NS(C)(=O)=O)cc1,ChEMBL,CHEMBL473,,3.499999995,Train,0
HXCSDXBLCTUKEB-RJYAGPCLSA-N,COc1cnc2ccc(=O)n(C[C@H](N)[C@H]3CC[C@H](NCc4ccc5c(n4)NC(=O)CO5)CC3)c2c1,PubChem,,46205341,3.477555767,Train,0
PIVJTBXDGKAQQI-BCLQGDPASA-N,N[C@@H](Cn1c(=O)cnc2ccc(F)cc21)C1CCC(NCc2ncc3c(n2)NC(=O)CO3)CC1,PubChem,,46206000,3.477555767,Train,0
ZBNZXTGUTAYRHI-UHFFFAOYSA-N,Cc1nc(Nc2ncc(C(=O)Nc3c(C)cccc3Cl)s2)cc(N2CCN(CCO)CC2)n1,ChEMBL,CHEMBL1421,,3.400000001,Train,0
PYGWGZALEOIKDF-UHFFFAOYSA-N,Cc1cc(C#N)cc(C)c1Oc1nc(Nc2ccc(C#N)cc2)nc(N)c1Br,ChEMBL,CHEMBL308954,,3.300000003,Train,0
VPPJLAIAVCUEMN-GFCCVEGCSA-N,COC[C@@H](NC(C)=O)C(=O)NCc1ccccc1,ChEMBL,CHEMBL58323,,3.300000003,Train,0
FVWAVLHWMKAFBA-UHFFFAOYSA-N,Cc1nc(Cn2nc3ccc(-c4ccc(Oc5ccc(F)cc5)cc4)cn3c2=O)no1,ChEMBL,CHEMBL3809744,,3.266802735,Train,0
GSNHKUDZZFZSJB-HLMSNRGBSA-N,Cc1nnc(C(C)C)n1C1C[C@@H]2CC[C@H](C1)N2CC[C@H](NC(=O)C1CCC(F)(F)CC1)c1ccccc1,PubChem,,3002977,3.200000237,Validation,0
MFFMDFFZMYYVKS-SECBINFHSA-N,N[C@@H](CC(=O)N1CCn2c(nnc2C(F)(F)F)C1)Cc1cc(F)c(F)cc1F,ChEMBL,CHEMBL1422,,3.147128107,Train,0
DTAYFBAOZRTZFV-UHFFFAOYSA-N,O=c1n(Cc2noc(CO)n2)nc2ccc(-c3ccc(Oc4ccc(F)cc4)cc3)cn12,ChEMBL,CHEMBL3810356,,3.008330993,Train,0
OUJTZYPIHDYQMC-LJQANCHMSA-N,COC(c1ccccc1)(c1ccccc1)[C@H](Oc1nc(C)cc(C)n1)C(=O)O,ChEMBL,CHEMBL1111,,2.900000001,Train,0
BNRNXUUZRGQAQC-UHFFFAOYSA-N,CCCc1nn(C)c2c(=O)[nH]c(-c3cc(S(=O)(=O)N4CCN(C)CC4)ccc3OCC)nc12,ChEMBL,CHEMBL192,,2.900000001,Train,0
AVAACINZEOAHHE-VFZPANTDSA-N,C[C@@H](O)[C@H]1C(=O)N2C(C(=O)O)=C(S[C@@H]3CN[C@H](CNS(N)(=O)=O)C3)[C@H](C)[C@H]12,ChEMBL,CHEMBL491571,,2.800000001,Train,0
CZFFBEXEKNGXKS-UHFFFAOYSA-N,Cc1nnc(C(=O)NC(C)(C)c2nc(C(=O)NCc3ccc(F)cc3)c(O)c(=O)n2C)o1,ChEMBL,CHEMBL254316,,2.800000001,Train,0
IQFYYKKMVGJFEH-CSMHCCOUSA-N,Cc1cn([C@@H]2C[C@@H](O)[C@H](CO)O2)c(=O)[nH]c1=O,ChEMBL,CHEMBL374731,,2.5,Train,0
BCFGMOOMADDAQU-UHFFFAOYSA-N,CS(=O)(=O)CCNCc1ccc(-c2ccc3ncnc(Nc4ccc(OCc5cccc(F)c5)c(Cl)c4)c3c2)o1,ChEMBL,CHEMBL554,,2.5,Train,0
HHZIURLSWUIHRB-UHFFFAOYSA-N,Cc1cn(-c2cc(NC(=O)c3ccc(C)c(Nc4nccc(-c5cccnc5)n4)c3)cc(C(F)(F)F)c2)cn1,ChEMBL,CHEMBL255863,,2.3,Train,0
